time_s,phase,policy,spin_policy_loaded,x_m,y_m,trunk_z_m,forward_mps,lateral_mps,planar_speed_mps,jaw_z_m,head_pitch_rad,yaw_rate_radps,yaw_delta_deg,upright_score
0.0,settle,walking,True,-1.8000508072430308,-0.65005543104513,0.13852832073769614,-0.003242097545525015,-0.004730662812328435,0.00573501239219642,0.2510943633040576,0.35056192007883846,0.2315130758705035,0.17744450058845446,0.9999871850013733
0.02,settle,walking,True,-1.800109074765085,-0.650209256651242,0.13762434234109286,-0.0006395152027248315,-0.009747726265837312,0.00976868195040717,0.25026226449830996,0.3503730618291564,0.326148349988744,0.5158834192658556,0.9998056888580322
0.04,settle,walking,True,-1.7999947980225852,-0.6504264284799757,0.13550654032941373,0.016179087326753307,-0.011331999822641221,0.019752900716275827,0.24809013102327626,0.3452573931026519,0.30891658360083546,0.848450266064897,0.9992592334747314
0.06,settle,walking,True,-1.7996150328572489,-0.6505513428616956,0.13229110405005381,0.032703111725636676,-0.005649194380253691,0.03318745114776615,0.24465948289563397,0.33516716016824893,0.28716370932046326,1.2083038195593403,0.9983639717102051
0.08,settle,walking,True,-1.7991177908006806,-0.6505042658847884,0.1283815985539504,0.041858635823770834,0.0027611401911340513,0.04194960414809855,0.24043762942390598,0.3228342858191362,0.11722645242297625,1.4209548884091587,0.9972734451293945
0.1,settle,walking,True,-1.7987943117823453,-0.6505714697364393,0.12449517552619882,0.02887293472773666,-0.009206414835173506,0.03030518823418598,0.23620406131826135,0.3124672108613949,-0.3932728220761582,1.1423174989448124,0.9962422251701355
0.12,settle,walking,True,-1.7985910969149306,-0.65073341773882,0.12107634460318198,0.02451056698121877,-0.010845906632581214,0.026803014465232842,0.2325711549846723,0.30657863655565254,-0.416024367192258,0.6615008139236708,0.9954997301101685
0.14,settle,walking,True,-1.7983873110523092,-0.650868089412419,0.11850942143136149,0.0241256004037886,-0.004125465549742395,0.024475785193643858,0.22989654879462218,0.3055407465406643,-0.17167059980760582,0.3155972051956365,0.9951348900794983
0.16,settle,walking,True,-1.7981628553030373,-0.6509337866276217,0.11699285264950114,0.01565119887176786,-0.0039052647673063095,0.016131060691299614,0.2283429937791614,0.30827421793066073,-0.06375422784831003,0.18569498845711419,0.9950920939445496
0.18,settle,walking,True,-1.7979972316493689,-0.6509693218523936,0.11645186401568769,0.008497589700339259,-0.0011265061656408472,0.00857193367079673,0.22790629722189706,0.31386525301262047,0.06582046553458526,0.2058758053993855,0.9952611327171326
0.2,settle,walking,True,-1.7978903751140325,-0.6509617185323745,0.11660677624587734,0.002522619945824222,0.0013701572550543547,0.0028707041461370213,0.22826149369898133,0.32095482982557894,0.15081003006994298,0.34334060176318654,0.9955434203147888
0.22,settle,walking,True,-1.7978497000178382,-0.6509138507948103,0.11720105906552507,-0.0021813099537681775,0.003802233874819233,0.00438350265806136,0.22909826429133345,0.32819578408766764,0.18293455127550992,0.5381515372761236,0.9958482980728149
0.24,settle,walking,True,-1.7978521847355622,-0.6508226711433138,0.11801248412626159,-0.003991145112553626,0.006248188371433319,0.007414114730321837,0.23015049471127225,0.33436666251393754,0.17857349082204788,0.7439790242067493,0.9961168766021729
0.26,settle,walking,True,-1.7978483349846959,-0.6506862858127215,0.11887371342826954,-0.0025723498964455326,0.008543161409266765,0.00892202840471427,0.23121732200351636,0.33861434991669864,0.15018381742938802,0.9273111918697233,0.9963340163230896
0.28,settle,walking,True,-1.797792601516015,-0.6505073074883573,0.11967297100320468,0.0012314617461019423,0.01046134347679886,0.010533575146723666,0.23216895830015163,0.3405815087898718,0.11147472497547413,1.0705885809034292,0.9965118765830994
0.3,settle,walking,True,-1.7976599352239364,-0.6502984248674438,0.1203523058046936,0.005864382938269385,0.011331197190172324,0.012758801550664318,0.23294148224385952,0.3408758670304099,0.07186945611253351,1.1683046174634302,0.9966685771942139
0.32,settle,walking,True,-1.7974629567146447,-0.6500857256010797,0.12089196836925968,0.009231269739656158,0.01089336733074995,0.014278718178076832,0.2335304199977607,0.34048438328573866,0.04808454085459321,1.23221979117698,0.9968159794807434
0.34,settle,walking,True,-1.797211302283942,-0.6498820207068905,0.1212863945301084,0.01251248224186864,0.010099682683612096,0.016079981410521967,0.23394531585771794,0.3393518882278235,0.023250139247568774,1.2676096329592905,0.9969621300697327
0.36,settle,walking,True,-1.7969049431367874,-0.6496932390654154,0.12154888109916112,0.01570974276594877,0.009057832986762698,0.01813395588911493,0.23421047458619654,0.3376145739719242,-0.0015106203318676374,1.2741796875979183,0.9971179366111755
0.38,settle,walking,True,-1.7965495001273724,-0.6495335728808822,0.12170917090348977,0.01826300813908713,0.00708991314943617,0.01959092480601441,0.23435737776599952,0.33555375004595617,-0.020608786251693306,1.255783801953561,0.9972785115242004
0.4,settle,walking,True,-1.7961686280777833,-0.6494172917327283,0.12179164839716955,0.019192502312027765,0.004693841451766731,0.019758144967873748,0.23441933448701802,0.33346614203494307,-0.02619750090027974,1.2256290120859137,0.9974310994148254
0.42,settle,walking,True,-1.7957725870181123,-0.6493407431620378,0.12181105495149289,0.02008998407316623,0.0028279896380757207,0.020288050311775562,0.23441686069557174,0.3315788113045981,-0.03325015313873603,1.1881189679178161,0.9975718259811401
0.44,settle,walking,True,-1.795362594428496,-0.6492939459238535,0.1217833838153261,0.0208447665186693,0.0014424024893443497,0.020894612132296292,0.23436776932896275,0.3300201723310665,-0.03894969641163645,1.1427209883192984,0.9977061152458191
0.46,settle,walking,True,-1.7949450956621382,-0.6492769196504111,0.12172902346631585,0.02101429892622769,-0.00027551662374860535,0.02101610498572026,0.2342914294998854,0.32880143652624094,-0.03284718562141454,1.099153897519545,0.9978321194648743
0.48,settle,walking,True,-1.7945243442138903,-0.649292615225501,0.12166173032374479,0.02129675007971379,-0.0017123023996169701,0.02136547550291178,0.23420591087803008,0.3278896492354537,-0.02462819963447943,1.0653519657862327,0.9979425668716431
0.5,settle,walking,True,-1.794096250108896,-0.6493277162385469,0.12158650062851808,0.02145001535795137,-0.002369317449888521,0.021580473211556227,0.23411477844596487,0.3272556622054858,-0.020027167050227525,1.038972071926251,0.9980442523956299
0.52,settle,walking,True,-1.7936768764214492,-0.6493698204899137,0.12151132324631489,0.02094572706191798,-0.0025754851868457214,0.021103473792246263,0.2340272205024836,0.3268351503978399,-0.015228911002274673,1.018105121598199,0.9981339573860168
0.54,settle,walking,True,-1.7932604387562192,-0.6494115314362716,0.12143385358888613,0.02099461675297661,-0.002436489780695208,0.021135524953400098,0.23394051016165146,0.3265879920148727,-0.013425243774752505,1.0004318043934983,0.9982172250747681
0.56,settle,walking,True,-1.7928516029822137,-0.6494415836190408,0.12135664018708797,0.020369297184671488,-0.00156558302256453,0.020429373901272845,0.233855307179613,0.32646313734947374,-0.024360192090821523,0.9761153116322847,0.9983004331588745
0.58,settle,walking,True,-1.7924519231829934,-0.6494568712757806,0.12128344780908773,0.019945868049474725,-0.0009994851348341044,0.019970894391133587,0.23377370937962214,0.32640099521647326,-0.030835244758743434,0.9411363052434027,0.9983824491500854
0.6,settle,walking,True,-1.792057270598044,-0.649462963247715,0.12121560419159794,0.019833135742734036,-0.0004583284900201547,0.019838430845066313,0.23369816130782184,0.3263517628431601,-0.03119386419700826,0.9037945867365335,0.9984648823738098
0.62,settle,walking,True,-1.7916596604963164,-0.6494568493926705,0.12114937078790354,0.02016093178738468,0.00020568318611739357,0.02016198095695533,0.23362392905504611,0.32630428626068253,-0.030478293024400645,0.866749030141791,0.9985525012016296
0.64,settle,walking,True,-1.7912483313794847,-0.6494367385121674,0.12108281824332003,0.021102563162323625,0.0009233862242111212,0.021122755836749163,0.23354851348626984,0.32625717040357893,-0.030469207540963657,0.8297530413891263,0.9986486434936523
0.66,settle,walking,True,-1.7908290339465516,-0.6494043708641429,0.12102167699365396,0.02109150440624951,0.0016351741640892967,0.02115479502774129,0.233474439205247,0.32620967698375714,-0.02289833429952254,0.7995519268666197,0.9987512230873108
0.68,settle,walking,True,-1.7904030467961034,-0.6493538574121621,0.12096465657075497,0.02166008619958136,0.0024015862249264987,0.02179281878438518,0.23340539230504181,0.3261605379261993,-0.023754233683230097,0.7700707400547284,0.9988529682159424
0.7000000000000001,settle,walking,True,-1.789961055688073,-0.6492980185706001,0.12091096935951808,0.022601783253419324,0.002498511314146217,0.02273946272499557,0.23333899863276064,0.3261101588238229,-0.021395505174092937,0.7417236394836233,0.9989547729492188
0.72,settle,walking,True,-1.7894951541213546,-0.6492388787558463,0.12085302428662219,0.023749205368895382,0.002809494649105127,0.023914807459758474,0.23326862376743784,0.32605899410138606,-0.021613615632053534,0.7161724255096864,0.9990570545196533
0.74,settle,walking,True,-1.789021890147296,-0.6491716878914291,0.12079205228921723,0.023789247556348526,0.003022838397240905,0.023980530671214684,0.2331942305838643,0.3260089220616422,-0.018080740663949924,0.6890327426720246,0.9991549253463745
0.76,settle,walking,True,-1.7885406631069496,-0.6490981825373713,0.12072955080428627,0.02444592308188555,0.003540537420754903,0.0247009829875904,0.23311614693063706,0.32595267272218736,-0.019847990917744727,0.6655945865601588,0.9992456436157227
0.78,settle,walking,True,-1.7880395478360895,-0.6490203307312099,0.12067321293081124,0.025631154276176942,0.0035859686582379187,0.025880789028680098,0.23304432596266433,0.3258784552106389,-0.02613291590947083,0.6352880569155467,0.9993290901184082
0.8,long_approach,walking,True,-1.787506117768405,-0.6489414267236377,0.12060888485501854,0.02754963697611207,0.0036213135462235977,0.0277866228483352,0.23296705849545063,0.3258016454834696,-0.03076134851743112,0.5990524596112746,0.9994086027145386
0.8200000000000001,long_approach,walking,True,-1.7869608555207694,-0.648863264115885,0.12054006125577098,0.027464484106918617,0.0035690356072481063,0.027695413021382984,0.23288260452177797,0.3257442448182823,-0.032973459165369264,0.5596472442875027,0.9994835257530212
0.84,long_approach,walking,True,-1.7863994238935823,-0.6487919892925355,0.12047785196708079,0.028613945210503585,0.003235569318287418,0.028796297840575687,0.23280047351334307,0.32569524702280267,-0.031578091360824616,0.5204759134709664,0.9995518922805786
0.86,long_approach,walking,True,-1.7858099291990028,-0.6487256030532623,0.12042080348130253,0.02991523202851371,0.00275378257795525,0.030041711432714054,0.23272589485534095,0.3256517270435324,-0.012469389125591595,0.49312566143982056,0.9996169209480286
0.88,long_approach,walking,True,-1.7852025990560618,-0.648680912370323,0.1203628725528475,0.030497110215211638,0.001551648262220278,0.030536557497668548,0.23265053297987945,0.32562214573600784,0.0230912225654212,0.5078931505812923,0.9996832609176636
0.9,long_approach,walking,True,-1.7845769717387454,-0.6486497479954707,0.12031852135411152,0.031877875485337645,0.0012679773650867267,0.03190308311209221,0.23258870151527575,0.32560664578563714,0.02213321934218941,0.5297848085720099,0.9997531175613403
0.92,long_approach,walking,True,-1.783918385636722,-0.6486223151733075,0.12028292392767558,0.03332504756531498,0.0007032299892966252,0.03333246657012277,0.2325370242617592,0.3256056651199152,0.02804064637138235,0.5524504979667059,0.9998219013214111
0.9400000000000001,long_approach,walking,True,-1.7832352101663473,-0.6486122285094003,0.12026890782277179,0.03482463401170373,9.122075520993757e-05,0.03482475348477421,0.23249523668310457,0.3256217920084486,0.020142910965070215,0.5749271449482327,0.9998769760131836
0.96,long_approach,walking,True,-1.7824932511906844,-0.6485972589035954,0.12029192535388274,0.03841973165338216,0.0003268953187842687,0.038421122327013536,0.23247886616708774,0.32565075202859184,0.01937494049634716,0.5914189654380778,0.9999032020568848
0.98,long_approach,walking,True,-1.7816882465754402,-0.6485998223132747,0.12035334218070937,0.0412658665406135,-0.00018545460196323134,0.04126628326802783,0.232474606146786,0.3258073189186501,0.05524931530267438,0.6328959828082662,0.9998853802680969
1.0,long_approach,walking,True,-1.7807196677193309,-0.6484382389873624,0.12034743853791298,0.05156908531573838,0.008382600680265624,0.05224594294743558,0.23241678124126272,0.32614919987450947,0.15965698428958647,0.7863901741168985,0.9997999668121338
1.02,long_approach,walking,True,-1.779663886271388,-0.6482344870231833,0.12037265081202683,0.0591591020680203,0.01654414187071498,0.06142888561363285,0.23237814952771035,0.3271675855618799,0.25570745278973506,0.9915144989248598,0.9996353387832642
1.04,long_approach,walking,True,-1.7785125496509129,-0.64798554694386,0.1204112556317499,0.05831198193926338,0.009993741908319118,0.059162167937078444,0.23229582948106006,0.3290970669413111,0.2032322727080094,1.2250914788400815,0.9993661046028137
1.06,long_approach,walking,True,-1.7772430868739781,-0.6476740082568512,0.12043762138566097,0.06390671153017057,0.011581952783302324,0.06494774367809154,0.2322400442481518,0.33169486477041865,0.21723840635641292,1.4934992040779995,0.9989850521087646
1.08,long_approach,walking,True,-1.7759204019771127,-0.6474019671066553,0.12049878448114003,0.07104643950189199,0.015474112667309687,0.07271206728416262,0.2322326893242434,0.33489566214361577,0.25381107183748186,1.7400722765994465,0.998499870300293
1.1,long_approach,walking,True,-1.7745095015361123,-0.6471491020025337,0.12057615385594467,0.07286268393082725,0.009106684510848331,0.07342957450771287,0.23220642731935928,0.3386234337621473,0.1933658747904124,1.9736088758763086,0.9979028701782227
1.12,long_approach,walking,True,-1.7729501470154077,-0.646858334678521,0.12060812768738101,0.08197034319178978,0.01137138140488797,0.08275533504273443,0.23215922921421217,0.3425658550260245,0.17263757565195514,2.187446966631634,0.9972082376480103
1.1400000000000001,long_approach,walking,True,-1.7713082538407174,-0.6467169333664359,0.12070121665802844,0.08390144459403252,0.001144545790633527,0.08390925092045791,0.23215716970517358,0.3467380415977503,0.09051779329246261,2.3144365820644213,0.9964677691459656
1.16,long_approach,walking,True,-1.76947339452611,-0.6465989928346142,0.12072891496015878,0.0975629694045421,0.0024929566636055713,0.09759481457515164,0.23213976592248933,0.3507280475487511,0.07336444778596261,2.4091393129511713,0.9957557916641235
1.18,long_approach,walking,True,-1.7674188678770646,-0.6464531595258223,0.1207069847529169,0.10592043293616038,0.0045016367949583585,0.10601604995102096,0.23205945981989856,0.354553069967826,0.030377131906720162,2.453072893559679,0.995137631893158
1.2,long_approach,walking,True,-1.7651340658100754,-0.6462667491523058,0.12061934478795777,0.11874878597391945,0.005395297797364088,0.1188712892527122,0.23197238289909455,0.3580864548378177,0.03602577370794759,2.492215650533523,0.9947162866592407
1.22,long_approach,walking,True,-1.7626590543827378,-0.6459739284190398,0.12042237507495408,0.12566665843450633,0.011769658342412564,0.1262166149902302,0.23183768049477269,0.36074247997890563,-0.023465509889898713,2.457914946362526,0.994629979133606
1.24,long_approach,walking,True,-1.7601870181647847,-0.6447713825234178,0.11952229136480598,0.12133437369045419,0.08606755644488631,0.14876039295205049,0.23134661155596697,0.3622694496151943,-0.44052070889823447,2.202665276986612,0.9950116276741028
1.26,long_approach,walking,True,-1.757598055310106,-0.6429133359536382,0.11849938111802881,0.13619901470927162,0.06918305631634829,0.1527627797896052,0.23035919148204104,0.36259102885232825,-0.4281858244767293,1.6638643670451092,0.9959532618522644
1.28,long_approach,walking,True,-1.7550757911856893,-0.6420864009791387,0.11801185522541084,0.11763009192824485,0.014772739486342425,0.11855409043545767,0.23012587591015932,0.36263470167839745,1.1046370495910225,2.323428954030239,0.9977297186851501
1.3,long_approach,walking,True,-1.7535183827974818,-0.64171459553849,0.11667607143693208,0.03755702604148153,0.023083191910831264,0.04408360187045504,0.22952636042241073,0.36137465572450655,0.8605019774632287,3.471113075237228,0.9994606375694275
1.32,long_approach,walking,True,-1.7538069280850541,-0.6414168022944096,0.11456818728864945,-0.039131367878088595,-0.004031598188924837,0.0393385019537761,0.2278517816086409,0.3609014066867835,0.4889122931522165,4.280753409743785,0.9998459815979004
1.34,long_approach,walking,True,-1.7545599335444515,-0.6425229978467951,0.11342409439992002,-0.03504461950271549,-0.08169804123293642,0.0888971051125327,0.22715203060883163,0.36285855583103477,-0.15542826402043514,4.687247030296803,0.9980150461196899
1.36,long_approach,walking,True,-1.755231759976755,-0.6437465005449693,0.11323322553343214,-0.03768189616002318,-0.05329147653173814,0.06526796127616954,0.22693514652238955,0.36615288520491523,-0.48408016604360876,4.313419404511052,0.9944558143615723
1.3800000000000001,long_approach,walking,True,-1.7559619908091304,-0.6445516008884413,0.11292332057904075,-0.03443441683275983,-0.02890246997835634,0.04495644373682201,0.22645342462785661,0.3677383108508534,-0.20609658968163924,3.889684418861244,0.9892171621322632
1.4000000000000001,long_approach,walking,True,-1.756408715483305,-0.6450253254066098,0.11279438043822305,-0.014226887405821592,-0.016722859442492993,0.021955827317395763,0.22580821699487957,0.3706677599510703,-0.38308153505948306,3.6422703741815416,0.9832878708839417
1.42,long_approach,walking,True,-1.756204299192372,-0.645087207747952,0.1127717125114106,0.026550631864854377,-0.0039862475263871405,0.02684820704934779,0.22512537654134135,0.37184724784669665,-0.1469780158227887,3.741743273307722,0.9768627882003784
1.44,long_approach,walking,True,-1.755133365330778,-0.6449215231790905,0.11282971096125075,0.06646049084252233,0.008060186644628575,0.06694746785185564,0.22489947212651087,0.37387624206424375,0.048233079896963724,3.6804608667577434,0.9735828638076782
1.46,long_approach,walking,True,-1.7530218166614175,-0.6447807522079158,0.11351487498893961,0.11516479660930408,0.0005683392942541549,0.11516619898049847,0.22544049213685094,0.37431733911052106,-0.2261019903617697,3.5318127040332654,0.9733624458312988
1.48,long_approach,walking,True,-1.749715212055489,-0.6449689226173148,0.11429615607989116,0.17109303148010774,-0.008549142594634835,0.1713064892529076,0.22624513523898446,0.37175461082484434,0.33171502636958733,3.5551133266525214,0.97466641664505
1.5,long_approach,walking,True,-1.7453730322742058,-0.6449838879328194,0.11524714990833698,0.2142547279097542,-0.04237601978484313,0.2184051635939229,0.2273979603865177,0.36810696687702504,0.01381421941562222,3.8403987211342496,0.9773216247558594
1.52,long_approach,walking,True,-1.7400496061896868,-0.645291444789257,0.11656772679058258,0.26682721384241814,-0.02480755258565659,0.26797794071937653,0.22891644398690625,0.36606727776609405,0.07090184054223261,3.8429615753782675,0.9811354875564575
1.54,long_approach,walking,True,-1.733812235486738,-0.6454244918622903,0.11712265167481162,0.3176912730966698,-0.027672224387999506,0.31889417837954115,0.22994524272749586,0.3652838798641233,0.2595919207121287,4.010989455059681,0.9852890968322754
1.56,long_approach,walking,True,-1.726803060277422,-0.6454689873279971,0.11746906883201103,0.3544002256824383,-0.026699925320025394,0.35540456662212166,0.23059624713581212,0.36582092906004043,0.47724823394621724,4.439681108162635,0.9889523983001709
1.58,long_approach,walking,True,-1.7195342601496997,-0.6454124179397015,0.11718249226203009,0.34610564612644396,-0.01645456661043379,0.3464965671445252,0.23035279890124344,0.36671971296901984,0.5111078538902997,4.950603927253061,0.9915465712547302
1.6,long_approach,walking,True,-1.712876133940177,-0.6449484091148237,0.11675274775134316,0.33918938006879346,-0.009348127528298689,0.3393181737539823,0.23001197183700214,0.3675900928983896,0.36482012794001706,5.464498293527293,0.992607831954956
1.62,long_approach,walking,True,-1.7061253645000694,-0.6446126212432939,0.11568942945987083,0.3373995437571718,-0.021574207078418197,0.3380885956943981,0.22884024885976284,0.3678782263804751,-0.04866365002698093,5.603977942159587,0.9931147694587708
1.6400000000000001,long_approach,walking,True,-1.699531511182593,-0.6442738071411043,0.1146419402966739,0.32811418598414993,0.014045026622255735,0.32841464921172625,0.22769664702037867,0.3674238161979049,0.14100409617556234,5.437234665680421,0.9933042526245117
1.6600000000000001,long_approach,walking,True,-1.693673013553095,-0.6429800299152759,0.1138897724824946,0.29334842104798,0.0582255535188367,0.2990710805375837,0.2269365024567079,0.3663941679205112,0.8223552944705452,6.04174028568318,0.9932135343551636
1.68,long_approach,walking,True,-1.6882497422871938,-0.640972323781066,0.11280149027784898,0.2733318827340254,0.043911845901747217,0.2768367178129119,0.22576874934555233,0.3640354129889502,0.766269588141621,7.119663874032767,0.9929773807525635
1.7,long_approach,walking,True,-1.6829569554348391,-0.6395900388255692,0.1124271433881648,0.2812714219320139,0.04313768993285657,0.2845601396689288,0.22550034695664287,0.3626875268545852,0.4119316377280242,7.719645830735685,0.9935864210128784
1.72,long_approach,walking,True,-1.6775764425945514,-0.6384606832090365,0.11251791459695511,0.2681772614954799,0.008641116333698032,0.26831644093254425,0.2255338631708731,0.3599076933001388,0.43094723861220674,8.145466748885307,0.9946539402008057
1.74,long_approach,walking,True,-1.672352623905392,-0.6377733736345153,0.1128871912144858,0.25966476054809634,-0.004124057163964114,0.2596975081089379,0.22590778989228225,0.3558167068122588,0.21558468123394187,8.484358603344964,0.9957287907600403
1.76,long_approach,walking,True,-1.6671147472366326,-0.6371842312131984,0.1136108190120091,0.26231249142276014,-0.005275946193492883,0.2623655441643438,0.2265213520806133,0.3517488169691192,0.005925748628846941,8.591088328596237,0.9967470765113831
1.78,long_approach,walking,True,-1.6621369119703413,-0.636571671706305,0.11406914677846368,0.24812117128020805,0.009363014818727833,0.24829776818158888,0.22705321761094488,0.3480160333708093,-0.15912137706090032,8.487835799705328,0.9974948763847351
1.8,long_approach,walking,True,-1.657367869655661,-0.6350529933723696,0.11431313239943931,0.24339049711080735,0.05778986489895053,0.2501571557419153,0.22727809956738543,0.34576900725983073,-0.4408037295525531,8.096728053788734,0.9978921413421631
1.82,long_approach,walking,True,-1.6527481898231071,-0.6322460757513133,0.11378946058629026,0.24518794321945664,0.12977815171703735,0.27741574606225555,0.226889030307855,0.34453628444500417,-0.4514311565684125,7.523895424257308,0.9979694485664368
1.84,long_approach,walking,True,-1.648385014342243,-0.6291693067661799,0.11331768851478094,0.23249742692111133,0.12629519908778675,0.2645855832005236,0.22626612754860392,0.34396382912141416,-0.8722172546214624,7.077456116808038,0.9973450303077698
1.86,long_approach,walking,True,-1.644523815838019,-0.6269120671614238,0.11431780974835754,0.18525044299289364,0.061990820594173116,0.19534735336574768,0.22649984473020274,0.34578755441098236,0.6357592531062625,7.556496045431924,0.995661735534668
1.8800000000000001,long_approach,walking,True,-1.6409011699410039,-0.6256449000542171,0.11496124917222128,0.18296290866340487,0.025435296225509694,0.18472244108568092,0.2274223628352756,0.347857515861284,0.7334015393147173,8.351960804200433,0.9933122396469116
1.9000000000000001,long_approach,walking,True,-1.6375576032539556,-0.6248779920568616,0.11540195493971431,0.16003836140335295,0.011774424870515892,0.16047091388068316,0.22780493373617963,0.3511741679671154,0.1263683652291966,8.508265536860593,0.9905365705490112
1.92,long_approach,walking,True,-1.634449954641033,-0.6246138498310807,0.11508834773869153,0.15158714353353397,-0.02676024512622039,0.1539310651034145,0.22773225346652523,0.3543481349633441,-0.14619598013025104,8.579570504157672,0.9876288771629333
1.94,long_approach,walking,True,-1.6315809384665576,-0.6246885867434424,0.11456695356524954,0.1381761356620939,-0.01785626100272158,0.13932512524130994,0.2271518442709058,0.35759666032221255,-0.8176454560510045,8.17572095105974,0.9841012358665466
1.96,long_approach,walking,True,-1.628829304200409,-0.6241538199114743,0.11439068446616375,0.1424733691049543,0.012090624626384088,0.1429854681706245,0.22658603788040274,0.3623525420466057,-0.12248614242273681,8.025847850846292,0.9794039726257324
1.98,long_approach,walking,True,-1.6255911820990085,-0.6234205092754553,0.11441866227494572,0.17433381313105054,0.018519777791861532,0.17531474715571413,0.22622890631450163,0.36594296627405876,-0.8153805285836229,7.368519831657932,0.9746778011322021
2.0,long_approach,walking,True,-1.6215078880864273,-0.622387211219021,0.1147953321623532,0.21237034269569807,0.026046726547906046,0.21396166577345027,0.22631723513303623,0.37058932078839335,-0.4052714932259328,7.17766638682543,0.9717860817909241
2.02,long_approach,walking,True,-1.6165750485988692,-0.6214015327990076,0.115076081615972,0.25236693599595605,0.01914339499953762,0.25309195948527347,0.22657042585594633,0.3724105592116447,-0.17865906621982694,6.756934187972997,0.9715145230293274
2.04,long_approach,walking,True,-1.6105497880345403,-0.6204844914082124,0.11611449810736608,0.3067354220829092,0.013710687273299915,0.3070416944095487,0.2277261276677552,0.3725506223702265,-0.09043412080766194,6.644860035374838,0.9734442234039307
2.06,long_approach,walking,True,-1.6034160376477373,-0.6196079325563344,0.1167543463400573,0.35860395751951507,0.007427501806201455,0.3586808694811298,0.2287348374874566,0.37009520262707096,-0.10275433647150961,6.511374682496638,0.976780891418457
2.08,long_approach,walking,True,-1.5953964836836207,-0.6186436416448293,0.11762747098680308,0.4073691723146408,0.0073601422833142974,0.4074356565726006,0.22992089506058375,0.3681045655232127,0.022602078744274376,6.420526010826581,0.9805012941360474
2.1,long_approach,walking,True,-1.5868098087169193,-0.6175899928737092,0.1181492244315614,0.431783631867278,-0.001988977564160836,0.4317882128778503,0.2307316699575524,0.3670517167298931,0.30662174423901495,6.672103226700777,0.9838889241218567
2.12,long_approach,walking,True,-1.5779428390461518,-0.6170168340042138,0.11823702224417953,0.41676419946988874,-0.019495682312852265,0.4172199415040236,0.23101010786383394,0.3670640114217811,0.12905978182168415,6.897541552741424,0.986799418926239
2.14,long_approach,walking,True,-1.5692925062453666,-0.6164676648201349,0.11798365805406906,0.41913682672797936,-0.01430443280085066,0.41938084877275245,0.23087526878999268,0.36660361429682026,0.29049035510852883,7.0542680801581685,0.9879289865493774
2.16,long_approach,walking,True,-1.5609549383557488,-0.6155242096030059,0.11719383326511904,0.4060478324727361,0.013596620133073407,0.4062754119250269,0.23009000226469983,0.36540477652461195,0.6054005906419065,7.464322890148827,0.9880771636962891
2.18,long_approach,walking,True,-1.553025673136783,-0.6148738444684718,0.11616743616956247,0.38849362893899403,-0.04030320337047947,0.3905786065929764,0.229021245943065,0.3638722781346311,-0.5409089699534146,7.406660119819856,0.9876791834831238
2.2,long_approach,walking,True,-1.5453342620182298,-0.6141492620292031,0.11500326708886861,0.3850788848726106,0.010183605579385762,0.38521351663373626,0.22785515299839298,0.36114966040255553,0.3331373121183038,7.324838913323901,0.9872674345970154
2.22,long_approach,walking,True,-1.538118337581848,-0.6128516496335836,0.11384942155952416,0.35973691374492556,0.008120480433968371,0.35982855544439835,0.22663962670343746,0.35733349716988755,0.5039814474250663,7.921897274578111,0.9870672821998596
2.24,long_approach,walking,True,-1.5307468823871133,-0.6111907719587505,0.11264709112754367,0.392871510307906,0.03912795567244803,0.39481517261463006,0.22558930434457167,0.3525565802469124,0.653388283787586,8.657052611667133,0.9877930283546448
2.2600000000000002,long_approach,walking,True,-1.523302985194767,-0.6096492383314003,0.11193432937090679,0.3849922442650116,0.019027435426038145,0.38546215306188286,0.22483236614919,0.34858599564899645,0.4639605728092727,9.204316388959477,0.9894840121269226
2.2800000000000002,long_approach,walking,True,-1.5157587133684383,-0.6080502150956287,0.11151847645693294,0.37913960486942455,0.009140623058570104,0.37924977385681097,0.22440465070709575,0.34482362608312717,0.3175191776542126,9.549076455088942,0.9917002320289612
2.3000000000000003,long_approach,walking,True,-1.5083494692920978,-0.6068690406934474,0.11148690587071917,0.3700531796032949,-0.013489387046311266,0.37029895935229634,0.22437443634449492,0.34150839466346794,0.36384194969906813,9.970575351041088,0.993817925453186
2.32,long_approach,walking,True,-1.5009914306555339,-0.6057649454829452,0.1118404851545227,0.3714223880176001,-0.005627416823202979,0.3714650160389249,0.2246127271139019,0.33958128685176797,0.110609087935246,10.207935543380092,0.9957305788993835
2.34,long_approach,walking,True,-1.493726517200062,-0.6046815969910915,0.11235353322986347,0.3641869460333314,-0.008364537974296862,0.3642829904848813,0.22504693093839395,0.3390860780139845,-0.06092450566334545,10.201627128296373,0.997249960899353
2.36,long_approach,walking,True,-1.4865837283479229,-0.6032609015456616,0.11282277801752831,0.35794587947632617,0.02191551261707706,0.3586161490052419,0.2255030910504154,0.3390688837760216,-0.2166812326831944,10.00289003096409,0.9981987476348877
2.38,long_approach,walking,True,-1.4799074270151678,-0.6009880157244212,0.11261734734855643,0.3476485694906592,0.07948279035067543,0.3566189027951703,0.22542591261330663,0.3391337382168364,-0.11651273835089321,9.82501166017738,0.9985793232917786
2.4,long_approach,walking,True,-1.4737289022200137,-0.5977670486810974,0.11178547588762969,0.3200718947665518,0.11392481501421232,0.3397423748893757,0.2245731062830371,0.3397000995117118,-0.3348129999108171,9.407307589979977,0.9984948635101318
2.42,long_approach,walking,True,-1.4683862697176646,-0.5954383200645169,0.11313105601842627,0.25726335399185263,0.0508873825278144,0.2622478960976987,0.22511115518690333,0.342071914021317,0.793916624615953,10.021823734472944,0.9971131086349487
2.44,long_approach,walking,True,-1.4630813757276253,-0.5938951405455228,0.11426426089353145,0.2758356102238041,0.018164074419406928,0.2764330252828922,0.22644373933451745,0.3442737787692096,0.27247986608432495,10.531142822214303,0.9944762587547302
2.46,long_approach,walking,True,-1.457950989174339,-0.5929282148473994,0.11539262056552783,0.24656199448222282,-0.009886334111902853,0.24676011980306675,0.22767620136188216,0.34916598557417655,-0.42478672500035025,10.331720961985766,0.991564929485321
2.48,long_approach,walking,True,-1.453038283552071,-0.5919946942883386,0.11543962339906803,0.24603940734592417,-0.007969489462034901,0.24616844381321318,0.22783434448052542,0.3528796508937978,-0.4608729273458464,10.614579357836858,0.988018810749054
2.5,long_approach,walking,True,-1.4482146511057148,-0.5911273996188661,0.1155100890635397,0.23941917018355308,0.0073802687824331996,0.23953289423100557,0.22792926993665344,0.35756090934703055,0.33700523545970457,10.152729431989146,0.9845852851867676
2.52,long_approach,walking,True,-1.4435907704758062,-0.5901155502916663,0.11539372860575925,0.22896783022715425,0.01479332707523369,0.229445221795717,0.22752603805166877,0.360458137884355,-0.5608678839606167,9.875041922080529,0.9798592925071716
2.54,long_approach,walking,True,-1.4388105550773587,-0.5887212721166677,0.1155281235358708,0.2514944588503432,0.031009309758666774,0.2533989741970869,0.22740224682394322,0.3643671807589752,0.18758374313504428,9.928243985252935,0.9751035571098328
2.56,long_approach,walking,True,-1.433422609861429,-0.5872457684565139,0.11589103269095943,0.2741683333283871,0.031194199835682678,0.2759372267445153,0.2273392970826676,0.36924383470638766,-0.014416815969992308,9.712857018760221,0.9709934592247009
2.58,long_approach,walking,True,-1.42722665263353,-0.5858749121287532,0.11631848819327371,0.3171627751627202,0.026506684465611344,0.31826848771167665,0.22771662992383362,0.3729376521853638,-0.041068886435769156,9.603336965325113,0.9701507091522217
2.6,long_approach,walking,True,-1.419984389015018,-0.5842011201143934,0.11686703642951594,0.37027532214562825,0.027599931767303826,0.3713025322073748,0.22845475129807682,0.3739230076470174,-0.06470172080704682,9.347151140881536,0.9713798761367798
2.62,long_approach,walking,True,-1.411854702095515,-0.5828693377179696,0.11780830501847521,0.399531421520897,-0.007418177514866127,0.3996002829580464,0.22952860984018056,0.3730778257902815,0.45540608125740134,9.485026136805219,0.9738258123397827
2.64,long_approach,walking,True,-1.403062352642118,-0.581779815239065,0.11862803151873508,0.4454118419864704,-0.006812846095126012,0.4454639422598605,0.23068303679765076,0.37127935407163304,0.5596582819321204,10.019378450670672,0.9770714640617371
2.66,long_approach,walking,True,-1.3932766875675442,-0.580074210462473,0.11872234047607311,0.5061824027869867,-0.008410136749271883,0.5062522644802181,0.23127977405844188,0.36994029075998186,0.507548592548461,10.641451250877633,0.9807190299034119
2.68,long_approach,walking,True,-1.3830719877180124,-0.578763871771835,0.11883284885115548,0.5031533004553512,-0.04717108742743149,0.5053596296185513,0.23163479279068175,0.36976154665468874,0.0017525766450724872,10.85396529343297,0.9839825630187988
2.7,long_approach,walking,True,-1.3732491531050046,-0.5777316470453426,0.11854398379434782,0.494417815638916,-0.03369162527502733,0.4955644277334986,0.2315324282842429,0.36875608132280735,-0.3018074087629308,10.532607109230902,0.9854134321212769
2.72,long_approach,walking,True,-1.3637676270193766,-0.5773556987792029,0.11787167852963906,0.4593017790815932,-0.07136349385848499,0.4648127284436246,0.23071159150071108,0.3670987198275257,-0.9664584414641249,9.698304205981108,0.9854626059532166
2.74,long_approach,walking,True,-1.354549471519178,-0.5774565988172067,0.11687535773836018,0.4561440321798382,-0.07495472775227513,0.46226138634510555,0.2296857359181107,0.3645747295416027,-1.3144823629861215,8.374972056836757,0.9848055243492126
2.7600000000000002,long_approach,walking,True,-1.3455342118614857,-0.5770303036957034,0.11587409201060644,0.438798105555971,-0.014613915981485972,0.4390413921030943,0.22850609339941544,0.3611139724790925,-0.1740587167225115,7.549064736866985,0.9842215180397034
2.7800000000000002,long_approach,walking,True,-1.3369930752007204,-0.5755889570027739,0.11457412987856146,0.43158299495949387,0.014091101998043785,0.4318129695756321,0.2272371137525321,0.35555410997824083,0.5077217462752106,8.072913096885761,0.983683168888092
2.8000000000000003,long_approach,walking,True,-1.3284684844050627,-0.574188901393086,0.11340998981633227,0.44995141355458357,0.01303389183676669,0.4501401525038401,0.2261861780990399,0.3510776132900128,0.3353726332355804,8.470852154216189,0.9844611883163452
2.82,long_approach,walking,True,-1.3194442033253242,-0.572329526566827,0.11228381409793503,0.46420735347173636,0.020217760156965026,0.4646474199250418,0.22505114237039608,0.3459088664805627,0.286115054242293,8.841259457664497,0.9866355061531067
2.84,long_approach,walking,True,-1.3102353894357577,-0.5705870808389538,0.11149258291565019,0.48051941056389935,0.01926330108658021,0.4809053739535768,0.2244143639805048,0.3413363885169136,0.12892158458296654,9.044598979617032,0.9893749356269836
2.86,long_approach,walking,True,-1.3011560932906125,-0.5689311583101921,0.11097660275580011,0.4528429892212485,0.0063145331891778424,0.4528870126380674,0.22384039499081881,0.33711234331964446,-0.046165520166801456,8.899757093848567,0.9921155571937561
2.88,long_approach,walking,True,-1.2922960542376003,-0.5676724250805458,0.11061737099786025,0.4459110338742424,-0.015326340755837666,0.4461743458019071,0.22348531868860108,0.33467898571624544,0.0986320812799534,8.95529426274449,0.9944258332252502
2.9,long_approach,walking,True,-1.2834788450918804,-0.5664415434190522,0.11072309015970427,0.4444435484693264,-0.014649193701551553,0.4446849071557433,0.22346070045973007,0.33423347105079554,0.011490609702250368,8.986498311205962,0.9963738322257996
2.92,long_approach,walking,True,-1.2746981535513513,-0.5653474095059516,0.11088508021289532,0.44009451582190434,-0.007104561544974368,0.4401518574892792,0.22348695328139873,0.33452105092609546,-0.15984066867739388,8.871140261968796,0.9976972341537476
2.94,long_approach,walking,True,-1.2663351373516967,-0.56350699241809,0.1108721426381891,0.4194668121955141,0.04782796953669237,0.4221847003427167,0.22346636471422196,0.33522669871019806,-0.22134459465321282,8.561873431657384,0.998315155506134
2.96,long_approach,walking,True,-1.2585811740216601,-0.5606092073358407,0.11026300706237895,0.37651504674664377,0.09912889280147245,0.38934575612772915,0.22275633224010374,0.3359769265790724,0.33594534884944244,8.334767464696034,0.9983547925949097
2.98,long_approach,walking,True,-1.2522279491899593,-0.5583020028981978,0.11155167542127348,0.3188393400114644,0.0523987858811732,0.3231163219349453,0.22341230639629162,0.3374016758155296,0.19287129290985877,8.39517220432572,0.9965693950653076
3.0,long_approach,walking,True,-1.245920713618829,-0.5566162415383838,0.11328710864730884,0.3108457515383718,0.02600478088603161,0.31193161089954585,0.22499029048038655,0.3406707187654384,0.18856653055791,8.860800122157624,0.9931536912918091
3.02,long_approach,walking,True,-1.2397730776960865,-0.5552495844964219,0.11489726620808688,0.2943740458230027,0.018242237881768528,0.2949387361760715,0.22652326964761546,0.3463765524218714,-0.14919420744608863,8.689475349649795,0.9891095757484436
3.04,long_approach,walking,True,-1.2337648004086295,-0.5540244569393037,0.11531204791952931,0.2981991301034601,0.0052630571477670215,0.2982455715765131,0.22739891040022425,0.3520252921443664,-0.16966715760182902,8.482485821582644,0.985953152179718
3.06,long_approach,walking,True,-1.2277898431075356,-0.5532699505697886,0.1153460704417364,0.296000152468868,-0.0009169084860695044,0.2960015726018444,0.22765970536599792,0.35540294035001035,0.22078870824748342,8.232581557602527,0.9830253720283508
3.08,long_approach,walking,True,-1.221943798696184,-0.5523168871163878,0.11518156414958884,0.2871952558109649,0.021235140386108485,0.2879792460361394,0.22737530031267345,0.35785375265275604,-0.08545933912116022,7.669085765957786,0.9794423580169678
3.1,long_approach,walking,True,-1.2161788132425364,-0.5509126469012845,0.11544061848466546,0.28701553998654444,0.02789073690348183,0.28836749712612714,0.22722251873495583,0.3619254840824302,0.09890343209743613,8.26593200348719,0.9749510884284973
3.12,long_approach,walking,True,-1.2100268100973026,-0.5493488735930133,0.11588288489533835,0.3094070895485692,0.037947575365543856,0.31172546501535603,0.2273176843842157,0.3667464412443696,-0.5005499335551633,7.800359826033646,0.9710603356361389
3.14,long_approach,walking,True,-1.202963414885314,-0.5478035040819971,0.11660479334544716,0.3577104438206964,0.028920732292016908,0.35887765376894964,0.2278988241495891,0.3717192535462487,-0.10856402135115761,7.80695757275416,0.9693884253501892
3.16,long_approach,walking,True,-1.1949357858363268,-0.5465324766271752,0.11735035991972782,0.4029828532501229,0.011475036464096432,0.40314619739675384,0.22885648214605073,0.3743317637563175,-0.07170436698798235,7.649289887767125,0.9709611535072327
3.18,long_approach,walking,True,-1.1859570698477069,-0.5454839480463993,0.11796116975364718,0.4486793042650564,0.0003738767168570041,0.44867946003753556,0.2297866462746531,0.37357104567121713,0.027429393795663365,7.550573910567333,0.9742491245269775
3.2,long_approach,walking,True,-1.1762006990590896,-0.5443379102015768,0.11886982647402551,0.4894812386511639,-0.0043881905107097,0.48950090828050147,0.23096844249099963,0.3718881539180224,0.244265723184918,7.72869529191953,0.9776632189750671
3.22,long_approach,walking,True,-1.16548199062345,-0.5429825481521396,0.11900312714921259,0.5482275857957803,-0.012062837192828952,0.5483602810822557,0.23156680375859298,0.3701899562410794,0.39917708901127474,8.11270376986137,0.9813993573188782
3.24,long_approach,walking,True,-1.1540333612462446,-0.5418593111957402,0.1186941550640165,0.5614367953966727,-0.035460630082004084,0.5625555363793855,0.23150921356060922,0.3698141757313348,0.15908702477820538,8.444945861541987,0.9851707816123962
3.2600000000000002,long_approach,walking,True,-1.142788777429809,-0.541111206209751,0.11839749037999946,0.565781170659569,-0.04135760285744427,0.5672907406145692,0.23144891352518482,0.3696122619923609,-0.0404634382241737,8.388996494870733,0.9871880412101746
3.2800000000000002,long_approach,walking,True,-1.1318285035669928,-0.5407934642641781,0.11753506980692897,0.5338795241807501,-0.07041942930004165,0.5385037069161249,0.2305391584635496,0.36886698343830693,-0.6640546996669878,7.894169362193981,0.9879807829856873
3.3000000000000003,long_approach,walking,True,-1.1212873283546592,-0.5407354009668887,0.1164444386782773,0.5197045000482123,-0.038290775024627834,0.5211131842722356,0.229403208690333,0.36711469758851345,-0.4065477288378414,6.947593239316041,0.9878634214401245
3.3200000000000003,long_approach,walking,True,-1.1111654695856032,-0.5395154952108134,0.11533041610956367,0.5107871599172139,0.012186635161155257,0.5109325168873523,0.22822285566413858,0.3642159290516913,0.8165682294056611,7.496620751293858,0.987363874912262
3.34,long_approach,walking,True,-1.1010928030345066,-0.5375628937092208,0.11391414871521291,0.5221531344527427,0.03166310771708417,0.5231122711322376,0.22684911297625648,0.3599022947439796,0.9735044700428489,8.59882617246798,0.9872705936431885
3.36,long_approach,walking,True,-1.0908582876508748,-0.5354144800061439,0.11243656592980027,0.5183999727083608,0.011087518916968209,0.5185185288683167,0.22531396110678936,0.3554246774210754,0.7164508823148065,9.605672705119636,0.9880256652832031
3.38,long_approach,walking,True,-1.080745379779982,-0.5333127855759107,0.1111335076931323,0.5314029001465863,0.022798853904686934,0.531891746527026,0.22417756056492044,0.351274066812601,0.5512279900324516,10.260032962664381,0.9896204471588135
3.4,long_approach,walking,True,-1.0705789904502399,-0.5312371829724868,0.11026401016087035,0.5136152089930017,0.0063573492335185396,0.5136545520076715,0.22323073329319898,0.34739768860126163,0.33715519497931484,10.652948818652469,0.9915211200714111
3.42,long_approach,walking,True,-1.060696403733843,-0.5293689430850428,0.10968077724241843,0.5008402852602143,-0.0025466298151210036,0.5008467596610245,0.22263253727248283,0.34404710286908585,0.28025258792986996,11.013423936042606,0.9933194518089294
3.44,long_approach,walking,True,-1.0509525563882978,-0.5276887240417029,0.10938124387004754,0.4889678841559386,-0.017330690113342057,0.48927491715367966,0.22227694535911366,0.341635449058523,0.14297903073246113,11.204429764019384,0.9949307441711426
3.46,long_approach,walking,True,-1.0416164209110914,-0.5257056294301449,0.10904620775583669,0.4691665631972269,0.021678176862151836,0.4696671240084452,0.22193532002811786,0.3399788357344307,-0.2556452916592974,11.070715730464844,0.9960495233535767
3.48,long_approach,walking,True,-1.0329108293017468,-0.5230560499149863,0.10857887670094583,0.4463398866340426,0.06686198055659469,0.4513200846898357,0.22146556771339046,0.33941464997128157,-0.248180932340259,10.70302414503961,0.9964133501052856
3.5,long_approach,walking,True,-1.0252584097130195,-0.520027373630704,0.10880441415067595,0.3517829808032653,0.07471185354572754,0.35962915154790887,0.22101841028163316,0.33992975389182084,-0.054040946952041646,10.647319219125977,0.9954840540885925
3.52,long_approach,walking,True,-1.0186426292884831,-0.5172658624463732,0.11045498264020287,0.3357196348532287,0.06005469523341131,0.34104873500067867,0.22232580036158084,0.34121817226851475,0.8871969549303329,11.305348200013286,0.9922477602958679
3.54,long_approach,walking,True,-1.0121737452689508,-0.5148094485072658,0.11268169711239719,0.32382115174516074,0.06820085066250298,0.3309252095997696,0.22431990683530897,0.34484163079975644,0.7796834474772418,11.549270844071545,0.9873109459877014
3.56,long_approach,walking,True,-1.0056521013230042,-0.5126965713639652,0.11423748820042376,0.32229685498591143,0.040924547466157445,0.3248847200456177,0.22606025017978265,0.35144283536918103,-0.49067066788054936,11.074332793959165,0.9834743738174438
3.58,long_approach,walking,True,-0.9991552823018378,-0.5107909199256911,0.1147093483902701,0.32781041412709766,0.026266008717003735,0.32886102053010324,0.2267278600022789,0.3566557883468011,0.36430827124210163,10.859542892549571,0.9807443618774414
3.6,long_approach,walking,True,-0.9925830403913048,-0.5093871871103945,0.11502083731961361,0.32325373551274994,0.009084573472264244,0.3233813646426149,0.22690248676935,0.3599383411856818,-0.19009461505487857,10.701206520261326,0.9776254892349243
3.62,long_approach,walking,True,-0.9861240388866561,-0.5076471670350668,0.11536523446220068,0.320437706778113,0.031210409599882066,0.3219540550957673,0.22709036785259756,0.3625964781280309,-0.03741433753603274,10.71008340024783,0.9739941954612732
3.64,long_approach,walking,True,-0.97953955457249,-0.5055595908350066,0.11570682141512341,0.33134700628847524,0.04502301910796902,0.33439185221223827,0.22711038046917897,0.36606348891578433,-0.3850279163842738,10.64322788214248,0.9702267646789551
3.66,long_approach,walking,True,-0.9723915621599248,-0.503316502487036,0.11636187603948402,0.3679598755490186,0.0485853760865156,0.37115361884739506,0.2275617171310956,0.36985199220117926,-0.48318062308853194,10.341929250980638,0.968032956123352
3.68,long_approach,walking,True,-0.9643948614127017,-0.5009732349425023,0.11724735023475238,0.4068979589147151,0.04813346811560259,0.40973501158894987,0.22840191269200907,0.37306015203234266,-0.23843384062133677,10.096523485465669,0.9679410457611084
3.7,long_approach,walking,True,-0.955407205910102,-0.49880282684478366,0.11795053588873891,0.45036537459633225,0.037250215774101286,0.4519032520468422,0.22933377986764647,0.3730008708086151,0.059834730272976644,9.87544127051581,0.9701008200645447
3.72,long_approach,walking,True,-0.9457579649356472,-0.49645424081832856,0.11862231754844332,0.4956645162974461,0.03579224087930748,0.49695512596565855,0.23029672113890287,0.37080112597352877,0.06804782187569808,9.920867457043345,0.9728631973266602
3.74,long_approach,walking,True,-0.9349179793310416,-0.4941040547990309,0.11882346504729363,0.5611681369611946,0.021548032822615634,0.5615816909934143,0.23098182115308596,0.3684749446520691,0.30280466002104417,10.134994743120341,0.977070152759552
3.7600000000000002,long_approach,walking,True,-0.9234099485564732,-0.4919243130136346,0.11888280013706311,0.5845289309188776,0.0028731432801863007,0.5845359920770272,0.23139736206593753,0.3676086945253224,0.3273162337546263,10.46829820134382,0.9812968969345093
3.7800000000000002,long_approach,walking,True,-0.9118580606887209,-0.49004428547053935,0.11884886496888954,0.5703483260414491,-0.007885837360212604,0.5704028396222751,0.2315740248874927,0.3676824023079392,0.04435124985465397,10.582787448601303,0.9843313694000244
3.8000000000000003,long_approach,walking,True,-0.9004343620817779,-0.4885865464589418,0.11817237609321807,0.5548098404618005,-0.044430673984756405,0.5565860615071025,0.23097269385046584,0.36665571344423653,-0.5431964805029239,10.315266825939817,0.9858055710792542
3.8200000000000003,long_approach,walking,True,-0.8895492811999474,-0.48786420417500775,0.11750876826200202,0.5451562172116663,-0.05469579710079099,0.5478931751582824,0.23041087457500253,0.36506662443977106,-1.0750172189640654,9.216782220965255,0.9857870936393738
3.84,long_approach,walking,True,-0.8786656654170587,-0.48736453751590114,0.11606891078126222,0.5386929898924975,-0.06258242858150916,0.5423160496670535,0.22892813650725227,0.3617870452890017,-1.2648026461209647,7.920244497796771,0.9854869246482849
3.86,long_approach,walking,True,-0.8681218724180625,-0.4867640431859467,0.11499445495239977,0.5262427770772307,-0.008426457497672856,0.5263102370388743,0.2276877579146574,0.3584305791190904,-0.26888153278062443,6.971088470004818,0.9850863814353943
3.88,long_approach,walking,True,-0.8574154557697246,-0.4851903806206417,0.11372519674093644,0.5549083298437573,0.019301328721780902,0.5552439066035884,0.2265692147986828,0.35430955237189443,0.2854840851183418,7.138663445634104,0.9856846332550049
3.9,long_approach,walking,True,-0.8463548942444762,-0.48323460320218786,0.1123545762719665,0.5658348883092654,0.019802907771890695,0.5661813101685544,0.2252438053670764,0.3491702325282912,0.30291607387313324,7.551701847689838,0.9870926737785339
3.92,long_approach,walking,True,-0.8353284854890479,-0.4815691708670357,0.11124676551632683,0.5632592219149303,0.012590960614200588,0.5633999319856198,0.2241651548997688,0.3450121723687278,0.15375909078301198,7.765480945568848,0.9891536831855774
3.94,long_approach,walking,True,-0.8243872549569725,-0.47985042204575246,0.11019032940583987,0.5459060843935469,0.011040337503274576,0.5460177121944677,0.22317049249697268,0.34106355132977223,-0.4168218602141966,7.26609719150268,0.9913733601570129
3.96,long_approach,walking,True,-0.8138065152290825,-0.47863196077390496,0.10948689321795262,0.5296153136872978,-0.01145710581359169,0.5297392243035423,0.22237309601454186,0.3383801447115608,0.13894454168336987,7.232065550715113,0.993330717086792
3.98,long_approach,walking,True,-0.8033547322017383,-0.4776898469982675,0.10910585232344597,0.5205526857850175,-0.01818869357586175,0.5208703555127626,0.2219457059278979,0.337128026461642,0.042386918403685636,7.341542019219134,0.9950554966926575
4.0,long_approach,walking,True,-0.7931435658486334,-0.4766751482253957,0.10876868848335657,0.5052838898082028,-0.009351907598423767,0.5053704260000159,0.22163158674872424,0.3365531240980866,-0.228596144819249,7.173412100863355,0.996226966381073
4.0200000000000005,long_approach,walking,True,-0.7836272533732748,-0.47492798239615003,0.10811603695830285,0.47445155386005733,0.051678057808250265,0.47725768576216326,0.22088784280513646,0.33637355801731195,-0.48684918620125894,6.718783208565041,0.9964770078659058
4.04,long_approach,walking,True,-0.7756148985652895,-0.47309650775516326,0.1085178440988838,0.3748158919177697,0.046285228271178105,0.3776629121190328,0.22065891301327314,0.33805527796551915,-0.8081074966052494,6.267529116544787,0.9952417016029358
4.0600000000000005,long_approach,walking,True,-0.7683543772853874,-0.47135896207698175,0.11052394998736044,0.3544975472431776,0.03858683419255226,0.35659143956975814,0.22220341689227885,0.34020746644177036,0.4055781710727634,6.499828703800392,0.9915910363197327
4.08,long_approach,walking,True,-0.7611519798538553,-0.4699035011786015,0.11308056770865949,0.3344670691114208,0.028137101539684153,0.3356485018632415,0.22427542461605793,0.345130834447412,-0.29606402762956396,6.542060874090541,0.9861767888069153
4.1,long_approach,walking,True,-0.7539513071822801,-0.4684248575403442,0.11431071154210576,0.3548124017077063,0.025719691496752912,0.3557433666792381,0.225903841467239,0.3507015502446707,0.0533495945359429,6.434105880481544,0.9819682836532593
4.12,long_approach,walking,True,-0.7465792311395744,-0.46757439862248523,0.11486797375259494,0.3624119422374063,0.003552862877427984,0.3624293568558084,0.2269001592295991,0.35633051013409883,-0.07861498682767543,5.898505161919775,0.9799333810806274
4.14,long_approach,walking,True,-0.7391374151774008,-0.46708691345265874,0.11479458913056677,0.3701301718878591,-0.018882021768836296,0.3706114877979566,0.22708163752133997,0.36065870957579826,0.25501569360918946,6.060032448888977,0.9782993197441101
4.16,long_approach,walking,True,-0.7318908957030857,-0.4664514732266123,0.11465854499373625,0.34985082064023515,0.009790202615363931,0.3499877780293133,0.22662389090034363,0.36349659391082045,-0.11744113204151635,5.912633267178209,0.9759246706962585
4.18,long_approach,walking,True,-0.7246059236334976,-0.4652775114648039,0.11505595954611599,0.3539095205738919,0.03245660292330082,0.3553946817640394,0.2264899117277938,0.3659541407806757,-0.24023434302848273,5.559963062889391,0.9714955687522888
4.2,long_approach,walking,True,-0.7166963735688074,-0.4639653843999119,0.11578257173870819,0.3938403344356764,0.030023425376107072,0.3949830567248678,0.226910183612604,0.3682430152483193,-0.6920257271417247,5.054720198081996,0.9683868288993835
4.22,long_approach,walking,True,-0.7079377848955186,-0.4627043850067978,0.11670653852846048,0.42820846369768795,0.02698314981328239,0.42905778020702545,0.2277640191233752,0.3706806265518213,0.039436933712558464,4.784782600561817,0.9677509069442749
4.24,long_approach,walking,True,-0.6984042888615472,-0.4616506598198162,0.11754322559646849,0.46846726719268933,0.018021014065097905,0.4688137555350963,0.22884070883538643,0.3709385755235831,-0.044345942798510174,4.964909535022999,0.970086395740509
4.26,long_approach,walking,True,-0.6879948570224038,-0.46052823945247984,0.11838940933321947,0.5232404963371531,0.016334199645831285,0.523495389745908,0.23006091239886667,0.3693406228393554,-0.0662052179926938,4.838008549209998,0.9733166098594666
4.28,long_approach,walking,True,-0.6764184074286146,-0.45940918422156485,0.11878383829715668,0.5851490630494587,0.008440215952538977,0.5852099309076914,0.23093230607014528,0.36744230276637496,0.22129261504096015,4.944945111836186,0.9776087999343872
4.3,long_approach,walking,True,-0.664313726185643,-0.4585830226696633,0.11920454460505965,0.5936397320891,-0.016381859844434816,0.5938657229094648,0.23159537651175635,0.366831606901156,0.24870192525812806,5.206002031676437,0.981561005115509
4.32,long_approach,walking,True,-0.6520436393579697,-0.45801157521779573,0.11896966451905325,0.6056383969056682,-0.03179689408282333,0.6064725140348753,0.23168668982302582,0.3664836485684728,0.09578023440980586,5.38356434846871,0.9844308495521545
4.34,long_approach,walking,True,-0.6399934232872428,-0.4578737922309818,0.11858025138285146,0.5914684767687124,-0.05995263033658441,0.5944991815767083,0.23146955932050647,0.3660239968748433,-0.4482438468645024,5.108684438960916,0.9857743978500366
4.36,long_approach,walking,True,-0.6283603454058613,-0.45814612777819247,0.11761611326853509,0.5624931670816433,-0.06867379894602346,0.5666697924499032,0.2304329702971738,0.36435436369584184,-0.9684746134409105,4.3191040145759185,0.9859901070594788
4.38,long_approach,walking,True,-0.6169569545352327,-0.45860314076835246,0.116216974368175,0.5652932323987192,-0.04170250771704158,0.5668293726913614,0.22901229760465341,0.36138507540477316,-0.7100724311408595,3.2174182319538454,0.9854232668876648
4.4,long_approach,walking,True,-0.6059676290449683,-0.45819937462982036,0.1151911441468547,0.5504287062186282,0.009220996365992029,0.5505059376641587,0.22792634581629526,0.35848103287423877,0.42620214790945204,3.2031400249996587,0.9850349426269531
4.42,long_approach,walking,True,-0.5947570484916459,-0.4570658822036757,0.11369252751947145,0.5769269694213787,0.025482359841967367,0.5774894619894392,0.226519554669673,0.35439865286874095,0.5507243401122971,3.7627408606102337,0.9854285717010498
4.44,long_approach,walking,True,-0.5833180703551284,-0.4560016123855458,0.11228294816530876,0.5790887625705877,0.010644226870912963,0.5791865800424022,0.22517097247672374,0.35009429122079005,0.3672134409738588,4.279652454084078,0.9867284893989563
4.46,long_approach,walking,True,-0.5718835310054162,-0.4548605061209407,0.1109835005334513,0.5787337597386086,0.014037821643721492,0.5789039860785954,0.22389669550399077,0.3457745170658444,0.26820648466196806,4.60747098907191,0.9887332916259766
4.48,long_approach,walking,True,-0.5604094451155086,-0.45376780331732597,0.10998712014699742,0.5749894792513548,0.00225416200105204,0.5749938977902906,0.2229022640426949,0.3418295895989942,-0.28617566549756057,4.565750464089402,0.9909319281578064
4.5,long_approach,walking,True,-0.5494308159215158,-0.4528788463020333,0.10920481131443582,0.5463627105244855,0.0011923422249126717,0.5463640115633935,0.2221133416128197,0.3389040531683719,0.05676693014940569,4.483631993639077,0.9929590821266174
4.5200000000000005,long_approach,walking,True,-0.5386551608380507,-0.45208808873212314,0.10867884343609588,0.5351989894699131,-0.005261982292069692,0.5352248562868304,0.22154277825065583,0.3373750261631844,0.015721097641794888,4.5229464740035255,0.9946824312210083
4.54,long_approach,walking,True,-0.5282286671904305,-0.4513422180195699,0.1082141751667724,0.5114338073462191,0.0024696373311098147,0.511439770066033,0.22107222902343437,0.33669835034014883,-0.168699203349569,4.41603931951098,0.9958344101905823
4.5600000000000005,long_approach,walking,True,-0.5185859019009955,-0.450064982155441,0.10729127662261698,0.47431979701114135,0.04342433616849139,0.4763034146511701,0.22012075144910132,0.3363353568117581,-0.31760458899574934,4.11976470171309,0.9959797859191895
4.58,long_approach,walking,True,-0.510583550309622,-0.44847127878009,0.10795770373255621,0.36150101820962893,0.03773247398208236,0.363464889307629,0.21993951669271397,0.33842654489086454,-0.6090371483744376,4.066651435054961,0.9944695234298706
4.6000000000000005,long_approach,walking,True,-0.503264232585514,-0.44725305526496784,0.11022349528650273,0.3429274810362762,0.035433466006653265,0.34475322734258806,0.22178844091732441,0.3405955509887799,0.6152075301743083,4.087486519622432,0.9900808334350586
4.62,long_approach,walking,True,-0.49578744743915293,-0.44606979552877357,0.11255658190927256,0.3523753191645004,0.02601349505577269,0.3533342149881613,0.2236750301613728,0.3443978364549242,-0.1372602617718104,4.396154228327412,0.9837490320205688
4.64,long_approach,walking,True,-0.4880858900652183,-0.44466119067923066,0.11420082683812707,0.37825849921367494,0.024380638538203266,0.37904341144902154,0.2259387647012847,0.35225332581991053,-0.5874640905078834,4.322619106891742,0.980452299118042
4.66,long_approach,walking,True,-0.48028132801438134,-0.4435512304582615,0.1147941766910981,0.3793922436296356,0.011122076361542645,0.3795552332782684,0.22661333781308354,0.35944147835350493,0.23159889216011859,4.459235470295011,0.9786288142204285
4.68,long_approach,walking,True,-0.47252152676483977,-0.4429714187709071,0.11484524437680639,0.38144754596449537,-0.010257000117195852,0.3815854247396511,0.22683740049545364,0.36252052720006794,-0.23478628103848548,4.321162035959924,0.9766251444816589
4.7,long_approach,walking,True,-0.46490188556909645,-0.4420112292861557,0.11517728986299045,0.3692753236477879,0.02159209325808611,0.36990604637724483,0.22691324718392486,0.36535819962245775,-0.09906872742597786,4.498768257609127,0.9739287495613098
4.72,long_approach,walking,True,-0.4572401344987187,-0.44065469437317173,0.11548010808459402,0.37123623148488066,0.046664537362179175,0.3741576119956964,0.22687809763218272,0.36782827815440083,-0.3303214251799585,4.18870589728363,0.9706424474716187
4.74,long_approach,walking,True,-0.4490263208855551,-0.4391895752808661,0.11621531539066639,0.4076906106398231,0.052183869045899466,0.41101677604748865,0.22739440617048184,0.37003071160977496,0.3659269572522446,4.000230747005207,0.9686146974563599
4.76,long_approach,walking,True,-0.43993121447473443,-0.43782079856373046,0.11697234540063255,0.4474431404951716,0.04419147999806251,0.4496201184117555,0.22810796109817377,0.3711100576541369,-0.24124605282623218,3.7101897655815974,0.9683586359024048
4.78,long_approach,walking,True,-0.4299632975079273,-0.4365342577410327,0.11785217485347135,0.49070300257834143,0.03509683433702242,0.49195652706299176,0.22917586593655392,0.3707096458241001,0.049917073215878766,3.60531325056254,0.9706326127052307
4.8,carve_turn,carve_turn,True,-0.4191720578886347,-0.4356236770291161,0.11854000570827555,0.5348255780336642,0.0184188076224005,0.5351426458368591,0.23018434666170406,0.36842010045583923,0.2603998744609509,3.739042432825985,0.9738802313804626
4.82,carve_turn,carve_turn,True,-0.40732836514919724,-0.43463163486338424,0.11889856983107903,0.5989219526026708,0.01013154268519384,0.5990076405744569,0.23105779720973274,0.36742261565077744,0.46776477075489264,4.174446323508708,0.9779818058013916
4.84,carve_turn,carve_turn,True,-0.3950705306686913,-0.43392794353165526,0.119528064484111,0.5804064152064077,-0.013171583348701634,0.5805558521112888,0.23177032626062852,0.3712941605151034,0.6818406315847803,4.8343967286079925,0.9820330739021301
4.86,carve_turn,carve_turn,True,-0.3829008797678368,-0.43325728768199046,0.12059844559155901,0.5746395507481348,-0.017268485486544846,0.5748989597094581,0.23299428689037946,0.38503451059367216,1.2347564950112657,5.958991027569296,0.9850788712501526
4.88,carve_turn,carve_turn,True,-0.3712167861176803,-0.43243961954556764,0.12250629375580699,0.5601528064726359,-0.038821973267738744,0.5614964934953479,0.23505488919498346,0.41261387611304007,2.0183523402270875,7.975300122839894,0.9875165224075317
4.9,carve_turn,carve_turn,True,-0.3598760789389268,-0.43150269397621804,0.12500044594315476,0.5330702421305619,-0.05304541358263509,0.5357029950889659,0.23784429388391873,0.45210536688849495,2.7067366466234932,10.839850595614916,0.9897826910018921
4.92,carve_turn,carve_turn,True,-0.3489035215009935,-0.430505597102721,0.12785200928571241,0.5146071118293426,-0.08239112332121144,0.5211609892801538,0.24120654576994907,0.4979474990262056,2.858922166615833,14.111973694513816,0.9920831322669983
4.94,carve_turn,carve_turn,True,-0.3382371585605082,-0.42945592613238304,0.1304874054380506,0.4996550837028834,-0.110704903823539,0.511772193852611,0.24463373398175794,0.5423437364687752,2.529665375807112,17.22958900044228,0.9944988489151001
4.96,carve_turn,carve_turn,True,-0.327850030310003,-0.42833534005592105,0.1326475288806203,0.49197404488330493,-0.12827745507708146,0.5084226256962733,0.2477139218282035,0.5787856593876001,2.4166032469903422,20.110567060053935,0.9966800808906555
4.98,carve_turn,carve_turn,True,-0.3177299982089025,-0.4271175145032965,0.134199339470888,0.4822054721716658,-0.14029138183365406,0.5021989538112314,0.2501999777908932,0.6038096509121064,2.192545293471083,22.73821314321279,0.9982814788818359
5.0,carve_turn,carve_turn,True,-0.3077672290880781,-0.425939115779071,0.13502207077844164,0.4741827273861807,-0.15858006012116915,0.4999968944097859,0.251889704230449,0.616377920074699,2.1114994055188983,25.21503578564334,0.9992367625236511
5.0200000000000005,carve_turn,carve_turn,True,-0.29774444485026164,-0.4249359476250358,0.13518700184005528,0.4664866591314538,-0.19796338515491582,0.5067536926452719,0.25270151173178695,0.6178475415936096,2.27388643380065,27.746375753853666,0.9996479153633118
5.04,carve_turn,carve_turn,True,-0.2875225905227592,-0.42475766601314663,0.13465771879059124,0.4378605106759358,-0.2669360541316052,0.51281252305764,0.2526689668597166,0.6105844717882855,2.1898475486836926,30.32431742083323,0.9997574687004089
5.0600000000000005,carve_turn,carve_turn,True,-0.27707894415325807,-0.42582964372316917,0.133623529094993,0.39964629227176834,-0.3515863560151353,0.5322876333924856,0.2518659044380242,0.5968251492525807,2.3730141507045244,32.966567304903315,0.9997820258140564
5.08,carve_turn,carve_turn,True,-0.26662269918439513,-0.4277726276816041,0.13220574506528493,0.354706166391089,-0.3898108629994032,0.5270379240512038,0.25055846580481844,0.5811088733218456,3.037056689483762,36.16903842193715,0.9998250007629395
5.1000000000000005,carve_turn,carve_turn,True,-0.25609520828884696,-0.43044367894332825,0.13013200572320646,0.318634019151245,-0.43224992697226916,0.5369987314026058,0.24856163901567346,0.5646323539672506,2.823530008802802,39.26048035655575,0.9998496174812317
5.12,carve_turn,carve_turn,True,-0.24556959943956352,-0.43314366102686414,0.12780570384818746,0.2952800610151836,-0.4729909897616078,0.5575937507081621,0.2463018974097852,0.5493964767533799,2.6364431808425324,42.43135202421326,0.9998734593391418
5.14,carve_turn,carve_turn,True,-0.23506558867444688,-0.4356534349148638,0.12515494379752246,0.2893365149552677,-0.44490612716504324,0.5307137466426298,0.24325329987983085,0.5322537080000815,2.1322649214215383,45.12357696120765,0.9998601078987122
5.16,carve_turn,carve_turn,True,-0.2249489839411432,-0.4368273416654892,0.12292100254466376,0.34251757111074466,-0.325727943318075,0.47267005360803965,0.23998499282588306,0.5135858334685284,1.4467230753491604,47.211342378387585,0.9998306632041931
5.18,carve_turn,carve_turn,True,-0.21607367645652661,-0.4343964443176901,0.12364556183695273,0.4071795964044806,-0.21716637962708568,0.461472057841481,0.2395325649773597,0.4972047500354716,0.9919026888606245,48.49274901685725,0.9995538592338562
5.2,carve_turn,carve_turn,True,-0.20823293446717972,-0.43075317407996355,0.12458179933766529,0.38482022456772014,-0.15317448741391665,0.4141847761939913,0.23964844037183713,0.480037436077051,2.2487212309661677,50.365635380377405,0.998948335647583
5.22,carve_turn,carve_turn,True,-0.20200004673211963,-0.426874471276483,0.12528336564326698,0.3264415657514148,-0.11654141842094178,0.34662082750146495,0.23982744879858273,0.4636476070395471,3.6845590787755764,54.06044790395185,0.9983487129211426
5.24,carve_turn,carve_turn,True,-0.19685635004431154,-0.4231359985297466,0.12567412993489302,0.2821658336701866,-0.1096334678169702,0.30271612932971714,0.23998476617180026,0.4481366333952631,3.566395435831526,58.20917089190668,0.9980624318122864
5.26,carve_turn,carve_turn,True,-0.19146395751171125,-0.4201228830823881,0.12648415331704002,0.25651027879384547,-0.1871041671641577,0.3174988070797895,0.2406354011766875,0.4381938482142844,3.1075950092785525,62.013709205493534,0.9978958368301392
5.28,carve_turn,carve_turn,True,-0.18476001024979688,-0.41751671718956757,0.1269299134464609,0.26755404633359525,-0.27179799338013233,0.38139129108429587,0.24136116949839878,0.43402102604099774,3.430462466811791,65.82395189182739,0.9977933168411255
5.3,carve_turn,carve_turn,True,-0.17696898804807734,-0.4139104628846441,0.12637171684975798,0.320995029327399,-0.31662590252361095,0.45087666939174054,0.2409619234956655,0.43205663784877096,3.6016366127417005,69.89497550635235,0.9975427985191345
5.32,carve_turn,carve_turn,True,-0.1686081890185507,-0.4087985414380512,0.12522125513853394,0.4039823901858035,-0.32099835267730337,0.515986156792774,0.239579255489838,0.42568206084694105,3.3412487430545075,73.7776567299428,0.9972162842750549
5.34,carve_turn,carve_turn,True,-0.16091864260350972,-0.40246761030638994,0.12524218247667235,0.39295626506465575,-0.24807328885901464,0.4647095683315463,0.2380950266205386,0.41383358788315144,1.0109386600441252,76.23095118342297,0.997313916683197
5.36,carve_turn,carve_turn,True,-0.15539697206995987,-0.39600556381803714,0.12625688168985919,0.3790104456619307,-0.15927864673254838,0.4111187240029421,0.2378376871280835,0.40099519201404366,-0.4185068548898338,76.1555825961025,0.9980424046516418
5.38,carve_turn,carve_turn,True,-0.15119675169137806,-0.3895884436269989,0.12723492191468183,0.35464528351425983,-0.10626090849023595,0.37022244366337387,0.2379431952748276,0.3940617068602282,0.1830352451042753,76.08325453033672,0.9986269474029541
5.4,carve_turn,carve_turn,True,-0.1479449632568873,-0.3834742273047545,0.12776326126747972,0.3240602933878135,-0.07174020871654824,0.33190620858503034,0.23819147617780864,0.3934160669942666,1.7236918449487693,77.18743226868995,0.999032199382782
5.42,carve_turn,carve_turn,True,-0.14547499839344524,-0.3776596943049801,0.12777293607552673,0.2996330476673493,-0.0572293097889065,0.30504943395020195,0.23842749969383017,0.39643852039041055,3.1349727354567274,80.11263548504806,0.9992550015449524
5.44,carve_turn,carve_turn,True,-0.14358205612043207,-0.3721282379866473,0.12770007895847973,0.27987512675028575,-0.05039529331810147,0.2843761103927438,0.2388875137059699,0.4021042709875581,2.5486026546578606,83.22998618164239,0.9993274807929993
5.46,carve_turn,carve_turn,True,-0.1421006856141089,-0.36674996959567885,0.12782446925360122,0.27057932143272045,-0.052236599985821225,0.2755754553023004,0.23977791277820598,0.4084012986163193,1.9417027739237842,85.8618671374771,0.9992093443870544
5.48,carve_turn,carve_turn,True,-0.14038975123889022,-0.3615783956063505,0.12793613629309306,0.2567730411149224,-0.07966657968906754,0.2688478353321079,0.24077825074215006,0.41292620641025896,1.3881283887806333,87.85297780419656,0.9988377690315247
5.5,carve_turn,carve_turn,True,-0.13838877576444708,-0.3564375148128221,0.12792764806977214,0.2562137356472665,-0.10505786141580342,0.276916291647114,0.24172425306121662,0.41619701379528395,1.6970203959408245,89.77933057412206,0.9986815452575684
5.5200000000000005,carve_turn,carve_turn,True,-0.13621729362115764,-0.35126117741976903,0.12793286980296367,0.25585654772696653,-0.11541295828890924,0.28068260358589914,0.24254007168455416,0.41792867744428264,1.2565563419754961,91.40338073611908,0.9987668395042419
5.54,carve_turn,carve_turn,True,-0.13407698600200807,-0.34610126754242426,0.12784929513509039,0.25318119713717196,-0.11662894403581889,0.2787526307870864,0.24310216414979932,0.4179252795354814,0.928571346829931,92.74249586688256,0.9989604353904724
5.5600000000000005,carve_turn,carve_turn,True,-0.1320149369107181,-0.34101997330774025,0.12767336899718135,0.24476253455641597,-0.11650448313405415,0.27107562212934944,0.24343258438018317,0.4162377065228767,0.97354854206713,93.86233242042265,0.9990057349205017
5.58,carve_turn,carve_turn,True,-0.1301550281674869,-0.3360368501509907,0.12744257733997036,0.2372865303815892,-0.11089886945750649,0.2619226159526625,0.24354289733534176,0.4142589992601747,1.0749296893235523,95.08071666236829,0.9990162253379822
5.6000000000000005,carve_turn,walking,True,-0.1284068483140132,-0.33114967354509856,0.1271211660291599,0.23202529197026184,-0.1120861037792176,0.25768009386503027,0.24356985634934092,0.4153273755620199,1.0892277490070867,96.3439171783134,0.9991012811660767
5.62,corner_exit,walking,True,-0.12677822599575447,-0.3263584366061482,0.1267463818582726,0.22470900639852234,-0.11067650807428081,0.25048638085957387,0.24359397575484634,0.4195044814502553,1.122537009835101,97.60059523384716,0.9993184804916382
5.64,corner_exit,walking,True,-0.12528793579887545,-0.321646925891521,0.12634720434083155,0.2204862686288755,-0.10741668300726617,0.24526014442254607,0.24356785305736792,0.4244711878486626,1.0897131280837253,98.8593537236751,0.9995306134223938
5.66,corner_exit,walking,True,-0.12398205717493882,-0.3168563614814521,0.12586274597903133,0.22573874920507292,-0.1040894778444971,0.24858117847216604,0.2433709469511523,0.42740987655674084,0.9801957754114029,100.04113279461372,0.9996840953826904
5.68,corner_exit,walking,True,-0.12285838272909665,-0.3118249829728111,0.12520903787843013,0.2410356019107716,-0.1019122403377892,0.2616949868055467,0.24281803746199862,0.42623761681613875,0.8906528259113059,101.11511445044411,0.9997737407684326
5.7,corner_exit,walking,True,-0.121957396821174,-0.3064145237337965,0.1243724960706547,0.26644664565547654,-0.09638370748897068,0.28334366774356284,0.24184280516669235,0.4191997376747433,0.7395436670136221,102.01692391963589,0.9998183846473694
5.72,corner_exit,walking,True,-0.1213608388929959,-0.30059788668426535,0.1233393800282773,0.2837787508912999,-0.08825563531818481,0.29718586208439135,0.24040713805555325,0.40621061949432635,0.49211116237126945,102.6937686950835,0.9998418688774109
5.74,corner_exit,walking,True,-0.12111482128878222,-0.29449249771662317,0.12216323148308923,0.3043919357706209,-0.07412217792233283,0.31328668631484446,0.23857497767794794,0.3901112462002881,0.3099511890619818,103.127621332098,0.9998689889907837
5.76,corner_exit,walking,True,-0.12114794188664627,-0.28826081444888096,0.12103239165533394,0.30021473639885143,-0.07207196303285512,0.30874464498423465,0.236527828561432,0.3741685385016059,0.1344216071471951,103.35166625058562,0.9999025464057922
5.78,corner_exit,walking,True,-0.12183745742582591,-0.2822115298415059,0.11961241206888704,0.31004774708955535,-0.006152348250009654,0.3101087823075933,0.23442350874568563,0.3606023325857551,-0.3627128734132023,103.10617691121134,0.9998975992202759
5.8,corner_exit,walking,True,-0.12302618605834853,-0.276370019836563,0.11833546604074101,0.29226220879064124,-0.002560897839424814,0.29227342829092134,0.23221023312742983,0.3511180603345946,-0.4827088346257406,102.61455772758828,0.9998862743377686
5.82,corner_exit,walking,True,-0.12452569504934716,-0.27114996228271415,0.11704069367753583,0.26083645970903346,0.03054032893907943,0.262618297925429,0.2303206432127943,0.3451670453454557,-0.6060707236225407,101.960873551929,0.9997943639755249
5.84,corner_exit,walking,True,-0.12652145371423706,-0.2667980608449931,0.11542146659433858,0.21258382398175918,0.057266653106983895,0.2201621034074284,0.22851951697826486,0.3415480901153611,-0.6825987455196788,101.17540449637606,0.9995042085647583
5.86,corner_exit,walking,True,-0.12917325589478804,-0.264049287466102,0.1131740452110699,0.14507761744080394,0.12437776123201513,0.19109511393907597,0.22619160314307268,0.33951478453588096,0.20514876919440098,101.20492372336221,0.998566210269928
5.88,corner_exit,walking,True,-0.13075279291487238,-0.26205187774986205,0.11312750430980163,0.1083234844023774,0.047508622642852605,0.11828375416130936,0.22553381668611155,0.3417569598675459,0.48657381084865026,101.57397934240295,0.9961363077163696
5.9,corner_exit,walking,True,-0.1317706486930828,-0.2601834263417129,0.11371094002618096,0.09217439022965176,0.045026543007527134,0.1025841497962371,0.22597483503319193,0.3464406084592972,0.0555754349193352,101.30582360476626,0.9924847483634949
5.92,corner_exit,walking,True,-0.13290383381582288,-0.25856153033252766,0.11386808989178772,0.088041966145508,0.05209526656691396,0.10230007136578449,0.22646082817113766,0.3510602261154792,-0.28398818241811946,100.79658549237874,0.9890199303627014
5.94,corner_exit,walking,True,-0.1337954869616482,-0.25700313413793185,0.11381807523295367,0.0805838644944028,0.0288025098286714,0.0855765376098086,0.22623877540681142,0.3546705151361623,0.45649095851162486,100.40632498863097,0.9849218726158142
5.96,corner_exit,walking,True,-0.13451984524186683,-0.25558377594837434,0.11366183293446588,0.07341487536266002,0.027086977599558276,0.07825246500905819,0.2259222465003703,0.35801667427429823,-0.12392241176890195,100.54622268960948,0.9802153706550598
5.98,corner_exit,walking,True,-0.13566884596515516,-0.2541961154319605,0.11387633378152599,0.07918775025680386,0.04800493613078134,0.09260223368609602,0.22582001177014244,0.36350965069051205,0.42923023669782845,101.13341698909004,0.9758191108703613
6.0,corner_exit,walking,True,-0.13712615193655306,-0.25237445692272575,0.11414309280933051,0.10828056959166148,0.04867334865364245,0.11871721282212483,0.22566351282478397,0.3678295288453965,-0.3739081934562777,101.02265176907378,0.9713249206542969
6.0200000000000005,corner_exit,walking,True,-0.13839713774563445,-0.2495595586671779,0.11474930786302023,0.158725963183243,0.0365028238995648,0.1628692344830381,0.22628274835519707,0.37279806447399927,0.5103489935887175,101.20687827902,0.9704867601394653
6.04,corner_exit,walking,True,-0.1400095005322174,-0.2456593084196331,0.11563289080171471,0.20871785950258617,0.0432557880390233,0.21315301563482095,0.22721436854115304,0.37448027118949817,-0.40665934314775853,101.2727493181845,0.9718953371047974
6.0600000000000005,corner_exit,walking,True,-0.1418329756313254,-0.24074774367345161,0.1164114666775016,0.2624555697711165,0.03483393118820882,0.2647571129656506,0.2282553672189236,0.37280948871706143,-0.05094784052475659,101.05128863811034,0.974952757358551
6.08,corner_exit,walking,True,-0.14333455007589294,-0.2348006129032983,0.11734070514718788,0.31066921866599617,0.022534706086018708,0.31148543530143397,0.22956152553511763,0.37056597841788186,0.4600015517852877,101.46906238108758,0.9793257117271423
6.1000000000000005,corner_exit,walking,True,-0.14529930653897505,-0.2279602702211525,0.11781752427378779,0.3615426551464391,0.02456234138326241,0.3623760479178568,0.23050848341977545,0.36895163125370783,0.6073294404519466,102.09113669173705,0.9838513135910034
6.12,corner_exit,walking,True,-0.1472477340259022,-0.22033366034234422,0.11798232667077672,0.39878595658048654,0.011805681930659173,0.3989606663465229,0.23101807654573833,0.36880055501941744,0.63707390560369,102.75459097552748,0.9880470037460327
6.140000000000001,corner_exit,walking,True,-0.1491238480412819,-0.2123670635881789,0.1177079091439238,0.39571821221463466,-0.011651162516773117,0.39588969810584723,0.2308328474321542,0.36934843469973955,0.29028492178705284,103.35362445486888,0.9911126494407654
6.16,corner_exit,walking,True,-0.15058301665817636,-0.20464722080753706,0.11723072733620415,0.3850583105497074,-0.02288550756356561,0.38573779822547455,0.23042495706165553,0.36982245736973857,-0.1491412138136634,103.4191553703938,0.9925984740257263
6.18,corner_exit,walking,True,-0.15168005520207706,-0.19727030208691088,0.1164636896391777,0.36793313267718786,-0.032742500734569024,0.3693871430843288,0.22961091744143733,0.3697799791411807,-0.5344867110672797,102.93417614350369,0.9930774569511414
6.2,corner_exit,walking,True,-0.15294934075784014,-0.18974079957971862,0.11514025437805545,0.3844374002592081,-0.027449926662791668,0.3854161558521531,0.22827318191496995,0.36844807772640564,-0.4405449133866418,102.51232302168788,0.993232011795044
6.22,corner_exit,walking,True,-0.15379626480339126,-0.18238541789389937,0.11410944957301355,0.3624522778412216,-0.015258662871838469,0.3627733183475964,0.22711125278930455,0.36676583550850744,-0.26166707018426655,101.87097551211932,0.9932952523231506
6.24,corner_exit,walking,True,-0.156053118786682,-0.17587480732571228,0.11310327392527829,0.33678463916755286,0.07056120606978977,0.3440970458769475,0.2261958561856901,0.3636365214317743,0.7568471859761852,102.39420550558869,0.9931367039680481
6.26,corner_exit,walking,True,-0.15905425508225862,-0.16998980492028798,0.11173702418216448,0.31785712569437374,0.05388445183341761,0.3223921315790396,0.22474572937654405,0.36031096345885727,0.4158472831715033,103.1478616951007,0.9929090142250061
6.28,corner_exit,walking,True,-0.16098949933005452,-0.16391975157475122,0.11150656093897134,0.31945341813322775,0.011343445067692026,0.3196547514162844,0.22451499615684953,0.35951691052590323,0.18207912139009877,103.38797287620233,0.9938243627548218
6.3,corner_exit,walking,True,-0.16241000981085735,-0.15758869345937693,0.11156026115593512,0.3245348358865746,-0.011384846708353547,0.324734467586209,0.22465937557944526,0.3571488273637904,0.02196112250749399,103.48071608376691,0.9950677752494812
6.32,corner_exit,walking,True,-0.1634843233929648,-0.15116794245587467,0.11181258330003774,0.32488957321799833,-0.018492471291910006,0.3254154364504782,0.22484141036308303,0.3533934261056413,-0.13804889679362967,103.39062605751543,0.9962564706802368
6.34,corner_exit,walking,True,-0.16494981249197121,-0.14504176531521673,0.11222902087499352,0.30342702774887775,0.01379690097876518,0.3037405400092916,0.22523002745142326,0.34898086306737414,-0.3564680901734009,103.07798942970481,0.99693363904953
6.36,corner_exit,walking,True,-0.16725229200608427,-0.1395020865729703,0.11230586318108698,0.2891339846122388,0.07082182885099292,0.29768136068546464,0.22524780016532575,0.3454394411761052,-0.6583784284858865,102.45145016488455,0.9970119595527649
6.38,corner_exit,walking,True,-0.1703289492236243,-0.1345420826334434,0.11182133903694905,0.26336076469579905,0.1001562302423396,0.2817626001397499,0.2247356611014444,0.34325491619947435,-0.9847906949422685,101.72166280515894,0.996432900428772
6.4,corner_exit,walking,True,-0.17332942492686995,-0.1306944255202923,0.1123332991262481,0.20585857375073277,0.1027790699332404,0.23008974249850384,0.22474276305963964,0.34268613628036204,0.45728702553410616,101.54912491799965,0.9944183230400085
6.42,corner_exit,walking,True,-0.17535076612930106,-0.12700486353410156,0.1138700653705913,0.1933540901234318,0.039988891193586174,0.19744598143885497,0.2260593240397073,0.3457784620799531,0.14813533470259652,101.80347533790803,0.991023063659668
6.44,corner_exit,walking,True,-0.17665317504806693,-0.12303515386874062,0.11477302763528861,0.1936605670497511,0.010988209937220994,0.19397204950109587,0.2267600499643453,0.3497878202587552,0.015583883072280091,102.13969308199587,0.9871919751167297
6.46,corner_exit,walking,True,-0.17740767706512192,-0.11915656085964076,0.11492818866006362,0.19869274355841832,0.007734784214641938,0.19884323782723531,0.22733810221977538,0.35328199889015655,0.6759530309348897,101.91988679541946,0.9841170310974121
6.48,corner_exit,walking,True,-0.1780386094998889,-0.11538892658102122,0.11497344027530541,0.18268807529720008,-0.012535450484195798,0.18311764080676982,0.22729006871265242,0.35757047163897815,-0.9482071152612079,101.45462043927482,0.9813127517700195
6.5,corner_exit,walking,True,-0.1788976880649256,-0.1118371717197868,0.11476878414730546,0.17837955165167552,0.01305246539931379,0.17885645445566975,0.22686775898046244,0.3607115344037352,-0.4627780898357022,101.06846385660751,0.977541983127594
6.5200000000000005,corner_exit,walking,True,-0.18006882537650198,-0.1081168442603774,0.11487173893191108,0.19731825530565325,0.032742790381950604,0.20001645981984412,0.22660598497982032,0.3648109171055638,-0.06250211076569412,100.53515520206419,0.9733754396438599
6.54,corner_exit,walking,True,-0.18146859311470984,-0.10371230718381629,0.1152223123823922,0.23468339240348962,0.03521205145628159,0.23731031001153344,0.226687589762466,0.3690492776755987,0.05008310970621305,100.2631501736174,0.9706546664237976
6.5600000000000005,corner_exit,walking,True,-0.1829139990409391,-0.09843181217577074,0.11579638854298618,0.2700912395719932,0.028184414217664877,0.2715578002899728,0.2272119484220215,0.372023950220241,-0.5515246446178881,99.72859159979453,0.970468282699585
6.58,corner_exit,walking,True,-0.18406148884193907,-0.09216759069975197,0.11639097424015184,0.3196552147064995,0.009684608286187169,0.3198018885602697,0.22802576905619942,0.3720430158726243,0.07501413051293676,99.50788749534998,0.97283536195755
6.6000000000000005,corner_exit,walking,True,-0.18550610702194104,-0.08488137137760687,0.11715003706465811,0.3756366801387112,0.014705532448417491,0.37592441813511385,0.22910043200515862,0.37018168874812674,0.248011486119431,99.72798760226266,0.9761748313903809
6.62,corner_exit,walking,True,-0.18683025685121085,-0.07639433839474284,0.11777426059093143,0.43467998650052825,-0.008180362591503898,0.43475695393659647,0.23010154654193385,0.36889126864886057,0.1573281181233184,99.88062995891387,0.9805184006690979
6.640000000000001,corner_exit,walking,True,-0.18818484079006179,-0.06697277970463457,0.1179969576260682,0.4815017533059047,-0.013828054130894274,0.481700273528786,0.23078711020391154,0.36858150881577784,0.27788016984960984,100.10669806762647,0.9851430058479309
6.66,corner_exit,walking,True,-0.1895218445242875,-0.05706898503539545,0.11790110817748846,0.4827298959874255,-0.03115153697787365,0.4837339875759346,0.23083353339459628,0.36864641985613306,0.2038556257806383,100.4154198281506,0.9888428449630737
6.68,corner_exit,walking,True,-0.19091219604137988,-0.04756487856053372,0.11764546304515754,0.45679194965736664,-0.00793891955249515,0.45686093257734256,0.23061663593488638,0.3687917246102773,0.41481191973439124,100.7510778937502,0.9906388521194458
6.7,corner_exit,walking,True,-0.19244367300688103,-0.038299631056907577,0.11672278786724276,0.47939994524688156,-0.01225283701760882,0.4795565029458918,0.22993106221360848,0.36802369848308775,0.0936787183125315,100.96182614914547,0.9913293123245239
6.72,corner_exit,walking,True,-0.19366725894075257,-0.02917403769267277,0.1157134371573825,0.43571022660648046,-0.0301874311800589,0.43675471671262045,0.22863227530480779,0.3671747801915552,-0.3763353365103922,100.62898859648138,0.991532027721405
6.74,corner_exit,walking,True,-0.19522315928160258,-0.020350365218906066,0.11445335297387957,0.4476868012581626,0.02137789972110582,0.44819692838890723,0.22751588272087747,0.3648522970119612,0.32116028355335646,100.58427942078067,0.9913897514343262
6.76,corner_exit,walking,True,-0.19761402873242812,-0.011927134906244996,0.11328574437315606,0.43547645275205077,0.03891557971455728,0.4372118059316665,0.22628699140267705,0.36188874953570216,0.6483596592171028,101.24978532524814,0.991344690322876
6.78,corner_exit,walking,True,-0.19999445896118168,-0.0036503657481041915,0.11226971189044975,0.4319284024766512,0.030576645935592617,0.43300932569946177,0.22531043017694885,0.3589915269675219,0.5742089918475587,101.94191951596427,0.9918580651283264
6.8,corner_exit,walking,True,-0.20230307774317127,0.004605100140503905,0.11148690306942802,0.4232889585267553,0.013365471470148549,0.423499915275416,0.2245370577867455,0.35597183488812356,0.24543940566666153,102.3463015492237,0.992942750453949
6.82,corner_exit,walking,True,-0.2042199616265934,0.012637910210243637,0.11114569000194521,0.4077476989999915,0.0042415886485231424,0.4077697599308352,0.22416207036037697,0.3525083481230661,0.2889253009087541,102.67507558490591,0.9941873550415039
6.84,corner_exit,walking,True,-0.20588528959318894,0.020590023881927495,0.11108922826787339,0.40353483539338486,-0.010404108310611004,0.40366893470479637,0.22408109653850444,0.34885914160288267,0.09230174711113545,102.84085495673655,0.9953466057777405
6.86,corner_exit,walking,True,-0.20741992037981694,0.028353496764677136,0.1112107829212267,0.3847410305395652,-0.012147136785281787,0.3849327389463346,0.22417883903061453,0.3452880241656661,-0.08601901844675344,102.80461360759648,0.9962674379348755
6.88,corner_exit,walking,True,-0.20947865087959686,0.0356078678591286,0.11117515617866774,0.3703430796411633,0.03814560924812327,0.3723024095315682,0.22403641146471,0.3424984809133917,-0.3675715805585651,102.48615777642233,0.9966191649436951
6.9,corner_exit,walking,True,-0.21205770649204303,0.0421468734300299,0.11051176653716463,0.3394589812281395,0.07604573236138312,0.34787261080289933,0.22347654930344418,0.3408906174776586,-0.29443104367846107,102.03184388424647,0.9962644577026367
6.92,corner_exit,walking,True,-0.21472092129495937,0.04736324555432603,0.11121823640627844,0.25714515741414523,0.07435855443034994,0.26768045613850266,0.22358049236996883,0.34164930504502145,-0.152424969981871,102.11387968158066,0.9942498803138733
6.94,corner_exit,walking,True,-0.21707096649664076,0.052215220561821575,0.11266054873686186,0.23745708293025472,0.04331316561995141,0.24137501227295094,0.2245065217801578,0.34484523726380123,0.2501569483380518,102.37616435267437,0.9906125664710999
6.96,corner_exit,walking,True,-0.21858789294383807,0.0573131823296457,0.11399530181660167,0.2547596435426014,0.006928890564975754,0.2548538512607073,0.22593098206018158,0.34912471137658274,-0.07877843121563373,102.4157611650434,0.9866137504577637
6.98,corner_exit,walking,True,-0.21978447742439025,0.0624784299218223,0.11501846086514263,0.2546601937674702,-0.0008692536764506875,0.2546616773125463,0.2272198584511959,0.35477716071762677,-0.12032180781568073,102.25989943423895,0.9837759137153625
7.0,corner_exit,walking,True,-0.22040664677740093,0.06767022963982974,0.1149632641873169,0.2563224994921277,-0.020644728052942096,0.25715253944356015,0.227292045516317,0.3586509540157507,0.5238409448182216,102.050631905606,0.9811369776725769
7.0200000000000005,corner_exit,walking,True,-0.2209680206579266,0.07271012551497053,0.11475572108494951,0.24218144477632886,-0.012882045257758712,0.24252381178757063,0.2269388608818414,0.36156417159862836,-0.6320773154365622,101.93466058402649,0.9785022139549255
7.04,corner_exit,walking,True,-0.22225449742191594,0.07766813675802658,0.11501864011022626,0.24992285681484241,0.025466203828149292,0.25121696179977393,0.22666686721802423,0.36483933653211453,0.0518149296646818,101.67897351591598,0.9736623167991638
7.0600000000000005,corner_exit,walking,True,-0.22390609072438367,0.08306791455367607,0.11540690432119158,0.2785111338554288,0.040336298595352815,0.2814168947767885,0.2267790450727925,0.3684817219408816,0.14498366356230033,101.52837799711082,0.9705567359924316
7.08,corner_exit,walking,True,-0.22589572895099358,0.08921508335864724,0.11616735422265874,0.3186113937043818,0.04512645969781803,0.32179126396331426,0.22746196242030442,0.37128051151168606,-0.9327449178420547,100.70540681353039,0.9697709083557129
7.1000000000000005,corner_exit,walking,True,-0.22793150102319562,0.09631699537290649,0.11704361831942174,0.3666522807844344,0.03454820055292318,0.3682763543398798,0.22837767573532625,0.3714675537791135,0.1024151554940653,100.57648629556412,0.9706035256385803
7.12,corner_exit,walking,True,-0.22969833205208118,0.10438177282632395,0.11760193322709671,0.41428595041394584,0.019893173719057855,0.41476329040912363,0.22922129087868398,0.3699111742570183,-0.07233350548404857,100.34172954234428,0.973332941532135
7.140000000000001,corner_exit,walking,True,-0.23160484252501326,0.11361638177674288,0.11812414905811411,0.4763801803343142,0.013011109153501565,0.47655782983469913,0.23017024418966792,0.3681886087590792,0.11618605931641532,100.35968317361025,0.9775136113166809
7.16,corner_exit,walking,True,-0.23367301119336525,0.123811706735892,0.11816545019823753,0.5259925224751942,0.004030232090849517,0.5260079623641868,0.23065130718627558,0.36709232454862833,0.36031641327006747,100.65726906619163,0.9820141792297363
7.18,corner_exit,walking,True,-0.2353422811048218,0.13437605635754749,0.1183728089300954,0.536858139082521,-0.017612656625041967,0.5371469698067179,0.23113499658574882,0.3673171480147219,0.32733834276051416,100.98593838389054,0.9855816960334778
7.2,corner_exit,walking,True,-0.23682546099588106,0.1451230147045363,0.11794935522798584,0.5318200083934741,-0.03685723789455386,0.5330956549371328,0.23089132540496987,0.36742776507468733,0.07538694989031083,101.19560724472709,0.9879408478736877
7.22,corner_exit,walking,True,-0.2383514551514529,0.15536405306620835,0.11723876537776609,0.5066392463452023,-0.03886765138160586,0.5081279565829424,0.23022208414922274,0.36686993431942866,-0.10995866018518505,101.40842882366589,0.9887984395027161
7.24,corner_exit,walking,True,-0.23934059042324743,0.165172748423677,0.11625140652868228,0.48647862517723234,-0.02440461946293848,0.48709037991471454,0.22922661051271565,0.365893183611861,-0.23186217323771696,100.84201194934153,0.9886712431907654
7.26,corner_exit,walking,True,-0.24090907911957737,0.17459136811332773,0.11499792814863304,0.4682423627257562,-0.016335486721358206,0.468527222664193,0.2279035526128936,0.36398484576917245,0.020026236801702624,100.86840186994792,0.9882358312606812
7.28,corner_exit,walking,True,-0.24306007786646736,0.1837393635553285,0.113723786957721,0.48034784720425283,0.028758409231072313,0.48120795963415036,0.22670767909320425,0.3607179864009214,0.717745657080999,101.49015790383157,0.9879552721977234
7.3,corner_exit,walking,True,-0.245592811456209,0.19304060266360346,0.11246631507609417,0.4754981911224825,0.015581610005400592,0.47575341967358814,0.22536358546033655,0.356637690453259,0.6248569007920127,102.30624085158982,0.988492488861084
7.32,corner_exit,walking,True,-0.24805804101848083,0.2022802288532103,0.11141974790671295,0.4829835450618569,0.018524631482588094,0.4833386667462934,0.2244301576350954,0.35259787200623216,0.43044294627097435,102.89219636260529,0.9898762702941895
7.34,corner_exit,walking,True,-0.2504865558638092,0.21153467084324318,0.1106861195255154,0.48015097088569847,0.011615584069000429,0.480291449680028,0.22371355249542602,0.3485147867373056,0.1781260495287287,103.17292834254894,0.9917507171630859
7.36,corner_exit,walking,True,-0.2526601083702231,0.22061367536917206,0.11029408173617206,0.46222761712878635,-0.008246869031284576,0.46230117984423863,0.2232947710521491,0.3447928407582515,0.27344259309974256,103.45229406624706,0.9935533404350281
7.38,corner_exit,walking,True,-0.25451894840915745,0.2296163326408281,0.11023542226818327,0.45663359811553256,-0.01165569787318721,0.45678233133610663,0.2230865383922272,0.34203677145620115,0.08943036159062334,103.63130485197658,0.9951443076133728
7.4,corner_exit,walking,True,-0.2566140591206324,0.23816417075747187,0.11021331441649838,0.4298647719648586,0.012549970235221086,0.4300479321300183,0.2230692314515941,0.3399820351752282,-0.20120504199394754,103.5087220431543,0.9962034225463867
7.42,corner_exit,walking,True,-0.25922951899435975,0.24604408662398083,0.10974416037566202,0.4030128455503189,0.046999848751828166,0.4057441798242581,0.22268424616645488,0.3388331695311692,-0.37621032668085486,103.12507698700509,0.9965479373931885
7.44,corner_exit,walking,True,-0.2624199776015833,0.25292603464217933,0.10956780413761444,0.3291089728531156,0.07772494344234565,0.33816250952101207,0.22197112615503073,0.33874036397131063,0.08338835276357373,103.08449366801551,0.9957674145698547
7.46,corner_exit,walking,True,-0.2651346495837889,0.2586455781161102,0.11093663941703023,0.2946258455291824,0.06015702613919682,0.30070460031016766,0.2229379916758422,0.34061377970389484,0.5513241955962582,103.15267865027221,0.9928727149963379
7.48,corner_exit,walking,True,-0.26722416161423307,0.26430152791125233,0.1130634721623159,0.2706193675145177,0.022211042948957926,0.2715293216262989,0.22469958962345754,0.3442099952381913,-0.7060469945505844,103.18793086865946,0.9881088733673096
7.5,corner_exit,walking,True,-0.2691986757875747,0.2699262257669488,0.11431008736072247,0.28201829180785787,0.017047211353545533,0.28253304997673195,0.22600445494989507,0.34922307630712873,-0.39549583975228425,103.11732475687134,0.9831292629241943
7.5200000000000005,corner_exit,walking,True,-0.27093227600465547,0.27559529403669897,0.11494620764646386,0.2920888626264404,0.026291641299945767,0.2932697633112773,0.22723491832095438,0.35631274285497355,-0.4281100817053125,102.60670156770932,0.981016993522644
7.54,corner_exit,walking,True,-0.2723884404121967,0.2812011251568898,0.11494210376877394,0.27655703362438677,0.019335032144230657,0.277232098277127,0.22708448420630922,0.36072670821578684,0.06873192867250183,102.3711866848453,0.9788259863853455
7.5600000000000005,corner_exit,walking,True,-0.2740269311115978,0.286673830627157,0.11521120975681015,0.2763389924540863,0.021555853247601564,0.27717845074928116,0.22702923287752874,0.36312010105466175,-0.843793700846052,102.15520530840352,0.9746779799461365
7.58,corner_exit,walking,True,-0.2761795512584327,0.2923242875985678,0.11561244100899057,0.2899440092581248,0.05189999220088487,0.29455243624035343,0.2270892519568392,0.36747693004243404,0.3904887888971207,102.35909588956059,0.9710702896118164
7.6000000000000005,corner_exit,walking,True,-0.2784154695246619,0.29863420707060023,0.1162937883846237,0.3294112946758009,0.043893380986939734,0.3323227797705899,0.22754480908125937,0.370849433809144,-0.39585134115166387,102.20598374963788,0.9687496423721313
7.62,corner_exit,walking,True,-0.28078672596055926,0.30594983194562,0.11706620886514726,0.3733344448307829,0.042856357582471694,0.3757862092764256,0.22821666043561023,0.3726904090215137,0.05904374645434956,102.11785337004935,0.9681103229522705
7.640000000000001,corner_exit,walking,True,-0.2829593958587976,0.3141460057996618,0.11778402067679547,0.4173620992351496,0.02736705680689544,0.41825838625931067,0.22918470551423356,0.37290655200497824,-0.01988994171184246,102.04916275749636,0.9705624580383301
7.66,corner_exit,walking,True,-0.2853780222978344,0.32338443813554707,0.11845707709826356,0.4818192016110602,0.026416735873286856,0.482542834342526,0.23028701037658877,0.37149107241151375,0.19151840410466492,102.15739714780683,0.9743738770484924
7.68,corner_exit,walking,True,-0.2879533224308155,0.33379144231054053,0.11871460662413123,0.5425934699754653,0.014686901789509599,0.5427922058616823,0.2310672546199934,0.3698220788503549,0.40869240203409923,102.5127632871798,0.9791731834411621
7.7,corner_exit,walking,True,-0.290466696643273,0.34491141617055865,0.11877668097568585,0.5616957721840661,-0.004180185376158163,0.5617113266075674,0.23143491064975535,0.36940665959708535,0.3936341260762011,102.95905436724053,0.9837519526481628
7.72,corner_exit,walking,True,-0.2928130360240489,0.3561510533793563,0.11870236755989873,0.5522192921656324,-0.027256688497937942,0.5528915569149032,0.23148858075813608,0.36940403618694445,-0.027951091616442825,103.2468491136659,0.9868503212928772
7.74,corner_exit,walking,True,-0.2946465628553803,0.3672994978518118,0.11811373177741963,0.550886078254543,-0.04457636392577735,0.5526866412674671,0.2311297586842455,0.3684308526211709,-0.37521449502265314,103.05513557557832,0.9884183406829834
7.76,corner_exit,walking,True,-0.29582589808910525,0.37789629494439547,0.11744127720361375,0.5300154136301453,-0.05129511922166774,0.532491810210729,0.23046422485924506,0.367256988405641,-0.9676467010919754,102.07159032223456,0.9886296391487122
7.78,corner_exit,walking,True,-0.29674978030007243,0.3883746448422132,0.11618349816967806,0.5300111198197903,-0.054877154903456904,0.5328445263516611,0.22920547536522853,0.3650058993989946,-1.1892627459458938,100.73249649447023,0.9882668256759644
7.8,corner_exit,walking,True,-0.2974984774946409,0.3988924395330196,0.11476383501305829,0.5198482437441306,-0.036334044748729144,0.5211164546736744,0.2276314778865521,0.3616205033214601,-1.0172229474967986,99.2629455481055,0.9879363775253296
7.82,corner_exit,walking,True,-0.2991685988547604,0.40898958939491964,0.11370458184640478,0.5180758169866875,0.02351248726526134,0.5186090909382738,0.22658942485938952,0.3580488690044335,0.13347930174729908,99.0013027996437,0.9879667162895203
7.84,corner_exit,walking,True,-0.3015443665134219,0.41950474972818513,0.11228623489504731,0.5530977290833133,0.0409126880912033,0.5546088224721695,0.22534139236582082,0.3538307695528011,0.17448539237439287,99.19556586909417,0.9890605807304382
7.86,corner_exit,walking,True,-0.30366681088523095,0.4300235288772549,0.11143627877857311,0.5348039167369261,0.010439903538913886,0.5349058056733529,0.2243984971271112,0.3504251757072466,0.036440633185549846,99.26908107562178,0.990809440612793
7.88,corner_exit,walking,True,-0.3055568463167069,0.4403571457221275,0.11061498663172215,0.5184370789203349,0.0050532771189044645,0.5184617058270456,0.22368154318317687,0.3469214720292127,-0.3601256463442776,98.77119629500137,0.9927201867103577
7.9,corner_exit,walking,True,-0.3069513558624127,0.45058729738667186,0.10998084708347965,0.5201329527955326,-0.011422421407970562,0.5202583591780348,0.2230366775159775,0.34364640531564733,-0.08798152739910865,98.62451110719607,0.9944076538085938
7.92,corner_exit,walking,True,-0.30836513515659303,0.46087715728534023,0.10973567882425454,0.5148946007573744,-0.012209683992544518,0.5150393443925364,0.22263888520538752,0.34072116325541557,-0.1496070705632642,98.46036465420309,0.9958064556121826
7.94,corner_exit,walking,True,-0.309795599355233,0.4704601874983828,0.10925769487452787,0.473948538146321,0.023866798942663303,0.4745490921946898,0.22207592706784046,0.3383209739275569,-0.4073599753047405,98.1022908538357,0.9964478015899658
7.96,corner_exit,walking,True,-0.3117327915259903,0.47907277098176515,0.10829533380885441,0.4232088005956951,0.03668874873419381,0.4247961313210463,0.22122167827200398,0.33716049470445786,-0.30904152489450465,97.63605713999901,0.9960587620735168
7.98,corner_exit,walking,True,-0.31360478280430276,0.48604613768783567,0.10930880237309994,0.3257470262135774,0.06312171280441364,0.33180638287162584,0.22134548218974906,0.33880463534979044,-0.17127511789071026,97.08799088254233,0.9938831329345703
8.0,corner_exit,walking,True,-0.31552942920225086,0.49254074908766743,0.1112676247107794,0.3073385357594651,0.03727334643793284,0.3095905003669431,0.22283425748789487,0.3406799091865027,-0.010540544557226195,97.46297436946008,0.9889164566993713
8.02,corner_exit,walking,True,-0.3173066623084967,0.49902381994329,0.11348417298329404,0.3142972129625334,0.06748614005958564,0.3214609108058989,0.22484667823713345,0.3461972190880704,0.16408378805946117,97.22079548890733,0.9825724959373474
8.040000000000001,corner_exit,walking,True,-0.318898734453223,0.5057247940571763,0.11472282872639829,0.3293736151524652,0.04371032598347363,0.33226129921521974,0.22641644675254807,0.35446178313969723,-0.6613123613353222,96.44245511409055,0.9788366556167603
8.06,corner_exit,walking,True,-0.32032193637467427,0.5125348694074664,0.11452302900145304,0.34120457410713684,0.00506690209016486,0.3412421938864301,0.22641371347519298,0.359691552506781,-0.20181967847610144,95.95408415551958,0.9764843583106995
8.08,corner_exit,walking,True,-0.32093224686059035,0.5194831349617554,0.11447263511986305,0.3442921216330766,-0.006289095360573371,0.3443495574834671,0.22655643479589938,0.36352486498903064,0.6442864811841496,96.37630894775268,0.975164532661438
8.1,corner_exit,walking,True,-0.3219202297763004,0.5262455919776834,0.11472154632928142,0.3241069229225484,0.024428751094486167,0.3250262471960674,0.22631752420091725,0.3657506800766487,-0.6155633990471177,96.03948512051261,0.9717678427696228
8.120000000000001,corner_exit,walking,True,-0.3233365638525951,0.5331850010644753,0.11523304981806899,0.34337357964680754,0.04288513303971042,0.34604125452797696,0.22646854474182065,0.3679463058938596,-0.3743095707736927,95.65615686322174,0.9681267738342285
8.14,corner_exit,walking,True,-0.32492918642412494,0.5408128720619864,0.1159806945142927,0.37774465559584486,0.04561498976834083,0.38048883311181325,0.22705088341011653,0.37077348930425014,-0.2939670024775724,95.49106111489203,0.9667448401451111
8.16,corner_exit,walking,True,-0.3264239595665672,0.549218937262006,0.11675256411237217,0.4165557774606057,0.03897363384386554,0.4183750230006631,0.22799848158389155,0.3721201876111326,-0.248717640857421,94.91547386873181,0.9684757590293884
8.18,corner_exit,walking,True,-0.3276620642481435,0.5585977921713046,0.11755923026008731,0.470891803057797,0.02314428630405352,0.47146022968596946,0.2291237435079461,0.3708943405360894,-0.07869785536568029,94.77386050293208,0.9718625545501709
8.2,corner_exit,walking,True,-0.3286796060947335,0.5689830522509017,0.11821985274274095,0.5239226101992959,0.00858934309366588,0.5239930135916165,0.23015207129677295,0.36834122268524083,0.1278019305856137,94.80836950785914,0.9758658409118652
8.22,corner_exit,walking,True,-0.3295465680813776,0.5803722387914052,0.11851980870945246,0.5618773175179287,-0.009640239024613861,0.5619600111659147,0.23080432220113817,0.3667078133434099,0.2739400704919378,95.056601305502,0.9804771542549133
8.24,corner_exit,walking,True,-0.3302235711708408,0.5922834703301029,0.1185779331083278,0.5832486568883104,-0.0257647656739588,0.5838174534152367,0.23117126561740375,0.36646700689222267,0.17731325674471712,95.35103007683297,0.9845542311668396
8.26,corner_exit,walking,True,-0.3307582526757045,0.6044515804654869,0.11826586626320712,0.6118535917603968,-0.03091669093471927,0.6126341971588357,0.23120800749726184,0.36648937404630544,0.14623122956055676,95.5278259155336,0.9873008131980896
8.28,corner_exit,walking,True,-0.33086109535704017,0.6162864233303527,0.11766057817038897,0.5838859971707804,-0.051823208166063006,0.5861812881666726,0.2306037060708748,0.3662288535833792,-0.40900814359375054,95.18493288858802,0.98869389295578
8.3,corner_exit,walking,True,-0.33148602051225373,0.6277371824411019,0.11685477362167696,0.5577166409125991,0.0022513597786656403,0.5577211849765848,0.22970148200436458,0.36567894294589165,0.656252452292474,95.41135202606063,0.9890017509460449
8.32,corner_exit,walking,True,-0.33266734821535554,0.6390718869606383,0.11552992010094142,0.5694484676625446,0.015351879400042123,0.5696553673268897,0.2284982307109668,0.3635489616357225,0.8826813438980133,96.19110240182967,0.9889736771583557
8.34,corner_exit,walking,True,-0.3347044942448715,0.6501242091794528,0.11398807602425387,0.5674441877933667,0.04401206577086514,0.569148458834681,0.22700011314829954,0.3603097279453201,1.0246287918469772,97.39589913698204,0.9889438152313232
8.36,corner_exit,walking,True,-0.3368511961085868,0.6609733137298944,0.11252827383866752,0.5529444158043244,0.02512569890781524,0.5535149751495363,0.22551633558418382,0.3572206944289502,0.8191650461366027,98.41614976933742,0.9894469976425171
8.38,corner_exit,walking,True,-0.33909016761545263,0.6718465913395496,0.11105856188543184,0.5542290621161707,0.014281546583990501,0.5544130372447972,0.22408249906434205,0.3536622632001566,0.5855217910970382,99.21126145779525,0.990504264831543
8.4,corner_exit,walking,True,-0.34107339015687166,0.682639392037711,0.10995116726471213,0.5521812101200364,0.007610550918648151,0.5522336546199562,0.2230301392312543,0.35009671888633703,0.3680474211295373,99.64986113368937,0.9920028448104858
8.42,corner_exit,walking,True,-0.3429450018592199,0.6932497737651386,0.10922722784685523,0.5319026737810449,-0.0012759013160922317,0.5319042040627177,0.2222088118821112,0.3465829327891224,0.27356476072857466,100.01618799104008,0.9934677481651306
8.44,corner_exit,walking,True,-0.34498666666553485,0.7036148007311769,0.10884861688107862,0.5270171469368795,0.016345507174501894,0.5272705650520235,0.22183030981651453,0.3436799163597716,0.04332413343579228,100.15327843408717,0.9947684407234192
8.46,corner_exit,walking,True,-0.34701759922872866,0.7134015970892497,0.10816925782613898,0.4922038833373111,0.020321941500800356,0.49262322730327207,0.22117866924461954,0.34083998710414076,-0.18575127948020514,100.01509674089371,0.9955385327339172
8.48,corner_exit,walking,True,-0.34938916523561936,0.7224583026350918,0.1073028694981702,0.45483414329616834,0.04351890329063379,0.4569113621388496,0.22037573080456427,0.33937430034753513,-0.12085147796526177,99.77799511091983,0.9953755140304565
8.5,corner_exit,walking,True,-0.35170207224393174,0.7301676704616811,0.10812322792402188,0.37497171705413335,0.0494283345149899,0.3782154793810676,0.22027236268606706,0.33980511809308456,0.5023422063920534,99.95392955286817,0.9933027625083923
8.52,corner_exit,walking,True,-0.3536995903698996,0.7372996614174524,0.11043510098485117,0.341660169549469,0.024025124169861523,0.34250383654486144,0.22207470257722658,0.3423571110486401,-0.19116947261048578,100.45943754494644,0.988746702671051
8.540000000000001,corner_exit,walking,True,-0.35565217474936855,0.7445076339383255,0.11263550256143061,0.3448875714907389,0.030197982161278003,0.34620709856297344,0.22397621524443775,0.34752073329748023,-0.12211658909825274,100.36215283154704,0.9832086563110352
8.56,corner_exit,walking,True,-0.3572013049174666,0.7518250763969903,0.1137616538329599,0.35975410690293297,0.023473226011493376,0.36051908378463626,0.2254768954741251,0.3535745898005891,0.20358569232513946,99.80551761386975,0.979758083820343
8.58,corner_exit,walking,True,-0.35843880683177154,0.7591916596006109,0.11421100381310616,0.3695850276252872,-0.017413894214913017,0.36999504909729874,0.22642711208878707,0.3594107119049757,-0.8813331873609984,99.332896636955,0.9783504605293274
8.6,corner_exit,walking,True,-0.3597039457612628,0.7664286794825104,0.11448097670016306,0.34650967548039613,0.009224649543994712,0.346632441298761,0.22635954849747433,0.3631459146206222,0.14080298413574344,99.6000004259185,0.9765449166297913
8.620000000000001,crouch_gate,crouch,True,-0.3614138994392979,0.7734665675586532,0.1150725278604022,0.3461043259460006,0.031638790968080976,0.34754743206137684,0.2266505343587586,0.3639094864868482,-0.266469436993449,99.68269467261295,0.9724062085151672
8.64,crouch_gate,crouch,True,-0.3634004044193313,0.7807138881827711,0.11564953436524782,0.3593351059100635,0.04161641673273908,0.3617369824624924,0.22665552973052477,0.3669762616135181,0.08739884034918766,99.56848974042896,0.9664891958236694
8.66,crouch_gate,crouch,True,-0.3656044089732265,0.7884201706558215,0.11616145171547435,0.3837423216251074,0.053976685837090144,0.38751987306483177,0.22684766770927697,0.3802405498455727,-0.2616758923421183,99.51170214110755,0.9624179601669312
8.68,crouch_gate,crouch,True,-0.36810496666235987,0.7967129117444578,0.11696575280920653,0.41247381005962586,0.06829618110099916,0.41808971804875183,0.22775271794424107,0.41456573332310426,-0.500475189345692,98.9804352529055,0.9618059992790222
8.700000000000001,crouch_gate,crouch,True,-0.37069730980031074,0.8053190910256115,0.1181530698357591,0.4115848959983408,0.0805502521482212,0.4193929776893111,0.22939622346289315,0.47466619089946127,-0.8579061198121829,98.07354073012539,0.9648715257644653
8.72,crouch_gate,crouch,True,-0.3732671341693221,0.8142411296283588,0.11965861528120464,0.43858368046660945,0.0756254212090105,0.445056006705535,0.23185888682866337,0.5607532142038659,-0.6410719827640163,97.17094900630703,0.9709004163742065
8.74,crouch_gate,crouch,True,-0.37572113431383025,0.8233365972897444,0.12150490316332996,0.4367359863202551,0.08003623794929787,0.4440091453249614,0.23465508483209255,0.6654856002611146,-0.4573918146440794,96.3839717302553,0.9785974621772766
8.76,crouch_gate,crouch,True,-0.3781443294868638,0.8324147502235029,0.12337256889981682,0.44622546599341617,0.08248836310287849,0.45378573859083954,0.2373999635450854,0.7754384632030269,-0.1313629088003174,95.98478414024514,0.9858546853065491
8.78,crouch_gate,crouch,True,-0.3806625247991304,0.8415125608034904,0.12481819577496225,0.45430765181121624,0.08659395689892208,0.46248670885295035,0.2393879526323308,0.8756514923569713,0.0466554579576751,95.87698376463132,0.9914676547050476
8.8,crouch_gate,crouch,True,-0.38338744094625044,0.8506284334797481,0.12540678560952587,0.4649528180844762,0.09703391305065978,0.47497021309406234,0.24017319612701563,0.9536928810713536,0.4744234207056235,96.16299996836527,0.9950229525566101
8.82,crouch_gate,crouch,True,-0.38680364311455595,0.8598496713256705,0.12448579722269042,0.48458715285560094,0.1252961471439744,0.5005235590877037,0.2390144891392076,1.003616290003182,1.109510437044522,97.18025780861726,0.9968322515487671
8.84,crouch_gate,crouch,True,-0.39093266065787174,0.8692994608547878,0.12216922767695511,0.5122025106118384,0.13665563619132048,0.5301190194474491,0.23568741425756512,1.0257222754916997,2.0170628977136995,99.1976228334156,0.9976402521133423
8.86,crouch_gate,crouch,True,-0.3957004473268144,0.8788795530760976,0.11839180608322925,0.5296285003039999,0.14046485130745,0.5479386122432768,0.22985667361808387,1.021690253459195,2.5651226209436757,101.93642909244237,0.9979560375213623
8.88,crouch_gate,crouch,True,-0.40087687205854317,0.8891496520861938,0.11407348576092538,0.5913536940975471,0.115697477400873,0.6025654303059054,0.22178932549338287,0.997084309963475,2.402308003544123,104.81735813988028,0.9977960586547852
8.9,crouch_gate,crouch,True,-0.4063093325396229,0.8999031803752401,0.10913818153569026,0.6134935157322448,0.0993992029972115,0.6214937613540388,0.2117411907427126,0.9574583925443239,1.8734451476128167,107.23925357577227,0.9969865083694458
8.92,crouch_gate,crouch,True,-0.4119653651266155,0.910252764427096,0.1031393616565279,0.5973276751465155,0.10591504028395393,0.6066451576121685,0.19951909211607174,0.9109374824770071,1.0092204469506239,108.79742492658562,0.9953729510307312
8.94,crouch_gate,crouch,True,-0.41647866574905007,0.9190969429138192,0.09768705276450473,0.4620378797159956,0.054864200995958345,0.46528387339706684,0.18824289200327288,0.8644499005308678,0.29690278618612725,109.34348729634812,0.9944636821746826
8.96,crouch_gate,crouch,True,-0.4208948710141131,0.926099637176055,0.09334080705918514,0.4089020800482175,0.10846344255005591,0.42304282222674355,0.1819310275178565,0.820544694589931,1.820029688082509,110.85990021762152,0.9962040781974792
8.98,crouch_gate,crouch,True,-0.4266221462321454,0.9318999053045804,0.08948004781056032,0.37278353978995454,0.17894396359918752,0.41350756903219554,0.17695929974359478,0.7798547572464388,3.754225068143006,114.11529082192556,0.99757981300354
9.0,crouch_gate,crouch,True,-0.4326077545754727,0.9373454067311973,0.08592103103621525,0.3998055700571643,0.1307375964262159,0.42063857760319395,0.17295886983263478,0.7517398062756198,2.5997039286232706,117.61376602963706,0.9974161982536316
9.02,crouch_gate,crouch,True,-0.4371671467150219,0.9437155525523113,0.08462426263813516,0.39448210450252685,0.01671017050676543,0.3948358653556028,0.17090000108370268,0.7480717490874005,0.4563222632814429,118.7394761460752,0.9975595474243164
9.040000000000001,crouch_gate,crouch,True,-0.4408266751341291,0.9511830784244621,0.08391763695463575,0.4296284131260348,-0.03703288229717827,0.43122152976913325,0.16975288476795763,0.7493444759998679,-0.6241037641620508,118.46184002382638,0.9987655282020569
9.06,crouch_gate,crouch,True,-0.4439697772025237,0.9590539631804229,0.08228719280819097,0.4234415241425908,-0.038961984417773876,0.4252302442183189,0.1673109560150584,0.7397018933469754,-0.8206851394333448,117.70863376199848,0.9995426535606384
9.08,crouch_gate,crouch,True,-0.44810636316038405,0.9666325103527483,0.08142508368315657,0.44185621127011704,0.02076376937248503,0.4423438092214427,0.16569839010742782,0.7139243127185516,0.030016677965865164,117.72910421971432,0.9993108510971069
9.1,crouch_gate,crouch,True,-0.4531252676753485,0.9740431063358113,0.0810871751675467,0.4474426872179139,0.06424238415200578,0.4520310191417419,0.16473357842385386,0.6815631881396208,0.6807022931455535,118.24523673309346,0.9993494749069214
9.120000000000001,crouch_gate,crouch,True,-0.45882866968711467,0.9809707322434772,0.07926384269798616,0.4398005432697061,0.09608108251857372,0.45017340245539783,0.16234879622895976,0.652014169164487,0.38741737839484464,118.82492929217271,0.9995242357254028
9.14,crouch_gate,crouch,True,-0.4637056886183015,0.9872616535246502,0.07696984666828902,0.3919126505957976,0.03519765938143943,0.39349002645931896,0.15954494958959745,0.6298083129605261,-0.8007113548754528,118.30913839946552,0.9991006851196289
9.16,crouch_gate,crouch,True,-0.4676050665604118,0.9943284443538901,0.07748224091277627,0.40585802160329515,-0.010613182517987485,0.40599676518773015,0.1600180696730145,0.6266772470386218,-0.7534469284324423,117.55513852313517,0.9980893731117249
9.18,crouch_gate,crouch,True,-0.4705730208261667,1.002567256292179,0.07818180240771799,0.44756567780006495,-0.07499782673684752,0.4538058064413475,0.16101801186527548,0.6433331569904924,-1.4496014800729793,116.16980310667662,0.9983885288238525
9.200000000000001,crouch_gate,crouch,True,-0.4729737462578099,1.0105905644584294,0.07814050112063751,0.4158884689618876,-0.03799246740201345,0.4176202176556542,0.16146271797969017,0.6632911204015564,-0.893956935112791,114.72799171045084,0.9985002279281616
9.22,crouch_gate,crouch,True,-0.4767131194606745,1.0184320536943967,0.07758372513886888,0.44806246632166524,0.023094288873341196,0.44865724100343984,0.16169763802342216,0.680151307308345,0.6851290136738806,115.16031298406736,0.997982382774353
9.24,crouch_gate,crouch,True,-0.48154696758749316,1.0262877863152522,0.0782205958127315,0.46144393094085023,0.060350975006231544,0.4653737654685177,0.16230021474789275,0.6900130514946047,1.2423627988436996,116.33685177845305,0.9984930753707886
9.26,crouch_gate,crouch,True,-0.48723212350459655,1.0336161462041413,0.07759886293951772,0.45411759537323015,0.09964736015561992,0.46492191474864747,0.16177717504394168,0.6914214740140546,0.9895723987273607,117.5784081040773,0.9991210103034973
9.28,crouch_gate,crouch,True,-0.4922944800694549,1.0399179834787857,0.07624062402740392,0.3930739621491245,0.053785278134510894,0.3967366832845408,0.16078189635974394,0.6869018626983444,-0.138792881627484,118.06264026024114,0.9984275102615356
9.3,crouch_gate,crouch,True,-0.4964431481005515,1.046856660824295,0.07663925596142464,0.4030930250487693,-0.0020575532994971946,0.40309827631552586,0.16161043606714398,0.6977211366557562,-0.5108470840236792,117.71018162207783,0.9971424341201782
9.32,crouch_gate,crouch,True,-0.4995769343707609,1.0549301462608098,0.07744920404645865,0.44131140723468426,-0.0664340772145483,0.4462838163890843,0.16292832607292604,0.7252158061839928,-1.151082074863308,116.6475349456494,0.9976224899291992
9.34,crouch_gate,crouch,True,-0.5019752894876849,1.0630042528096455,0.07685924032823015,0.4051749236750951,-0.05819621082427706,0.4093330156845681,0.16291382333333043,0.7575100405596583,-0.7815844327186541,115.75922950764075,0.9983602166175842
9.36,crouch_gate,crouch,True,-0.5053106581770492,1.0704629591840782,0.0762885461997555,0.4192250204125835,0.004714557533202601,0.4192515292669366,0.163100801850721,0.7797351957002798,0.8402357659738433,116.36683119996954,0.9976680278778076
9.38,crouch_gate,crouch,True,-0.5098457139793989,1.0780848065287174,0.07744047369993953,0.44725653788111197,0.04209575418344336,0.44923319467473843,0.16431091557001093,0.7970964413340077,1.5654789234579023,117.85380610621058,0.9980572462081909
9.4,crouch_gate,crouch,True,-0.5154538700795923,1.0852845815539696,0.077646203354088,0.45228969290159643,0.08519194059452984,0.46024301520749045,0.16467856388558694,0.8026806836043207,1.6077330824256848,119.68238645583662,0.9989268779754639
9.42,crouch_gate,crouch,True,-0.5207889268819335,1.0913007567832609,0.07588482288317308,0.3753906391594423,0.06951018112103813,0.381771917835786,0.16320688770377612,0.8007700906803356,0.23730515380796136,120.38163016071887,0.9988316297531128
9.44,crouch_gate,crouch,True,-0.5251891459096619,1.0973391208512786,0.07485582262885843,0.37151260400167374,0.02474690877701391,0.3723359026821376,0.1626299305880872,0.7986689649815595,-0.7657561568798602,119.46080820595523,0.9970052242279053
9.46,crouch_gate,crouch,True,-0.5288277052332988,1.1045043698024954,0.07599412715333634,0.4114802086297688,-0.03284180966498451,0.41278874325260995,0.16399723484640302,0.8158134837731856,-1.5408792428345797,118.01040502081845,0.9967254996299744
9.48,crouch_gate,crouch,True,-0.5314651992302589,1.1124653646741527,0.07619538695196326,0.41442421350587233,-0.078822615599903,0.42185356875338975,0.16474386911202452,0.8460645394896356,-1.350511708841856,116.38043497897219,0.9978765845298767
9.5,crouch_gate,crouch,True,-0.5337491549777195,1.119589044735435,0.075496912324955,0.3657335285374092,-0.0311149891106014,0.36705470497430864,0.1646460921108517,0.8711017366282077,0.023590888468878135,115.69416725827462,0.9977644085884094
9.52,crouch_gate,crouch,True,-0.5371125054742685,1.1268328481919194,0.07631949409583887,0.4064455080799765,0.012343100541150509,0.4066328850072989,0.165547961561428,0.8931467869635122,0.8083703312584998,116.26962836314365,0.9974883198738098
9.540000000000001,crouch_gate,crouch,True,-0.5417191988081287,1.134008666143612,0.07702244347473639,0.4306736293051636,0.059396275552134004,0.43475014954378854,0.16633391823278817,0.900963189307001,1.2625179456210656,117.52393408133197,0.9984743595123291
9.56,crouch_gate,crouch,True,-0.5469064250177961,1.1404282045549923,0.07572510831673192,0.39259979946508256,0.0889691674171329,0.4025544873565824,0.1651595778560516,0.8960096510866596,0.38291303812624744,118.34302040109156,0.9991079568862915
9.58,crouch_gate,crouch,True,-0.5512874092684954,1.1460757884505446,0.07353845762356939,0.35394983071901015,0.03597248073917991,0.35577310471218393,0.16308031623221944,0.8817846567093772,-1.5537507009797227,117.37216235943625,0.9985278248786926
9.6,crouch_gate,crouch,True,-0.5549063773696308,1.1525635195554633,0.0739184227033168,0.37350815489712874,1.0546752752416122e-05,0.37350815504603313,0.1631390858973984,0.8794575668198935,-1.4851296495923247,115.82961439868728,0.9975066781044006
9.620000000000001,crouch_gate,crouch,True,-0.557430441306451,1.1600625145871142,0.07471861818954458,0.40073713072851447,-0.06190403460268151,0.40549026800234367,0.16393775452513176,0.8909553161107098,-1.9141244542957567,113.79877047331925,0.998089611530304
9.64,crouch_gate,crouch,True,-0.5591742673613826,1.1671872953953286,0.07436812879007854,0.35350908698318595,-0.04045119561894095,0.3558159268592225,0.16376727548182754,0.9029295000564762,-1.1340668707049673,112.1498403965957,0.9983469247817993
9.66,crouch_gate,crouch,True,-0.5618597875603214,1.1744604422266802,0.07381333546438519,0.4021208474952034,0.0135991331766665,0.40235073308423003,0.1633316809327045,0.9084486016185439,-0.03287909932048849,111.7218328921714,0.9979583024978638
9.68,crouch_gate,crouch,True,-0.5659350823427893,1.181860580443103,0.07430999186593419,0.4258865080711644,0.07051610827857557,0.43168488424289975,0.16346243211972786,0.9039646441909401,0.6401685503421884,112.18343568191237,0.9987932443618774
9.700000000000001,crouch_gate,crouch,True,-0.570828955061878,1.1886627505623373,0.07340039870802818,0.3842793086924127,0.10440219294704794,0.39820899661016107,0.1620920802288628,0.8867596138244509,0.8997815869239492,112.80234687512265,0.9995270371437073
9.72,crouch_gate,crouch,True,-0.574783090202712,1.1948604111174477,0.07233251169527626,0.3643028283847681,0.03613947452840821,0.36609098922034566,0.16100373035795326,0.8569136047103477,-0.9699831036815436,112.57448127400043,0.9988006949424744
9.74,crouch_gate,crouch,True,-0.5779296711892039,1.2019392187680031,0.07220371252325836,0.38862773941738926,-0.0012683041147549257,0.38862980899565297,0.16060329607634924,0.8412561368748341,-1.3468270847991246,111.11571622324483,0.9976311922073364
9.76,crouch_gate,crouch,True,-0.5799470762142098,1.209868136788619,0.07317132855599534,0.41354597603880805,-0.06065259999985195,0.41797010919996713,0.16133241261304326,0.844755090473139,-1.7539128330802827,109.27242594114162,0.9981705546379089
9.78,crouch_gate,crouch,True,-0.5811812734605024,1.2172819290900372,0.0730465813426714,0.35809015102196773,-0.04100552321479517,0.3604303111463501,0.16133036042037838,0.8524509624680611,-1.1019180868633844,107.71954712152929,0.9984414577484131
9.8,crouch_gate,crouch,True,-0.5832910547716817,1.2244380373235095,0.07218109640994563,0.38947986312093147,0.006550069104949041,0.3895349370492705,0.1609530246635257,0.8558113927058649,0.5098378039756879,107.90450941095193,0.9975741505622864
9.82,crouch_gate,crouch,True,-0.5865478850064509,1.2319722692811415,0.07302307821889353,0.41547149773262204,0.05205467453912138,0.4187197804851856,0.16132024386740365,0.8580638466169374,1.1814317893288726,108.97094938781125,0.9982201457023621
9.84,crouch_gate,crouch,True,-0.59090781697712,1.2391987481344349,0.07287311252809969,0.4129687811313097,0.09886648245850149,0.4246384291874638,0.16092011886670493,0.8524345184381875,1.0349605328220821,110.21435908483039,0.9992598295211792
9.86,crouch_gate,crouch,True,-0.5948601681941066,1.2454006545643541,0.07192986554500708,0.34900790704589535,0.05252523159212985,0.35293826533030276,0.15963334953471908,0.838937519042641,-0.4716124866724489,110.28245803337545,0.9991689920425415
9.88,crouch_gate,crouch,True,-0.5978644679732081,1.252108928508312,0.07170868387422304,0.37020300385478117,0.01863431363141782,0.3706716899192831,0.15955302111483566,0.82810424006182,-1.2368646430281631,108.81167648738266,0.9979397058486938
9.9,crouch_gate,crouch,True,-0.6000186988383686,1.2597381151250306,0.0731219455927919,0.4048169618407822,-0.03218383444996803,0.4060942892899434,0.16074488909137352,0.8313550716247294,-1.8478574878929435,106.95585445065704,0.9982926845550537
9.92,crouch_gate,crouch,True,-0.6010393386046701,1.2673321697308693,0.07319066797298861,0.3610092604357674,-0.06357315071407876,0.36656408936514057,0.1609069576532921,0.8395049156495406,-1.4488250143140915,105.30325833338235,0.9990272521972656
9.94,crouch_gate,crouch,True,-0.6025241613635481,1.2741032189387946,0.07253620031075482,0.35439127915290325,0.006021740944955223,0.3544424355288728,0.16084725978775605,0.8385850792566936,0.5171953946242742,105.20712779737626,0.9983741044998169
9.96,crouch_gate,crouch,True,-0.6050757581131974,1.2813632074504742,0.07237576350188218,0.39535631670836924,0.039598418143579006,0.39733443329351925,0.16056256751446962,0.8394594397172463,1.5076885447662816,106.5761552199658,0.9977515935897827
9.98,crouch_gate,crouch,True,-0.608948758694684,1.2886533077865663,0.07279420582180453,0.41087853193793217,0.09081345015741404,0.42079478458859665,0.16081116226128103,0.8416504750120448,1.7624672341705183,108.48855964365013,0.9986712336540222
10.0,crouch_gate,crouch,True,-0.6129435734788452,1.294868376560736,0.07168928417920378,0.34014020013144647,0.07558233775024603,0.3484365731740179,0.15973501743795465,0.8397126210502162,0.5947535059476934,109.53035127479798,0.9989305734634399
10.02,crouch_gate,crouch,True,-0.6160780726865087,1.3010352578331876,0.07111347704479133,0.3523979327254301,0.033868799887764756,0.35402174875986675,0.15941318426087325,0.8344958902259723,-0.6818142666917334,108.84327056143734,0.9975845217704773
10.040000000000001,crouch_gate,crouch,True,-0.6184237618429853,1.3081993104633916,0.07237646805130622,0.38535907820647997,-0.01912138991174256,0.3858331850791282,0.16056723739209514,0.8398395366065597,-1.4364258298044321,107.51718361667322,0.9976723194122314
10.06,crouch_gate,crouch,True,-0.6195798797136307,1.315813396229052,0.07273945579235852,0.3618138444394319,-0.07109635544234988,0.36873289761726763,0.1609028771762482,0.849518746202868,-1.8279007960514895,105.78316090666692,0.9986568093299866
10.08,crouch_gate,crouch,True,-0.6207277198942143,1.3225882677364247,0.07221847618689,0.3509978547374701,-0.01017915235829886,0.351145424536672,0.16083507593462748,0.8505169417232006,-0.19447047876144435,104.94605370160355,0.9981521964073181
10.1,crouch_gate,crouch,True,-0.6229527158767223,1.3299030157708387,0.07203299503727925,0.39383301573681745,0.029995770348058615,0.3949736580116828,0.16052660595710616,0.8515027962780136,0.9632199485833713,105.62074759735955,0.9976845383644104
10.120000000000001,crouch_gate,crouch,True,-0.6264876031538452,1.3373241481107292,0.07234521567128288,0.4109659604424798,0.08299908697301445,0.41926348407745206,0.1605581714152341,0.8500127743558115,1.3322513198712658,106.99536023094855,0.9986740946769714
10.14,crouch_gate,crouch,True,-0.6302938248777419,1.3438192592512506,0.07121763611778564,0.34876913242728547,0.07293073611241219,0.3563127839468852,0.15924381550536534,0.8416428514196264,0.5966102783970004,107.83719692521704,0.9990940690040588
10.16,crouch_gate,crouch,True,-0.6329831097017372,1.3501063282569283,0.07026890682010277,0.3432474844241641,0.0219062603135855,0.3439458094009045,0.15856942836524512,0.8287127620367286,-1.2284944930209023,106.74678844144849,0.9977172613143921
10.18,crouch_gate,crouch,True,-0.635000689128431,1.3571889443251217,0.07174327329988163,0.37344591854123543,-0.013914700333921615,0.3737050614595551,0.15977174629788,0.8341830228748145,-1.7810013450171298,104.9543804314712,0.9974184632301331
10.200000000000001,crouch_gate,crouch,True,-0.6358034192535598,1.364923408998377,0.07267521630543423,0.38666881993374524,-0.07111359220484192,0.3931538112561439,0.1608338877774475,0.8500069420669549,-1.92297130210511,102.78520190946104,0.9983528852462769
10.22,crouch_gate,crouch,True,-0.636197946063633,1.3717948498709276,0.07273380448327979,0.33335551394706103,-0.02393538319347388,0.3342137059540312,0.16114556876355884,0.8610492156406984,-0.3796232109667814,101.5454580220811,0.9981874227523804
10.24,crouch_gate,crouch,True,-0.6375521040863651,1.379021515839512,0.0730640743017927,0.3769902155340794,0.010130496269763478,0.37712630452290563,0.16161481455674015,0.869080052268282,0.7715259308508042,101.99810448522368,0.9976746439933777
10.26,crouch_gate,crouch,True,-0.6400851441809114,1.3865056090265482,0.07388394670385615,0.39779934294254105,0.059853605576064284,0.4022769833659048,0.16224796020332394,0.8685880584625832,1.2737037924109231,103.24583001607992,0.9985986351966858
10.28,crouch_gate,crouch,True,-0.6434908534276189,1.3933909917666434,0.0729980273726038,0.36426506132842806,0.09479940516638224,0.376398674445731,0.16128055931044957,0.8585650464998891,0.536428289449063,104.16242266238518,0.9993111491203308
10.3,crouch_gate,crouch,True,-0.6460836157499709,1.3996410352796445,0.07185420659819414,0.3442210678790541,0.024078241212566687,0.34506217595049,0.1600592114643389,0.8401203951143361,-1.0841640358614868,103.5867398808406,0.9988493323326111
10.32,crouch_gate,crouch,True,-0.647801966954903,1.4067972851977562,0.07177414257233736,0.3689168259684956,-0.00976232068275451,0.3690459692067944,0.1597046812216813,0.832846770271093,-1.4957149602224165,101.96443872997229,0.9980717897415161
10.34,crouch_gate,crouch,True,-0.6482421453986179,1.4145249253602634,0.07254711313122321,0.3907121627401239,-0.07044595968992695,0.39701212494041016,0.16032521881388714,0.8393222795766756,-1.7972662468368243,100.03429335469914,0.9985880851745605
10.36,crouch_gate,crouch,True,-0.6482974548784771,1.4214417615506814,0.0726856741627792,0.33521374398241177,-0.02447691645667127,0.3361061939237847,0.1606167362293436,0.8446131905543188,-0.7115838210344405,98.55797841578146,0.9984737634658813
10.38,crouch_gate,crouch,True,-0.6494588231775741,1.4284017361820918,0.07248189237706869,0.364843511632848,0.015675083038556803,0.3651800873662935,0.16080705747200946,0.8485391238044475,0.933926921836463,99.20398772001876,0.9975525140762329
10.4,crouch_gate,crouch,True,-0.6516364330159096,1.435850918203598,0.07333707072470819,0.39440706525687785,0.058215641160148324,0.39868031554145017,0.1614856815375102,0.8517096636260965,1.5690434837036775,100.72750135749946,0.9983021020889282
10.42,crouch_gate,crouch,True,-0.6548125712305338,1.4429451189242066,0.07281780563378362,0.3706684452901758,0.0989317115244121,0.3836438190287777,0.1608599605884563,0.8490082184877414,1.0187983227993387,102.12826846057456,0.9992048144340515
10.44,crouch_gate,crouch,True,-0.6573647658213303,1.4491024256494525,0.07216788235635185,0.32330656836785077,0.0299466666836799,0.3246905295743305,0.1601896940672819,0.8373479956051226,-0.9193271253570658,102.03623924265513,0.998775839805603
10.46,crouch_gate,crouch,True,-0.6589961507076529,1.4559856657093004,0.07250688279044608,0.3567915734866589,-7.446606254180033e-06,0.3567915735643681,0.16054396050331257,0.8346104502318384,-1.4792113377901044,100.48967348227373,0.9977371096611023
10.48,crouch_gate,crouch,True,-0.6594902161292563,1.4635880833308312,0.07372754497404849,0.3882432686818849,-0.055303527496855465,0.3921623590177794,0.16172840636163807,0.844854928328402,-1.9047537171879816,98.4986824932553,0.9983417987823486
10.5,crouch_gate,crouch,True,-0.6593604005281615,1.4705711704560798,0.0736974427127235,0.33311099560616847,-0.035205137411448706,0.33496617305914905,0.1618980160164924,0.8548760559410075,-0.9393264647457178,96.98618537296586,0.9986304640769958
10.52,crouch_gate,crouch,True,-0.660217823613323,1.4774958547182784,0.07292324502330015,0.3659313987050434,0.012212595732543019,0.3661351335951741,0.16168199227785776,0.8580679657831358,0.7570382781205516,97.4101504113517,0.9977349042892456
10.540000000000001,crouch_gate,crouch,True,-0.6620551863783111,1.4850447980059835,0.07374615679123193,0.39394991387133804,0.05298930303661681,0.3974976740504793,0.1620961593244662,0.860393062626742,1.4232600672766487,98.77785764638396,0.9982629418373108
10.56,crouch_gate,crouch,True,-0.6650608945027051,1.4924664818676965,0.07362700724623365,0.38975165222404806,0.10255926088215184,0.4030195434517644,0.16177721199432044,0.8563415848886188,1.2205229943672156,100.25598623394902,0.9992086291313171
10.58,crouch_gate,crouch,True,-0.6676906165271846,1.4988954631693445,0.07333611972801767,0.3318246174077608,0.040829614584785234,0.3343271364172357,0.16128807058241212,0.8435584626778793,-0.3873872309194306,100.68139660741876,0.9988594651222229
10.6,crouch_gate,crouch,True,-0.6694014091021107,1.5059339973826162,0.07378457117410758,0.36481989629953804,0.005953924465177174,0.36486847760877167,0.16185889147783483,0.8397498198265879,-1.0447464970498277,99.70728510901873,0.9978687167167664
10.620000000000001,crouch_gate,crouch,True,-0.6699462854963183,1.513667436441649,0.07504644668807811,0.3940632409030661,-0.05204047843192883,0.3974846528187623,0.16305171460680087,0.8487285987854866,-1.5292798716914404,98.16499916081065,0.9984402060508728
10.64,crouch_gate,crouch,True,-0.669716673832422,1.5209792027470574,0.07490502943123725,0.3459662400097979,-0.04960043034497019,0.3495037080159856,0.1630064665216634,0.8587589619974938,-0.9081631437832155,96.9872829863576,0.9989680647850037
10.66,crouch_gate,crouch,True,-0.6704821258831174,1.5279059260933021,0.07437028541194723,0.3643756112853583,0.005086605142886558,0.3644111135125521,0.16292316897746337,0.8592004493556082,0.85030752900514,97.59890347970254,0.9981564879417419
10.68,crouch_gate,crouch,True,-0.6721299160779182,1.5354293658468374,0.07536312062836402,0.3894718518031174,0.04105773552906611,0.3916300052265201,0.16356994983710024,0.8597260134998275,1.5452274959953385,99.10351042846874,0.9983792901039124
10.700000000000001,crouch_gate,crouch,True,-0.6749867427272376,1.5428487090416922,0.07560870712810504,0.3913003570282413,0.09199904872975051,0.40196989237703873,0.16365454346096198,0.8548816689711072,1.513098979101765,100.84154564606803,0.9991892576217651
10.72,crouch_gate,crouch,True,-0.6777057879048256,1.5492757561650095,0.07508217802114502,0.33207254711101253,0.045807254968091016,0.3352170657238491,0.1628710380455433,0.8439389026131379,-0.0890139349833926,101.38877571464741,0.9990277290344238
10.74,crouch_gate,crouch,True,-0.6795544677091508,1.5563056090019316,0.07508596609755255,0.3665507576831949,0.007878604448153359,0.36663541886481005,0.16305600068966628,0.8374925356471351,-0.8066229962135125,100.61832318883404,0.998019278049469
10.76,crouch_gate,crouch,True,-0.6803239857139911,1.5640290274237547,0.07643725408272309,0.3940184403479248,-0.048411131605492375,0.3969813207161459,0.1642644194102576,0.8431487387663524,-1.3020136730224767,99.34641731291877,0.9984309673309326
10.78,crouch_gate,crouch,True,-0.680074421530254,1.571601963765806,0.07650479504240487,0.3573179518500411,-0.0729827752673779,0.364695220972303,0.16433737115947666,0.8515515669629578,-0.9033091126834246,98.3359764870814,0.9990979433059692
10.8,crouch_gate,crouch,True,-0.6806456003751764,1.5785656119847913,0.07624153495511404,0.3570266876522678,0.0011896840443594292,0.35702866977887837,0.1645374282041372,0.8482906178367623,0.9179240691333355,98.73924113959767,0.9984563589096069
10.82,crouch_gate,crouch,True,-0.6822165159991046,1.5860512812922876,0.07718121031839871,0.3873963123248908,0.030287408266921167,0.3885784732875092,0.16519834087463392,0.8471379438929931,1.7410204977186643,100.41217812629483,0.9980995059013367
10.84,crouch_gate,crouch,True,-0.685035300988523,1.5934983202806412,0.07791439028909562,0.39357223518516193,0.08030716195845139,0.4016818947506414,0.1658168835836015,0.8457788794796702,1.820995980920231,102.46320494409576,0.9988464117050171
10.86,crouch_gate,crouch,True,-0.6879743577984674,1.5999215719992534,0.07720302290566082,0.3329809806429421,0.05448158884719073,0.3374086202118282,0.1651531164387066,0.8420094494940245,0.3263089949606035,103.37884061083172,0.9989468455314636
10.88,crouch_gate,crouch,True,-0.6900087245530978,1.6066296070255652,0.07656968508491346,0.36261484491676343,0.010928821014061507,0.3627794989835641,0.16498033996075356,0.8380044290632194,-0.868805821600117,102.5410421385206,0.9976974129676819
10.9,crouch_gate,crouch,True,-0.6912075619128489,1.614206061064201,0.07805088378833012,0.388024272029637,-0.03670836695629326,0.38975677016406995,0.16621839664087643,0.8490693914770818,-1.3223952226200635,101.22415903714348,0.9977850317955017
10.92,crouch_gate,crouch,True,-0.6911952542521008,1.6220272481071178,0.07891740258281003,0.3675877342257655,-0.0874295073295524,0.37784211134430246,0.16716146844601973,0.8651943921202351,-1.5010490899989746,99.79137879640712,0.9986863136291504
10.94,crouch_gate,crouch,True,-0.6913886520903503,1.6291311352870879,0.0791018870345984,0.35084651849964654,-0.01981810980214116,0.3514058010611842,0.16780808869740707,0.8688644982930841,0.323041316614334,99.33442350170905,0.9981619715690613
10.96,crouch_gate,crouch,True,-0.6926609192002966,1.6365204815379593,0.08030940489173202,0.37692159815757026,0.01754571976004765,0.3773297542462759,0.16899984301971388,0.8715648438337017,1.2146215685177457,100.38393477505777,0.9976100325584412
10.98,crouch_gate,crouch,True,-0.6951036600115588,1.6439703894344804,0.0814225687279353,0.3906466608748146,0.06403085305238199,0.3958595253309665,0.1700698046009101,0.8699965059016991,1.4685809311728477,101.96084490865707,0.9982959628105164
11.0,crouch_gate,crouch,True,-0.698166046150369,1.6507131690525123,0.08055318022528743,0.3478333121377385,0.08610338062317596,0.358331976227979,0.16949656772953783,0.8655414169724638,0.4029249542575087,102.85843944401753,0.9987782835960388
11.02,crouch_gate,crouch,True,-0.7002926670147706,1.6569124698413924,0.07937638713159001,0.33668523310015713,0.011450355321413974,0.33687988486208814,0.16858133498499062,0.8581948997496812,-1.6295041760722684,101.73849688380918,0.9978207349777222
11.040000000000001,crouch_gate,crouch,True,-0.7015028811940388,1.6639009359721784,0.0807646889605697,0.3573951100128498,-0.019391373471661533,0.35792078736253147,0.16968226738728925,0.8717255755147758,-1.7649318888075374,99.89699676719708,0.997081995010376
11.06,crouch_gate,crouch,True,-0.7015329022051446,1.671541021090695,0.08230565664349401,0.381790806732763,-0.07301502687318867,0.38870993588400393,0.17142767577800966,0.8971762344387509,-1.912802064368734,97.76773468205056,0.9981131553649902
11.08,crouch_gate,crouch,True,-0.7010311642086442,1.6785373581160001,0.08264402703294052,0.3347127758590426,-0.048020155952341825,0.3381398788977025,0.17204454452903245,0.9141967707257527,-0.6973684312476325,96.42923844142969,0.9983677864074707
11.1,crouch_gate,crouch,True,-0.7015895444642579,1.6854413345792862,0.08359656449470268,0.3468122116898991,0.0074296824051193755,0.34689178479445193,0.1731905526724357,0.9192980457953993,0.7979886742265896,96.97583229267563,0.9976852536201477
11.120000000000001,crouch_gate,crouch,True,-0.703245681890242,1.692648399887475,0.08506260236743564,0.37278306606483447,0.05086633302308041,0.37623742262023013,0.17463016415651902,0.9145512912806798,1.3318251290929708,98.28214718760245,0.9980862140655518
11.14,crouch_gate,crouch,True,-0.7059011277220109,1.6997687629542562,0.08500994638814492,0.37043489109286476,0.08845643654873725,0.38084977314668755,0.17450581332201348,0.9019692802807954,1.0334864129439363,99.58933756646879,0.9987876415252686
11.16,crouch_gate,crouch,True,-0.7082708834725815,1.7059182791991647,0.0836593210211877,0.32235341503269255,0.03472042650266893,0.324217877668346,0.17296393210915875,0.8860178454198292,-1.0192965172445898,99.237897402742,0.9986564517021179
11.18,crouch_gate,crouch,True,-0.7093460967656011,1.7126018266568859,0.08439244245218074,0.33657662297036645,-0.005922824247561409,0.3366287316573018,0.17341861852089793,0.8784344466486605,-1.6156193532161487,97.37928777850956,0.9975800514221191
11.200000000000001,crouch_gate,crouch,True,-0.7093285724740814,1.7199609575698795,0.0862663507421858,0.3749662536064706,-0.0566926078009764,0.37922782482690715,0.1751795516881104,0.8845217305746638,-2.0771197358912374,95.22088427737458,0.9979797005653381
11.22,crouch_gate,crouch,True,-0.7084556197040055,1.7270608228272286,0.08658679334870671,0.3393229507007211,-0.06816166871505697,0.3461012539044971,0.17553389935931463,0.8897375892327704,-1.2067215545834316,93.56828194622844,0.9986017942428589
11.24,crouch_gate,crouch,True,-0.7084372726001458,1.7337519413679368,0.08743662389726053,0.3290426045597438,0.0035508650849317425,0.3290617635920517,0.17627511506252244,0.8801733483312458,0.6160884952056448,93.76062611076388,0.9979040622711182
11.26,crouch_gate,crouch,True,-0.7096893847965062,1.7408153895012266,0.08933376743114071,0.36139336825101376,0.05302162139064842,0.36526217837425506,0.1780862096395197,0.8687233125078144,1.6233412306020987,95.2444380016399,0.9977060556411743
11.28,crouch_gate,crouch,True,-0.7121223224742698,1.748025682442019,0.09014196931848997,0.3721376083253233,0.09596113297498471,0.38431099199988333,0.17868933826499728,0.8560339964935678,1.7498321528180916,97.20735660586989,0.9984312057495117
11.3,crouch_gate,crouch,True,-0.7147339661279458,1.7541985186852769,0.08911457694217102,0.3123560554065156,0.07422922167123508,0.321054952771384,0.17756347814486198,0.8434944143575808,-0.030626125690012107,97.85713513378546,0.9985840916633606
11.32,crouch_gate,crouch,True,-0.7162992674305523,1.7606681153067316,0.08939628023457681,0.33069534263225,0.020403008709404646,0.3313241500450235,0.17753961768342777,0.8332311066309058,-1.0052230689814567,96.7323388630702,0.9974879026412964
11.34,crouch_gate,crouch,True,-0.7167374318347074,1.7678614479744343,0.09164739478259364,0.36655165014979263,-0.033953492694784204,0.36812083871157136,0.17954773818901396,0.8347492626932425,-1.6648934423112405,95.12994850452331,0.9976521730422974
11.36,crouch_gate,crouch,True,-0.7160730821476079,1.7752753976732902,0.09271048440342955,0.3615430958220298,-0.07307651852063829,0.3688544261570879,0.18059198835446091,0.8353881446084631,-1.2862503085179786,93.49599665058423,0.9985488653182983
11.38,crouch_gate,crouch,True,-0.7156770700869508,1.7820690376777188,0.0938710013950006,0.325130612689474,-0.006966656213862443,0.3252052422803712,0.1812439415911656,0.8207557261722843,0.06219872336722165,92.99787241029605,0.9982369542121887
11.4,crouch_gate,crouch,True,-0.7166931155422844,1.7889456325124362,0.0961176514560841,0.34584753553091296,0.04973716065268813,0.34940564245958794,0.1833981061979528,0.8031054304801931,1.3387583569305548,94.08664707753849,0.9976913928985596
11.42,crouch_gate,crouch,True,-0.7188587620561213,1.7960129852058362,0.09729710794559146,0.3641064801932552,0.0904148562167515,0.37516446412662435,0.18435789728684998,0.7835926727802941,1.7249314379375602,95.90853623083495,0.9981074929237366
11.44,crouch_gate,crouch,True,-0.7213944304398914,1.8022145167203714,0.09621111551242137,0.3032819010329909,0.09381030003162522,0.3174591058486249,0.18336037809092162,0.7659480745571421,0.1960339359230639,96.75384723107088,0.9983160495758057
11.46,crouch_gate,crouch,True,-0.7229095018444714,1.8082926138435325,0.09562322388548346,0.31521388402666795,0.023508713056375807,0.3160893105955098,0.18232138433572567,0.7519075547750869,-1.1975353757359253,95.51282865590846,0.9971721172332764
11.48,crouch_gate,crouch,True,-0.7233763069723157,1.8150813210545729,0.09761009823321032,0.3436164923800155,-0.019540398032646678,0.3441716446641407,0.183999755920758,0.7550476944645287,-1.8026269712397744,93.75670046777905,0.9969456791877747
11.5,crouch_gate,crouch,True,-0.7226816917255913,1.8222243094399404,0.09890845657858915,0.35330475290100843,-0.0657468130034134,0.359370132095794,0.18529370602909256,0.7582040885761192,-1.8131815199106158,91.6738544611516,0.9979673624038696
11.52,crouch_gate,crouch,True,-0.7219163857408571,1.8288623143399285,0.10015759427323546,0.3245805452460407,-0.015119429508710869,0.32493249683724457,0.18616802828685478,0.7435312153603778,-0.38511301440652,90.48641240701143,0.9977965950965881
11.540000000000001,crouch_gate,crouch,True,-0.7227862848855345,1.835633122568633,0.1021415269703448,0.3343553720579766,0.06410777955154556,0.34044576987099945,0.18797895175738544,0.7232857527197305,1.2916824501374355,91.38591504982787,0.9970545172691345
11.56,crouch_gate,crouch,True,-0.724908476504727,1.842577371617402,0.10300623458071993,0.35574937370290605,0.10450713621768154,0.3707820901964265,0.1886609338214268,0.7033710574779383,1.7888070550327955,93.23418966590201,0.9973136186599731
11.58,crouch_gate,crouch,True,-0.7273329878776481,1.8487977931424524,0.10144253387408782,0.3050635451714666,0.09999194478538304,0.3210329509794073,0.1872123622764257,0.6882539477286883,0.26053418853037436,94.15520052381137,0.9975956678390503
11.6,crouch_gate,crouch,True,-0.7287198330020912,1.8547726470658965,0.10073341184426207,0.2962595667591627,0.030343167040091046,0.297809399922752,0.1858770073552574,0.6778356350897006,-0.6876971215044211,93.2759795035225,0.9965644478797913
11.620000000000001,crouch_gate,crouch,True,-0.7288748616671163,1.861143216087265,0.10205948990051533,0.3227906830121067,-0.026190302506740926,0.3238514427709362,0.18711697887641196,0.679344078186407,-1.538947245730987,91.88895054948695,0.9963036775588989
11.64,crouch_gate,crouch,True,-0.727932345635035,1.8676788802997855,0.1026228120163037,0.3148710198135634,-0.06225798587388298,0.3209670012999873,0.1874938595216234,0.6776524007507035,-1.6627540583185942,90.159585090223,0.9971831440925598
11.66,crouch_gate,crouch,True,-0.7275627377421864,1.8739988144294082,0.1038421491525306,0.31043865305276186,0.01717464543186109,0.31091337339349556,0.18834691634107126,0.6563762438997199,-0.2195266287538649,89.3538323914448,0.996455729007721
11.68,crouch_gate,crouch,True,-0.7289026331501857,1.880681552225166,0.10534143541340323,0.3331210477579553,0.09107258547392388,0.3453459834488641,0.18961369925342322,0.6338882881414718,1.5196064219688947,90.4818289525165,0.9958741664886475
11.700000000000001,crouch_gate,crouch,True,-0.7314161580524744,1.887385981223594,0.10517560131360885,0.34171274965129406,0.12831090545256657,0.3650086187096209,0.18920461048994505,0.6181227814964361,1.7957389868087834,92.4421727624015,0.9964786767959595
11.72,crouch_gate,crouch,True,-0.7338872883139003,1.893286956967668,0.10286765864350723,0.30449196497093,0.09271148727576273,0.3182935384275684,0.18666975610256772,0.6123206887327308,-0.059059920259351306,93.07497334748241,0.9967777729034424
11.74,crouch_gate,crouch,True,-0.735320164507401,1.899364624246542,0.10293083151741568,0.29157827799628233,0.03616446215956837,0.2938124580792451,0.18622554661838014,0.6114404996108878,-0.2987714138813335,92.64607114257348,0.9960657358169556
11.76,crouch_gate,crouch,True,-0.7354636626284832,1.9056443884082672,0.1041196117000436,0.31915303254381583,-0.027134150221316877,0.3203044181558334,0.1874997852273528,0.6134396307522543,-1.208418155455313,91.6375086800515,0.996329128742218
11.78,crouch_gate,crouch,True,-0.7347045235985386,1.9118867099337222,0.10453326137941203,0.3015612665215663,-0.039811712770055574,0.3041778590558105,0.1876111602274692,0.6057727097964183,-1.0586685111130183,90.45252348978458,0.9969473481178284
11.8,crouch_gate,crouch,True,-0.7351661270480127,1.918147033371067,0.10545771046558292,0.3143005076894983,0.052670088678729854,0.3186831457346021,0.18827999920638486,0.5834590345220029,0.7634672297687233,90.76637597195968,0.9959654808044434
11.82,crouch_gate,crouch,True,-0.737202994830467,1.9246349563711256,0.10629855877823023,0.32692284463425986,0.10989446457266133,0.34489902824952745,0.18882973266951014,0.562488086677645,1.9620112715625613,92.58627910426895,0.9956002831459045
11.84,crouch_gate,crouch,True,-0.7401146080264945,1.9307641062714511,0.10495782819603153,0.316293546132961,0.1342291128785778,0.3435972381576044,0.1875268454272871,0.5519007827154827,1.5900534056718199,94.58916972322035,0.9959569573402405
11.86,crouch_gate,crouch,True,-0.7424432858236899,1.9363737091529567,0.10324606009968017,0.285161279231238,0.06668672095011857,0.29285503909592386,0.18535281497079054,0.5520715323372136,-0.15034720224786854,94.81223121710067,0.9954643249511719
11.88,crouch_gate,crouch,True,-0.7434782790439504,1.94193932105678,0.10428578484344479,0.27310259459370473,0.00806436186002868,0.27322163367131624,0.1866320675656458,0.5656120737021576,-0.7041261161617187,94.289534396401,0.9948505163192749
11.9,crouch_gate,crouch,True,-0.743290263828804,1.9479225940634528,0.1051740072176392,0.303629957064184,-0.048659567938902026,0.3075043160327979,0.18793927640950048,0.5783853021274358,-1.395028678249501,92.96880348213624,0.9957564473152161
11.92,crouch_gate,crouch,True,-0.7426898055205023,1.9537075573375917,0.10563639796152963,0.2818546197755739,-0.02102848544708108,0.282637973190142,0.18818410269023053,0.5752614524045235,-0.6452848214375028,91.8742463810456,0.9960854053497314
11.94,crouch_gate,crouch,True,-0.7437571830999172,1.9596977854175779,0.10654274624054644,0.30174355397293634,0.07230383048103661,0.31028537875067336,0.18902021803339467,0.5605418623077617,1.2956581616380571,92.7869478218675,0.9951803088188171
11.96,crouch_gate,crouch,True,-0.7462877756087835,1.9658060031887088,0.10670362095347706,0.318281526528465,0.1195028565183151,0.33997656219999484,0.18906956928623708,0.5471878293333383,2.103015400568865,94.91571466949546,0.9953445792198181
11.98,crouch_gate,crouch,True,-0.7490912391877586,1.9713741420502942,0.10457560767752351,0.2925469990712714,0.10893603771227828,0.312171118103609,0.18687386146953244,0.5427798332898354,0.9550616173584576,96.39967519894192,0.9957547783851624
12.0,crouch_gate,crouch,True,-0.7510039682717264,1.9770432081484521,0.10383764220649234,0.2780908845228509,0.03922880241102328,0.2808441542801002,0.18581682324118837,0.5430437883799621,-0.0653634617962193,96.34941546012274,0.9948099851608276
12.02,crouch_gate,crouch,True,-0.7515150894332372,1.9828438802626622,0.10485564352199697,0.2914789206556394,-0.02874623119499692,0.29289299580989087,0.18715472344315828,0.5527194079637228,-1.0077133094646908,95.5750547580232,0.9946025609970093
12.040000000000001,crouch_gate,crouch,True,-0.7508579924683347,1.988789294055868,0.10537429062595588,0.2804229832767334,-0.06624961491483009,0.28814243183916244,0.18784529581738865,0.5569856280248363,-1.6269700688825022,94.12049462226166,0.9951757192611694
12.06,crouch_gate,crouch,True,-0.7511565564104978,1.9946401312911768,0.10626305296629635,0.2989287596876504,0.029019867705161573,0.3003340741408176,0.1888751318591313,0.5472729284235729,0.5049199169781184,93.86436555687628,0.994070291519165
12.08,crouch_gate,crouch,True,-0.7532144474630335,2.0006675516478594,0.10725984326801337,0.30366798599603173,0.09866159579361167,0.319293526717076,0.18975560980960698,0.5384524829641353,2.0149124747594938,95.63101815515063,0.9936190843582153
12.1,crouch_gate,walking,True,-0.7558613488582302,2.0053282984393994,0.10637003647392504,0.2214487671923389,0.10952892249739943,0.24705493590383507,0.19063667282297064,0.5151235859996648,1.0292412167563643,97.2386762043791,0.9948959946632385
12.120000000000001,exit_gate,walking,True,-0.7584133233187447,2.0084970515142078,0.10420807080560206,0.16758375745923856,0.09294522447920403,0.19163280125710871,0.19254251393637006,0.47449555774077185,1.1073998303008339,98.30264943782547,0.996455729007721
12.14,exit_gate,walking,True,-0.7599940161328831,2.0115232605859448,0.10397819886731675,0.14382960176755008,0.02712629342475506,0.14636526274898,0.19711052172342675,0.42325207455811226,1.124412159652784,99.55561232726194,0.9958235621452332
12.16,exit_gate,walking,True,-0.7600466695973443,2.013442765454031,0.1047976020480308,0.06840840591749281,-0.03859475135926976,0.07854466775444607,0.20342170690887235,0.37748231771876606,1.2722697815159476,100.90312160565672,0.994803786277771
12.18,exit_gate,walking,True,-0.7590270991294141,2.014882613348061,0.1058997188080082,0.04748107461326276,-0.08314207063041613,0.09574474583570282,0.20994396711053104,0.3448945564700803,1.4646425022569423,102.5046500059563,0.9942808151245117
12.200000000000001,exit_gate,walking,True,-0.7574068034738766,2.0164211018016034,0.10723979369656096,0.050870213897692085,-0.10884845800362117,0.12014893038126902,0.21564795029404069,0.3266303725834909,1.4407564325999846,104.17910308907533,0.9945511817932129
12.22,exit_gate,walking,True,-0.7555549183634358,2.0184666584612088,0.10902212316110309,0.07484665035757179,-0.12630197417922706,0.14681352032874473,0.2203944236737984,0.32124481331736676,1.15047496951543,105.64118962587986,0.9951654672622681
12.24,exit_gate,walking,True,-0.7536312895392733,2.0211563892413436,0.11119422871667693,0.10159634045032034,-0.13976661438061047,0.17279040160933612,0.224299119837445,0.32343025065026004,0.9157323534630861,106.806339344955,0.9955456256866455
12.26,exit_gate,walking,True,-0.7516994632529969,2.024306727552017,0.11346109138888588,0.11715101034296052,-0.14652931543847492,0.18760383660054644,0.22740932001172803,0.32818795262357187,0.7874736206206864,107.76016752964014,0.9954085350036621
12.280000000000001,exit_gate,walking,True,-0.7497915402488569,2.0276523925731498,0.11550145744532567,0.1186643881377065,-0.1468967024136255,0.18883823286637036,0.22972004795204196,0.33231765754354964,0.7687792548155619,108.63170686693185,0.9947109222412109
12.3,exit_gate,walking,True,-0.7479774567148351,2.0308952978687174,0.11713914586286268,0.11025053498766961,-0.1375601537783008,0.17628946755996833,0.23132678386967026,0.3348641531263759,0.8566695520325479,109.57141527470357,0.9934796690940857
12.32,exit_gate,walking,True,-0.7463613881800771,2.0338314121036936,0.11831049449894722,0.09628888630510421,-0.12075525180756115,0.15444539638650545,0.2323224611733656,0.3365087728832379,0.9832671146973598,110.65839250726582,0.9917982816696167
12.34,exit_gate,walking,True,-0.7449984546020478,2.036363554198297,0.11900672023350448,0.08166011544773247,-0.10225586868116421,0.13086113683854536,0.23280327070727216,0.338072796402548,1.1312363500470477,111.92038017332423,0.9898514747619629
12.36,exit_gate,walking,True,-0.7438979997452507,2.038435181015713,0.11928735897208202,0.06567758667398668,-0.08295546762074,0.10580715949072009,0.23287383192364716,0.33996363284083275,1.2011255844907704,113.3013429534714,0.9878907203674316
12.38,exit_gate,walking,True,-0.7430245407318784,2.0400378451268724,0.11921813966064841,0.04867525112392591,-0.06570867508418382,0.08177352905002994,0.23263011882143747,0.34226209665045565,1.2105778616564955,114.72851817283143,0.9861723780632019
12.4,exit_gate,walking,True,-0.7423331630265502,2.0411976968852463,0.11886112992201477,0.03415437406200437,-0.05152004615905609,0.06181291470072081,0.23217387378590734,0.3448989110462848,1.1837873694287384,116.124547272779,0.9849274158477783
12.42,exit_gate,walking,True,-0.7417425860699675,2.041946414231306,0.118286422862259,0.01894504734520655,-0.0407576098671391,0.044945495669688994,0.2315739850294463,0.3477268896528038,1.1329137808468228,117.46027736696836,0.9843364953994751
12.44,exit_gate,walking,True,-0.7415078439289967,2.0424376125636168,0.11784706688212478,0.02209448303839638,-0.0091697496827799,0.02392175766909337,0.23102823824789645,0.3503539795990934,0.6600917721696224,118.4741824633924,0.9843985438346863
12.46,exit_gate,walking,True,-0.7417588950781588,2.042766186925696,0.11769105649419276,0.019205654627622713,0.0076771081155747566,0.020683209583953588,0.23085396315029796,0.3520925013885512,0.44662162234234254,119.05311963266725,0.9848261475563049
12.48,exit_gate,walking,True,-0.7421017942569964,2.0428313368615703,0.11753457525344949,0.007798090655951263,0.015887807763027992,0.01769837996522187,0.2307331173721049,0.35281044747908435,0.43039784181128155,119.53874962958709,0.9855707287788391
12.5,exit_gate,walking,True,-0.7424399201284567,2.0426236274361305,0.11735816872506724,-0.0033848609533430087,0.02113786725351106,0.021407165055198723,0.2306198825712596,0.3529387625197537,0.4818998817206639,120.05729132853494,0.9865357279777527
12.52,exit_gate,walking,True,-0.742734637314299,2.0421492932946315,0.11715914081177307,-0.016334672007107143,0.025537432823827748,0.03031471564787116,0.2304981395464471,0.3529613501545264,0.5109287180878601,120.6102908435155,0.9876620769500732
12.540000000000001,exit_gate,walking,True,-0.7429636277951911,2.0414281804696746,0.11697635345297457,-0.02748179093002717,0.029004410369843983,0.03995628428200046,0.23039277860449592,0.35296706059819444,0.5394430721176227,121.19907607562472,0.9888517260551453
12.56,exit_gate,walking,True,-0.7431430445716712,2.0405346687867905,0.11684872916365435,-0.03475346921644952,0.03144032974133796,0.04686467706943861,0.23033732981516064,0.3529745690994501,0.5813774380409282,121.82940132187684,0.9901122450828552
12.58,exit_gate,walking,True,-0.7432899158043405,2.0395282001999435,0.11680059749167958,-0.03972626342671611,0.03346033507226113,0.05194006188865037,0.2303644409793367,0.35298729774900456,0.5727317991609244,122.47383671187026,0.991469144821167
12.6,exit_gate,walking,True,-0.7434054198570105,2.0384364159203177,0.11681345888783246,-0.04409504009511029,0.034768891525388285,0.056153792204031966,0.23046233405676844,0.3530016024318774,0.5237169492574948,123.07621319878726,0.9929154515266418
12.620000000000001,exit_gate,walking,True,-0.7434988139792651,2.037267266254209,0.11684689628675872,-0.047330869067019714,0.03678789134216574,0.059946310278801616,0.23058285864412945,0.35300862495845603,0.5052908642034897,123.64559383010052,0.9944028854370117
12.64,exit_gate,walking,True,-0.7435298216377991,2.036210581602507,0.11703718946259557,-0.03853070275894097,0.023876376996804616,0.045328759453479445,0.23075408441216344,0.35299435966160403,0.21862143390855754,124.04834312782263,0.9958147406578064
12.66,exit_gate,walking,True,-0.7434367433767415,2.035590923836424,0.11739144813068896,-0.022277043263375443,0.00612778506647077,0.023104467238591834,0.2310863494919752,0.3528372303660666,-0.010318356067630218,124.10017399428595,0.997046172618866
12.68,exit_gate,walking,True,-0.7432761906757691,2.0352899857882902,0.11767703255460502,-0.018185898631415322,0.002736890677864305,0.01839069002551819,0.23125983482469792,0.3519936201510414,-0.045421219635443724,124.06269115155806,0.9980678558349609
12.700000000000001,exit_gate,walking,True,-0.7431000816996323,2.035053644823079,0.11792708491488532,-0.01579410585051938,0.0003494405981727504,0.015797971020009557,0.23136542245923347,0.3505430786428735,0.004895385781324952,124.05608495627794,0.9987941384315491
12.72,exit_gate,walking,True,-0.7429144891254882,2.0348658889197244,0.11812372334539728,-0.012795776199047232,-0.0024107608048144907,0.013020893064384387,0.23141219555126868,0.34889892328476585,0.08203012742902943,124.11772809309029,0.9992895722389221
12.74,exit_gate,walking,True,-0.7427409823190875,2.0346944902074386,0.11830239688904065,-0.011220510043134561,-0.0025069084318427477,0.011497149016766193,0.23145462152533725,0.3474912237995049,0.14960191294588854,124.25940826430588,0.9996106028556824
12.76,exit_gate,walking,True,-0.7425863983349361,2.034585490718875,0.11844155124023295,-0.007419809337439666,-0.003637150197217524,0.008263318471478412,0.23150049926929084,0.3465191067734882,0.2029780294864922,124.46960627828382,0.9998037815093994
12.780000000000001,exit_gate,walking,True,-0.7424663048590867,2.0345578433863767,0.11854414024258991,-0.0028918166973572867,-0.004305920201588879,0.00518686346394096,0.23154367539596474,0.3460725857382568,0.21456330241551805,124.71362860859868,0.9999023079872131
12.8,exit_gate,walking,True,-0.7423914644177377,2.0346038231892623,0.1186169799765747,0.001238729940190325,-0.0043044607524018955,0.0044791555268479145,0.23157588095800802,0.34598608667463615,0.18409524240432684,124.9382215628302,0.9999377727508545
12.82,exit_gate,walking,True,-0.7423625443633441,2.03470719704406,0.11866160520187048,0.004513946367708948,-0.0040378423474938955,0.006056391882446827,0.23159376598890827,0.34597014457497877,0.1414687315299314,125.11879918178126,0.999941885471344
12.84,exit_gate,walking,True,-0.7423675161286981,2.034847331290426,0.11868011886150093,0.006572287815493003,-0.0037360037219999493,0.0075599398767764855,0.231599943256537,0.3459715156965865,0.09290313910904821,125.24611612372892,0.9999363422393799
12.86,exit_gate,walking,True,-0.7423947767030942,2.035007740764584,0.11867792003485698,0.007671507416679173,-0.0034134324061134303,0.008396639020183545,0.23160264787467466,0.3459826684788409,0.07105770158701898,125.33474657967457,0.9999321699142456
12.88,exit_gate,walking,True,-0.7424385325575558,2.0351751739990096,0.11865940667998259,0.008268504830993114,-0.002889869602558732,0.008758967887824994,0.23160726446128804,0.34600436134938745,0.07656317730407629,125.4210351539578,0.9999313354492188
12.9,exit_gate,walking,True,-0.7424980126671534,2.0353423569349047,0.11862706991494902,0.008613593887109507,-0.0022015865649316294,0.00889049959535108,0.23161311521652841,0.3460358312765262,0.08427552988479695,125.51629062940764,0.9999322295188904
12.92,exit_gate,walking,True,-0.7425727473948079,2.0355040889530547,0.11858445919170842,0.008744967029928484,-0.0014067841373543739,0.008857397471246737,0.23161753517700584,0.3460762004291958,0.08694663124675546,125.61689373810529,0.9999330639839172
12.94,exit_gate,walking,True,-0.7426608751627669,2.0356559659068374,0.11853594726600014,0.00864229559606661,-0.000588993256278576,0.008662342998619598,0.23161834756676536,0.34612521760930537,0.08415051939876499,125.71644765235831,0.999932587146759
12.96,exit_gate,walking,True,-0.7427588723427127,2.0357937979097716,0.11848588340770777,0.00826064674844293,0.00018821571256948978,0.008262790682149633,0.2316148562247569,0.3462464899611937,0.0781566983041358,125.81029316763515,0.9999301433563232
12.98,exit_gate,walking,True,-0.7428623038537193,2.0359141911913987,0.11843794272275335,0.0076316426358022955,0.0008709241980703972,0.007681176881141325,0.23160781172758305,0.34648675218443314,0.07057610092776168,125.89591377514351,0.999925971031189
13.0,exit_gate,walking,True,-0.7429660245622633,2.0360145436384847,0.11839483295725256,0.006734509051555848,0.0014068811402720384,0.0068798929285520715,0.2315979800098452,0.34682671901185874,0.06591020660495536,125.97426050662901,0.9999209046363831
13.02,exit_gate,walking,True,-0.7430645413794531,2.036092917473338,0.11835817503635482,0.0056421448365518,0.0017804365635763096,0.005916396936780658,0.23158630850570436,0.3472155666892221,0.06358317785052939,126.0491571165241,0.9999159574508667
13.040000000000001,exit_gate,walking,True,-0.7431537197021653,2.0361492067150295,0.11832850052024808,0.004452829082498196,0.0019944728336518604,0.004879099171170535,0.23157335664005885,0.34759449139878695,0.06094601088238336,126.12099623710675,0.9999121427536011
13.06,exit_gate,walking,True,-0.7432299263084727,2.0361838412627553,0.11830572952615492,0.0031906630439034103,0.0020521989328370874,0.003793659330998061,0.23156068224562693,0.347903801293242,0.057247475636239734,126.18887013644127,0.9999105334281921
13.08,exit_gate,walking,True,-0.7432912742113815,2.036199630379406,0.11828931874274337,0.002046902479501923,0.0019566111526473683,0.0028316315020240866,0.23155025504798515,0.3481055454120564,0.05251696414028423,126.25147742776849,0.9999115467071533
13.1,exit_gate,walking,True,-0.7433373254931425,2.036200375254645,0.11827804155469822,0.001042139091712514,0.0017487519300225579,0.002035727682975551,0.23154152896417096,0.3481982357208252,0.04762154147270395,126.30831873686401,0.9999152421951294
13.120000000000001,spin_360,spin_360,True,-0.7438856110143216,2.0362996473530943,0.11853079349717477,0.029942781869760286,0.028935328359906885,0.04163920524452498,0.23144359861316172,0.34615727470486896,0.231506349759543,126.50600509892756,0.9998912811279297
13.14,spin_360,spin_360,True,-0.7452536757778738,2.0364720016577786,0.11922197113341157,0.056647175116055534,0.06222519112961288,0.08414794625982214,0.23128153816668295,0.34364250295232573,0.15509694529942256,126.71764034349872,0.9997687339782715
13.16,spin_360,spin_360,True,-0.7471516098260284,2.0365155285600607,0.1201979541127803,0.05765588347578533,0.08177579287722948,0.10005738953257212,0.23132677018905284,0.3431722794314851,0.07043776189028082,126.84522818697972,0.999557375907898
13.18,spin_360,spin_360,True,-0.7489821005722376,2.0362163742336414,0.12116650912667776,0.032966341646896324,0.08244150019832086,0.08878840372779336,0.23171173629143793,0.3463840212457187,-0.0468785854189159,126.77401015254623,0.9993405938148499
13.200000000000001,spin_360,spin_360,True,-0.7503839236852304,2.035428461136904,0.12218638410784764,-0.004404320584750085,0.07980173959218798,0.07992318613364106,0.23261843326987916,0.353559093781901,-0.06803266675890333,126.72583184211466,0.9991154670715332
13.22,spin_360,spin_360,True,-0.7512841235671311,2.0342692971187133,0.12333187868703843,-0.03453429652881123,0.06136175385133002,0.07041223240638715,0.23414853737523433,0.3636716442935314,0.19972078305055613,126.93152563474246,0.9988038539886475
13.24,spin_360,spin_360,True,-0.7515818280931873,2.0332040775028077,0.12456175873448942,-0.030634797664363826,0.043849515791725927,0.05349084840517425,0.2362355396731319,0.3730508243157808,0.9401480170642977,127.70542022823686,0.9985582232475281
13.26,spin_360,spin_360,True,-0.7510718540556154,2.0326658783208638,0.12567040043198519,-0.039920216639325073,-0.020820187622551407,0.04502337069976979,0.23832115628043438,0.379301375676381,0.3569193534124141,128.27812160708228,0.9984522461891174
13.280000000000001,spin_360,spin_360,True,-0.7498032090492799,2.0329808727427054,0.1263338668795809,-0.021558041463088637,-0.07730835425704229,0.08025790172722308,0.2400297818084896,0.37899281669884355,0.5328230526389993,128.8259613263459,0.9986186623573303
13.3,spin_360,spin_360,True,-0.7483526643443257,2.034030131159842,0.1266881327367988,0.0012245263836557219,-0.09096235129038852,0.09097059314492961,0.2409279233356926,0.3717871274495115,0.9863743166966477,129.78355001284763,0.9986815452575684
13.32,spin_360,spin_360,True,-0.7478357826092765,2.0353015194862047,0.12657118381522575,0.04349620235665334,-0.04374850866089023,0.06169158475434817,0.2408996952334395,0.35851361704884277,0.7486395171685234,130.74641688185284,0.9986334443092346
13.34,spin_360,spin_360,True,-0.7486648959294953,2.0365757187819926,0.12663493071991871,0.09371503223645314,0.006416252022911309,0.09393442157750781,0.24021354665472622,0.3393741672790433,1.05113030736347,131.79342722508534,0.9987543225288391
13.36,spin_360,spin_360,True,-0.7505523756926493,2.0378560410592135,0.1267489721228959,0.11812045111260178,0.03884238688269298,0.12434296115900308,0.23904911708682747,0.3166822913158773,0.6769849917578867,132.59270224243582,0.9990967512130737
13.38,spin_360,spin_360,True,-0.7526006048479992,2.038210371340166,0.12660121012018377,0.06279208565087548,0.08176244340293612,0.10309191613121377,0.23754365560180507,0.29637142031001124,0.9515021210993361,133.64611788679392,0.9992858171463013
13.4,spin_360,spin_360,True,-0.75420372634404,2.036764778078837,0.1264800998414766,-0.023888362310153982,0.12247888659256526,0.12478674414702728,0.23645947720111535,0.28653788528481844,1.0893601822508145,134.67341660357977,0.9991839528083801
13.42,spin_360,spin_360,True,-0.754876278973755,2.0341753938567,0.12641069986488088,-0.07991020299500443,0.09777397697845726,0.12627506134184496,0.23637489275520449,0.2862579169270041,2.1530939687430846,136.80107718345383,0.9987605214118958
13.44,spin_360,spin_360,True,-0.7540376563883637,2.032765323335061,0.12686300290409558,-0.08535974381936048,-0.017544444667908554,0.08714409563253356,0.23749143786712335,0.29046912725979895,2.1793910433206167,139.56504905576307,0.9982160925865173
13.46,spin_360,spin_360,True,-0.751883716701547,2.0333261293326403,0.12683064389904158,-0.05884259151084137,-0.12145499272433329,0.13495838556154854,0.2387171653964254,0.29453351693709084,2.359232553325889,142.12246929361763,0.9984227418899536
13.48,spin_360,spin_360,True,-0.7500537426704625,2.0347724367484004,0.1263286753752692,-0.017146970382510618,-0.1044159851504678,0.10581453845403951,0.23901527881954948,0.2962685284697082,2.0175761062790243,144.63297291470755,0.9989497065544128
13.5,spin_360,spin_360,True,-0.7498412543767766,2.0361520072458204,0.12567252344606994,0.05363801586400821,-0.04382352233339351,0.06926426102639828,0.23846801416394203,0.29177760996863966,1.866184739777624,146.82134047759138,0.9993975758552551
13.52,spin_360,spin_360,True,-0.7508503400545025,2.03729074682217,0.12547282894102468,0.08247847314999211,-0.006079522452860156,0.0827022316894097,0.23750402522580516,0.28163241005946005,0.4827121717628088,147.85678207469104,0.9996868371963501
13.540000000000001,spin_360,spin_360,True,-0.7519319272671231,2.037428355224663,0.12558669025437144,0.03674416574891318,0.04306604284159053,0.056611109886817404,0.23650011199284035,0.2743227344571317,0.5718088245225945,148.2091609237696,0.9996278882026672
13.56,spin_360,spin_360,True,-0.752517965662619,2.0358344129628083,0.12636045972515617,-0.04186458321401092,0.10652862023149998,0.11445955729474927,0.2365489178648273,0.2777292609438772,2.1852901273675185,150.07527916307754,0.9996173977851868
13.58,spin_360,spin_360,True,-0.7521657010394777,2.03293021328463,0.12670218479780931,-0.1027802023892826,0.12989141892565984,0.16563680362076286,0.23710009225436582,0.29097251896646875,2.8808383423543327,153.16725238711535,0.9995571970939636
13.6,spin_360,spin_360,True,-0.750815251148834,2.0304989096866457,0.1272495604887125,-0.11738274699893692,0.05474485119450048,0.1295210717424946,0.23833891806263963,0.30829614594137317,2.7470445752485753,156.31714771822482,0.9992008805274963
13.620000000000001,spin_360,spin_360,True,-0.7488054049262297,2.030124131480779,0.12754456437733436,-0.09428961236023287,-0.05993133069253692,0.11172419343016622,0.23986490152264142,0.32568355313902975,3.390172427696923,159.94468545538646,0.9988714456558228
13.64,spin_360,spin_360,True,-0.7468035800251728,2.031875630168545,0.12700062966766917,-0.05690694743813657,-0.12793565452645636,0.14002118541792036,0.24040180400987413,0.33868600565482604,2.904933481594747,163.59091056959952,0.9989354610443115
13.66,spin_360,spin_360,True,-0.7460499535466677,2.0335792934202455,0.12609293800522084,0.005297229101164896,-0.06396911171273623,0.06418806656588712,0.23998090734994945,0.3458260725015747,2.6910384484961187,166.6306047593222,0.9990621209144592
13.68,spin_360,spin_360,True,-0.7465494903995982,2.0344283683759197,0.12541430691754232,0.046242565821310824,-0.03157888104857849,0.05599643401162733,0.23871073113368743,0.3431566532351357,1.8608980585684969,169.0581315789767,0.9989539384841919
13.700000000000001,spin_360,spin_360,True,-0.7475235532126634,2.0345799781413674,0.1259859471216491,0.05822944347164843,0.021746780276122587,0.06215778743967528,0.23801400694830777,0.33536407438066523,1.1594506457351241,170.50269839546337,0.9988091588020325
13.72,spin_360,spin_360,True,-0.7483017673412137,2.0335726089925,0.1270781131511737,0.020127759932103848,0.07638527652960621,0.07899264010266281,0.23802415359089166,0.3320347552967414,2.1227490214251077,172.50985566974853,0.998786985874176
13.74,spin_360,spin_360,True,-0.747913235747586,2.031236185878538,0.1278212739127474,-0.053521263545579026,0.13518991200983949,0.14539889257055388,0.2382370060291384,0.3368275579823344,3.263582725161807,175.78508946863195,0.9987776279449463
13.76,spin_360,spin_360,True,-0.7460954783720548,2.028143585311104,0.12806999447608178,-0.1148522338965305,0.16179979356765958,0.19841927534783663,0.23869541797208163,0.3453384802325366,3.750182347469539,179.9220140776811,0.9988406896591187
13.780000000000001,spin_360,spin_360,True,-0.743424563702287,2.025683889693371,0.1280079028532509,-0.12479447137196875,0.09191355013097002,0.15498955055966665,0.239297154185702,0.35618166593555123,3.395622001776232,184.04889896483726,0.9988557696342468
13.8,spin_360,spin_360,True,-0.7415348968529949,2.02576825125588,0.12829634888516092,-0.08281715377042696,-0.03669494860643932,0.09058256019711391,0.2405715991684633,0.3683611277116094,3.56788625018347,188.05047302202692,0.9988969564437866
13.82,spin_360,spin_360,True,-0.7407743299275432,2.0276839465778056,0.127532044398197,-0.05200673572698149,-0.10686873580099102,0.1188512820826015,0.2408021142492985,0.37707582151471775,3.4773533377295784,192.03233551720274,0.9991582632064819
13.84,spin_360,spin_360,True,-0.7408820379690284,2.0294203710120438,0.12667835296349286,0.00032472462143255665,-0.0648665760110597,0.06486738879805747,0.24020654394231972,0.3827125166680878,2.616172269462683,195.20798368111986,0.9993178844451904
13.86,spin_360,spin_360,True,-0.741424527376955,2.029943058052054,0.12597755390599794,0.02491700655932711,-0.022852659402640307,0.03380978050284614,0.2389716328873174,0.3813351880662276,1.908480986049073,197.65437708572622,0.9991677403450012
13.88,spin_360,spin_360,True,-0.742014565266404,2.0294863546889133,0.12660751840860066,0.04585376815672661,0.031513913784061015,0.05563896850373905,0.23846031481577434,0.37619154451043935,2.044427657959951,199.9083835714244,0.9989909529685974
13.9,spin_360,spin_360,True,-0.7420029965515553,2.0281733676333698,0.12761279888426316,0.013969444618388505,0.07853861014418725,0.07977128973714075,0.23868427109599372,0.3751058212698023,2.607264389242019,202.63672694534017,0.998786449432373
13.92,spin_360,spin_360,True,-0.740459187417602,2.0263990122620648,0.12840255590710326,-0.05344162548556333,0.13235729660031684,0.14273913723251747,0.23920630762059591,0.3785867854872365,3.507844083479979,206.3098985487002,0.9986204504966736
13.94,spin_360,spin_360,True,-0.7373270652332182,2.0246854101794125,0.12871352617651574,-0.1142213986059421,0.16168275133477383,0.19795918765917336,0.23989653658925691,0.3835048369428533,3.9688545919678546,210.70443965698053,0.9987417459487915
13.96,spin_360,spin_360,True,-0.733526161812274,2.023747503704161,0.1284121680170858,-0.1351961597061933,0.12065249683907303,0.18120437796257866,0.2404406503377552,0.390404878605998,3.7039172882149796,215.16200719724202,0.9989468455314636
13.98,spin_360,spin_360,True,-0.7314671144543945,2.0244007751364244,0.12832574702972552,-0.08762223239937639,-0.006258110834369335,0.08784542994297186,0.2412445443822857,0.39892204230574496,3.4695296799320134,219.19443935093145,0.9991325736045837
14.0,spin_360,spin_360,True,-0.7312684484090454,2.026188896737818,0.1274687066339612,-0.06408293932860623,-0.08895336721180741,0.10963268058071225,0.2413727447843107,0.4056475894197107,3.234473017478255,223.02115243983815,0.9993941783905029
14.02,spin_360,spin_360,True,-0.7318561010217913,2.0277637366018,0.12653002494810042,-0.029180077060070475,-0.06794175701994637,0.07394294587172656,0.24054662607691996,0.4133368328576322,2.765627384621034,226.2107826353804,0.9995307922363281
14.040000000000001,spin_360,spin_360,True,-0.7321046144282755,2.0283437066539123,0.12574211804078114,-0.007627152406951266,-0.01916632966915685,0.020628176042143537,0.23949532244362218,0.41640507100922114,2.1696352542225403,228.94544497575833,0.9994198083877563
14.06,spin_360,spin_360,True,-0.7321019751769466,2.028106945999194,0.12628695703138132,0.021063565614561464,0.023726389696378702,0.03172720227853949,0.23925377639591353,0.41612519073078635,2.2332851386665515,231.44052457794297,0.9992275834083557
14.08,spin_360,spin_360,True,-0.7314659803919098,2.0273675245441956,0.12730597807424202,0.006472459500066391,0.06046111341005431,0.06080657009537249,0.23982417563185307,0.4170988795460085,2.65375769652316,234.29049397434662,0.9988629221916199
14.1,spin_360,spin_360,True,-0.7295835164323846,2.0268987409066748,0.12813558150149007,-0.048726584643362686,0.10912880966754214,0.11951308359531783,0.24051555688146584,0.4203986242658539,3.2959016607069365,237.81108736190026,0.9984998106956482
14.120000000000001,spin_360,spin_360,True,-0.7263395672019606,2.0271979887617606,0.1286222498223695,-0.11340341385350494,0.1468585238879971,0.18554719160415964,0.24123687255957038,0.423882474326105,3.811177176934748,242.00628302026206,0.9985560774803162
14.14,spin_360,spin_360,True,-0.7224892587063773,2.028550055903336,0.12853240831510113,-0.15756887228076707,0.1449850704216345,0.21412290899620948,0.24186560741883856,0.42826034277038566,3.8410425267019384,246.4154716813841,0.9988884329795837
14.16,spin_360,spin_360,True,-0.7192221268638586,2.0307457534881252,0.12775279342674856,-0.15427199130187216,0.0813865116432955,0.17442365544188437,0.24200333071189517,0.43543908211408205,3.7061126163853597,250.76921448664413,0.9992035031318665
14.18,spin_360,spin_360,True,-0.718459775069819,2.032781737513207,0.1273231879978942,-0.09047129150181693,-0.031139589646065974,0.09568034609747245,0.24227437396617463,0.4437170941834163,3.40688304576966,254.79999320173894,0.999437689781189
14.200000000000001,spin_360,spin_360,True,-0.7193295089058109,2.034326040526632,0.12632373097414099,-0.05925949105998872,-0.06727831342006513,0.08965522147280323,0.24181718961329687,0.4514131308512643,3.081857353432641,258.37032957053435,0.9996391534805298
14.22,spin_360,spin_360,True,-0.7202505995759247,2.0352926902487907,0.1256871243219516,-0.03300927328184557,-0.045095045001552155,0.055885375602992754,0.2410632144053329,0.45948180898568103,2.627796333948019,261.4969653441517,0.9996634125709534
14.24,spin_360,spin_360,True,-0.7205508005775019,2.035849385150511,0.125640850657628,-0.016611485171925622,-0.0015376126753450167,0.01668249658643713,0.24060509689100334,0.46292381935766036,2.0885261383331737,263.9728860579502,0.9994991421699524
14.26,spin_360,spin_360,True,-0.720022820544607,2.0359804621776667,0.12664329084260992,-0.0010896794990941233,0.038343762245370235,0.03835924275243485,0.2412056133783664,0.46365495215974556,2.57687356657613,266.72270364450054,0.9991655349731445
14.280000000000001,spin_360,spin_360,True,-0.7188089859595469,2.0363235429299507,0.12766219748825874,-0.024635133634139522,0.07260999767900052,0.0766752996219537,0.24208616484762083,0.4656888920823561,2.8224123185498446,269.8540326742881,0.9986428618431091
14.3,spin_360,spin_360,True,-0.7168731068544439,2.0377044795309747,0.1284425482100526,-0.08205410828772429,0.1141241369964831,0.1405602907370557,0.24289291800659787,0.4676484476314171,3.3928684752531826,273.5376571585292,0.9982962608337402
14.32,spin_360,spin_360,True,-0.7144947487496366,2.0403828862344326,0.1287077151003334,-0.13767370406887258,0.1430193779479906,0.19851597230619425,0.2434493775960906,0.4681385036168643,3.6497297071617902,277.64485443607083,0.9984627962112427
14.34,spin_360,spin_360,True,-0.712469450663547,2.044095097286748,0.12831851777967268,-0.178042067018854,0.1281710757756962,0.2193782174552555,0.2436201868046265,0.46910031070834757,3.676426743091361,281.86901018088975,0.9988774061203003
14.36,spin_360,spin_360,True,-0.7116354943872477,2.047686889142452,0.12753870695217806,-0.14335022449643064,0.04155717875478712,0.1492524236628484,0.24330183664056004,0.47171203318284805,3.5529386315352447,286.0215784697144,0.9992395043373108
14.38,spin_360,spin_360,True,-0.7125386975713971,2.0494719424043706,0.12704421607474994,-0.08338607976766976,-0.04576752348978459,0.09512047363952815,0.2432272684366172,0.47500672235755476,3.2537134162112777,289.90525625981337,0.9994767308235168
14.4,spin_360,spin_360,True,-0.714096408221439,2.0501829773359033,0.12607712593427572,-0.056899103740660054,-0.05861702826689866,0.08169127254078487,0.2424036322713515,0.47930120242166663,3.0042799130568967,293.4143973174333,0.9996189475059509
14.42,spin_360,spin_360,True,-0.7151710256522568,2.050637700935325,0.12558403177569502,-0.03977858335118464,-0.02732821469829159,0.04826144436320845,0.24165825381132428,0.48305454652241614,2.242019921739555,296.1840511400139,0.9995930194854736
14.44,spin_360,spin_360,True,-0.715524843042853,2.051177838199805,0.12602670159595886,-0.02127143603641943,0.011666987895175313,0.024260927385358757,0.24161689095537486,0.48378433662643106,2.3163349492999874,298.6911276891012,0.9993880391120911
14.46,spin_360,spin_360,True,-0.7151946196045231,2.051796738091907,0.1271018681254629,-0.012268860353495158,0.03662097293630677,0.038621504284210344,0.24256903754124318,0.48390119080859934,2.591221759960209,301.534546190872,0.9989592432975769
14.48,spin_360,spin_360,True,-0.7146203970801366,2.0530633305358177,0.1280322067978506,-0.04718261382058199,0.07059156862792074,0.08490800084969978,0.243467433909485,0.4845148023593286,2.940285461430417,304.75989177801824,0.9983994364738464
14.5,spin_360,spin_360,True,-0.7141226089869389,2.055613520552402,0.12864763788329692,-0.10295456574507703,0.11179306361431515,0.15197806315396872,0.244157231858521,0.48472208581940857,3.4576123363332987,308.53837045602756,0.998188853263855
14.52,spin_360,spin_360,True,-0.7140067220056087,2.0593777823761705,0.1288041330106327,-0.15554629794001854,0.13622186943756723,0.20676326684377624,0.24452055987501167,0.4836503977515025,3.641875611679361,312.6554739236224,0.9984800219535828
14.540000000000001,spin_360,spin_360,True,-0.7147316572263244,2.0636552591621933,0.12831232627464229,-0.18773304832850674,0.12156076047815442,0.22365311516440067,0.24449259447549654,0.48341326977459,3.5577685442820965,316.7782681873495,0.9989575147628784
14.56,spin_360,spin_360,True,-0.7162622228817055,2.0670487286171197,0.12743094703635396,-0.145366241415678,0.032457704540183534,0.1489457845235609,0.24388784139245426,0.48422530020814514,3.383089332594264,320.79140423138523,0.9993447065353394
14.58,spin_360,spin_360,True,-0.7181987661366894,2.067971870013709,0.12694558002313025,-0.0943676842370761,-0.047576876813782545,0.1056826335573747,0.24367654394359317,0.48570735963089956,3.1185265673544413,324.5145585033852,0.9995965957641602
14.6,spin_360,spin_360,True,-0.7200219017054527,2.0678382109340547,0.12614350541518235,-0.06647532835278436,-0.051699339942810146,0.08421277236935465,0.24286207889258535,0.4884508781641074,2.7629286891824036,327.77042312677565,0.9997435212135315
14.620000000000001,spin_360,spin_360,True,-0.7212888882783324,2.067870554973802,0.12596204470814007,-0.05163045084382756,-0.019787833467992472,0.05529251131657792,0.24243594188682174,0.4910173645789667,2.2625931630299747,330.478222534408,0.9997109174728394
14.64,spin_360,spin_360,True,-0.7221442888842264,2.0683629531981804,0.12660476693169112,-0.04246556897329437,0.014017863520700835,0.04471940346103263,0.2428164631537173,0.49128014423787186,2.137857311520763,332.87727789519204,0.999501645565033
14.66,spin_360,spin_360,True,-0.7226713392293108,2.0692680943079584,0.12762829005872953,-0.03907524370640381,0.03431640453248877,0.05200471412047437,0.2439117302637026,0.491649759168288,2.5379407457033056,335.5992132377628,0.9990931153297424
14.68,spin_360,spin_360,True,-0.7233897587750793,2.0707408583449247,0.12846855016714306,-0.06959030295882263,0.06582725504949881,0.0957916372824501,0.2448735497635463,0.493067227072921,2.9600527885002155,338.8300351088103,0.9985737204551697
14.700000000000001,spin_360,spin_360,True,-0.7247155327335124,2.0731828140496877,0.12897819660304552,-0.11568814246628398,0.11026788795457788,0.15982100431815138,0.24552306399029758,0.4935948532350596,3.446838942272803,342.6128354985267,0.9983527660369873
14.72,spin_360,spin_360,True,-0.7269698724592414,2.0763784149749203,0.12916619152748518,-0.1647333965166617,0.13521001135808847,0.2131169610785826,0.2458541328639906,0.4920595340862806,3.593613735361894,346.7128139370719,0.9986259341239929
14.74,spin_360,spin_360,True,-0.7301057470898973,2.0795683434242695,0.12870050276543335,-0.19443151791114932,0.1236611239193471,0.2304250175788855,0.24572497499864643,0.49078304667651357,3.4469950030030314,350.7354660959848,0.9990799427032471
14.76,spin_360,spin_360,True,-0.733244162874283,2.08121222149931,0.1282791345409993,-0.14306838648330794,0.014988752837946281,0.14385140222665266,0.24533169097740468,0.4909786315059806,3.45237200964261,354.6959973775295,0.9994423985481262
14.780000000000001,spin_360,spin_360,True,-0.7355391370608496,2.0806241744176375,0.12791054406042768,-0.10225232154725608,-0.06144362025579938,0.11929315039826188,0.2452049207213235,0.4910481709718695,3.176480646428968,358.4745305110586,0.9996916055679321
14.8,spin_360,spin_360,True,-0.7371803307008209,2.0793559772935546,0.12742317251174293,-0.07718408966078967,-0.06126846486124108,0.09854546404182159,0.2447113838898448,0.49217889176754315,2.9973502718106646,361.94052087154637,0.9997789859771729
14.82,spin_360,spin_360,True,-0.7384464741627256,2.0784455576213925,0.1274335050633237,-0.06090579292317666,-0.02731805694760503,0.06675171793290018,0.24460083366653373,0.4913711623305149,2.5259598977171835,365.03628521765427,0.9997302293777466
14.84,spin_360,spin_360,True,-0.7397094692559514,2.0782138332925117,0.127885639912154,-0.06222899069945152,0.007736517796977761,0.06270806161168894,0.2449583214642731,0.4883951278058558,1.9948800975266179,367.39181269900814,0.999497652053833
14.86,spin_360,spin_360,True,-0.7411413967555248,2.07853997531035,0.12881129068117556,-0.06691034061837425,0.037360932036123694,0.07663441083661254,0.2459112431983,0.4871931256351413,2.6530392425464515,370.16815817724904,0.9991791844367981
14.88,spin_360,spin_360,True,-0.7431096430122365,2.0792973613666708,0.12964225439225488,-0.09714578698969781,0.06795719714072115,0.11855582892911921,0.2468756801173654,0.48958819431683576,2.9595077155196416,373.3666408951496,0.9988425970077515
14.9,spin_360,spin_360,True,-0.746063933965805,2.0804012544698836,0.13020342337794924,-0.13897526777286712,0.1080201871220925,0.17601842482658456,0.2475755373316159,0.4922645335298928,3.5604890620359084,377.23581042370324,0.9987334609031677
14.92,spin_360,spin_360,True,-0.7500299896119742,2.081519897633355,0.1304187159557573,-0.17938511931347417,0.12808333686781598,0.22041860677879216,0.24789097247025707,0.49291495816550784,3.613596220584128,381.3988966675064,0.9989668726921082
14.94,spin_360,spin_360,True,-0.7545494434497785,2.082023437909262,0.13005017710041097,-0.20615919747295286,0.10688723504428656,0.23222079088252312,0.24776660118220759,0.4934978525891328,3.4861947414282994,385.46124959376283,0.9992548227310181
14.96,spin_360,spin_360,True,-0.7584979898079924,2.081381751323799,0.1293758152025411,-0.17071177049825204,0.019996280949322733,0.17187891039465,0.24721000969757706,0.4950297115668843,3.4216008578869075,389.45863846053925,0.9994702339172363
14.98,spin_360,spin_360,True,-0.7605564385258247,2.0794166211160134,0.12906519309611447,-0.1309322319451693,-0.052002475711188975,0.14088117987238896,0.2471298404536009,0.49621314901731517,3.135530786395745,393.1693204618129,0.9996422529220581
15.0,spin_360,spin_360,True,-0.761778633773374,2.0773216977048508,0.12885162370801873,-0.10180793323251214,-0.04749982578981647,0.11234361895158337,0.24699442664353016,0.4961380943330479,2.7220601443150905,396.436873999582,0.9996998310089111
15.02,spin_360,spin_360,True,-0.7627910306788929,2.0758825940060723,0.12905661534958832,-0.07591900842780881,-0.012032045029506151,0.07686654635310324,0.24721734135956416,0.49037087551298525,2.1835996929677,399.0866049459396,0.9996028542518616
15.040000000000001,spin_360,spin_360,True,-0.7641375167583657,2.0750397269840506,0.12948200308462812,-0.07618092412201172,0.023109030464927918,0.07960879655611353,0.24757627184194453,0.48125665783463434,1.7750094875423021,401.1513008612695,0.9993610382080078
15.06,spin_360,spin_360,True,-0.7659043414222747,2.0745830285262947,0.13038139002784763,-0.0777923598807326,0.05447641889366915,0.09497016095222714,0.24844328230116952,0.47586833913418436,2.459077328606715,403.70302226738534,0.9991347193717957
15.08,spin_360,spin_360,True,-0.7684044340428714,2.0742198529107343,0.13111697171929432,-0.11008781823807379,0.0918579607845657,0.14337786678535144,0.24918178657964402,0.47617982439975876,3.0896856500208667,407.043067878136,0.9989283680915833
15.1,spin_360,spin_360,True,-0.7719198297464357,2.0736967187181157,0.13158812724601693,-0.1447973322539505,0.13055331558855646,0.19496265190806714,0.24965451055011162,0.47694633096449646,3.5109143192958685,410.91569685749823,0.9988969564437866
15.120000000000001,spin_360,spin_360,True,-0.77614220158887,2.072666362940027,0.1317669287636533,-0.17631674566290512,0.1448551297476589,0.22818984073654258,0.24988610521327725,0.4762897703346093,3.5031034748754055,414.9696254757341,0.9990527033805847
15.14,spin_360,spin_360,True,-0.7803857641996628,2.070882514853781,0.131404805357289,-0.1985921401088392,0.12164221157910754,0.2328855206981859,0.24975953923451663,0.47568450072526514,3.3495293443274323,418.87194536795295,0.9992362260818481
15.16,spin_360,spin_360,True,-0.7829558529797477,2.0684124749468875,0.13135511107240852,-0.15575937106103968,0.01473165556657599,0.15645447692240344,0.24976667619583426,0.47576962238524617,3.178821564509955,422.5847316079365,0.9994308352470398
15.18,spin_360,spin_360,True,-0.783624156289362,2.0656892171539214,0.13136170796368482,-0.13158467255906237,-0.04479822021023731,0.13900146253360277,0.2500121709557758,0.4754271374411754,2.7615232226390267,425.88521311228334,0.9996325969696045
15.200000000000001,spin_360,spin_360,True,-0.7835968463454984,2.063329709212136,0.13136827845186116,-0.09846189030886948,-0.04428741383976849,0.10796350711148078,0.25010805004019626,0.47318818176070676,2.472792005412858,428.8126723833925,0.9997180104255676
15.22,spin_360,spin_360,True,-0.7836936309193809,2.06154906490616,0.131463453647083,-0.07957057344846256,-0.013207831408798311,0.08065930181597417,0.25020292997616733,0.4650096122302473,2.0558428849942603,431.3333294401242,0.9996768236160278
15.24,spin_360,spin_360,True,-0.7843689697345718,2.0598980705088734,0.13159969214624131,-0.08924559950339853,0.01982401610687485,0.09142083266590083,0.2501159547594266,0.4562483949635287,1.5662348495474296,433.2404516811996,0.9995407462120056
15.26,spin_360,spin_360,True,-0.7859935936305735,2.0581719910101737,0.13229076154190858,-0.1118789343599304,0.07724532493838718,0.13595490494406826,0.2504411937502123,0.4535715615195106,1.3658482776917342,434.9070541444206,0.9994850158691406
15.280000000000001,spin_360,spin_360,True,-0.7884682949877073,2.0562470313130627,0.13281765191356734,-0.12675953366959156,0.10787244426870797,0.16644651876394959,0.25083824571745833,0.4556663608039442,2.623983281120479,437.38347695169045,0.9994505047798157
15.3,spin_360,spin_360,True,-0.7913538235760297,2.053933570397237,0.13302011047720302,-0.14613401965425776,0.12819151435937737,0.19439191355110802,0.2510021073984805,0.457629551786519,3.1081884050394595,440.770665860228,0.9993911981582642
15.32,spin_360,spin_360,True,-0.7942726898145576,2.0510861733359858,0.132976177935539,-0.1670094346186777,0.12651190996984812,0.20951709862412027,0.2510404730413766,0.45802178235947205,3.1911758522672224,444.40217935274126,0.999398410320282
15.34,spin_360,spin_360,True,-0.7964001365911421,2.047906031381717,0.13297518122477303,-0.16005124010036098,0.07203028009693777,0.17551285055091181,0.2511504547768865,0.45801815705198307,2.6183283989431194,447.6951316350529,0.9994720220565796
15.36,spin_360,spin_360,True,-0.7970258000247404,2.0450912338406377,0.13311825760291518,-0.1327717965775435,0.008032182437310714,0.13301453274411348,0.2515275167676557,0.4579799003499681,2.3733852999021474,450.50995106540745,0.9995399713516235
15.38,spin_360,spin_360,True,-0.7967145194435361,2.0428072603512586,0.1330773979975134,-0.11009630421511195,-0.02053188391110647,0.11199443941002442,0.2516828942119946,0.45781656976501306,1.7164151741979725,452.7367462727783,0.9995996356010437
15.4,spin_360,spin_360,True,-0.7962641350679002,2.0408352204064895,0.1330053204684552,-0.0954657996784854,-0.012160618438422213,0.09623720459914449,0.25162431011403597,0.45581960063015603,1.2699272104939143,454.3707204244862,0.9995945692062378
15.42,spin_360,spin_360,True,-0.7961640215007473,2.0391807433208387,0.13307930514744515,-0.07612521345876984,0.012092806541092127,0.07707972557153764,0.2514514956151735,0.4517140795432242,1.6805716406599198,456.0990149020544,0.999550998210907
15.44,spin_360,spin_360,True,-0.7964986229779509,2.037569944368055,0.1332410956732755,-0.07838684705937639,0.03513447045566877,0.08590069153452914,0.25125919181916223,0.44848758368136993,1.8739885030238297,458.1890891439363,0.999582052230835
15.46,spin_360,spin_360,True,-0.7972714460710781,2.03546468215229,0.13344657635211005,-0.10955173924976033,0.06993796363962997,0.12997269840510997,0.2510991381877007,0.4479639579634605,1.456743858924135,460.14021974467784,0.9996258616447449
15.48,spin_360,spin_360,True,-0.7983761144957053,2.0327614595282015,0.1335148921322954,-0.12695965815255664,0.08765270115326201,0.1542781605337486,0.2510253524938236,0.44818342762522007,2.283900810661484,462.4279744020974,0.9996533393859863
15.5,spin_360,spin_360,True,-0.7994548551031058,2.029672631586462,0.13347288295690174,-0.14027003053042789,0.09036534630807755,0.1668579553943592,0.2509263293920968,0.44829734413874633,2.1666310656704573,465.19419117666627,0.9996857047080994
15.52,spin_360,spin_360,True,-0.8002176409689918,2.026595386059318,0.13360735774568253,-0.1357902233903719,0.0725774027813606,0.15396903637710718,0.2510960160749235,0.4472894867290001,1.1765549545632874,466.8434521167293,0.9997562766075134
15.540000000000001,spin_360,spin_360,True,-0.8005523310780598,2.0238344186595474,0.13373284274439243,-0.12243266837419653,0.048724153328519745,0.13177177771741216,0.2513216843778507,0.4441491647436922,1.0931118820281867,468.1106876786949,0.9998299479484558
15.56,spin_360,spin_360,True,-0.80054582740874,2.021402080182666,0.1338031199286995,-0.11012063226472794,0.03264374282936511,0.11485716171094064,0.25145636133254023,0.439362028748774,0.6462511817227967,468.94654553705436,0.9998781085014343
15.58,spin_360,spin_360,True,-0.8003595127731026,2.0192684603820834,0.13372945283298343,-0.10148407118239487,0.023992008202418716,0.10428150920147981,0.2513896540584689,0.4339974496147145,0.5251445608461224,469.6565213806579,0.9998857975006104
15.6,spin_360,spin_360,True,-0.8000832237571313,2.0173142224309046,0.1336018406433463,-0.09436224297158168,0.017986593529533718,0.09606118074136129,0.2512349597120656,0.42927671296550163,0.47592352572266866,470.2206013165188,0.9998676180839539
15.620000000000001,spin_360,spin_360,True,-0.7997447810628625,2.0154616939120618,0.13346391695430856,-0.09128610179392427,0.016744727016855115,0.09280914967609444,0.2510490342377579,0.42576643446460716,0.40544626689904617,470.72201058718554,0.9998325705528259
15.64,spin_360,spin_360,True,-0.7994094508476406,2.013689463722299,0.13331355281466775,-0.08785305250823278,0.016413087371661514,0.08937308471841006,0.25088562640833867,0.42395129107799173,0.34652887143339267,471.15143315632287,0.9997903108596802
15.66,spin_360,spin_360,True,-0.7990919864036958,2.0119428749597117,0.13312557902676744,-0.08652445685037027,0.01760962878303589,0.08829824833555823,0.25072389293665576,0.4236759742230912,0.419819103608273,471.6728938106206,0.9997490644454956
15.68,spin_360,spin_360,True,-0.7987991034783756,2.0102365707462515,0.1329651660999868,-0.08340154319849147,0.017584615958089966,0.08523518127090099,0.25059270556836033,0.4237766441170745,0.26933255783722065,472.0272580542441,0.9997120499610901
15.700000000000001,spin_360,spin_360,True,-0.7985122885341036,2.008574617658241,0.1327789871527641,-0.08117810988837709,0.01781603763376835,0.08311014812895762,0.2504535152878437,0.4241370605003224,0.1951474580728157,472.2795377739586,0.9996768832206726
15.72,spin_360,spin_360,True,-0.7982385278503905,2.006995723990734,0.1325972220871837,-0.07586365739574852,0.016530041995603664,0.07764365268221175,0.25033506930636845,0.42521555979665976,0.07357396982545361,472.4092523860719,0.9996472001075745
15.74,spin_360,spin_360,True,-0.7979656080732083,2.005552523436643,0.13242125791444442,-0.06900744660101055,0.01371760505792767,0.07035766038546623,0.2502301480382646,0.42699013835663185,0.010912316341653613,472.4472184887564,0.9996168613433838
15.76,spin_360,spin_360,True,-0.7977000669341152,2.004274968215333,0.1322820772610055,-0.06122871154264306,0.011261073753686693,0.06225565756827377,0.2501529239769568,0.4294850543570844,-0.031504638943753466,472.42775166202983,0.9995790719985962
15.780000000000001,spin_360,spin_360,True,-0.7974621281611471,2.0031241068532637,0.13217686791547775,-0.05560773250798643,0.01072868830308732,0.056633247014316365,0.25010094009171463,0.43275503461220727,-0.04823391607487303,472.3778368115761,0.9995356202125549
15.8,spin_360,spin_360,True,-0.7972602895969279,2.0020578244290297,0.13208545070753833,-0.051409594953410354,0.010745591486887168,0.052520607285871865,0.2500590254026219,0.4369732009406737,-0.05098384588354876,472.31782612099965,0.9994906187057495
15.82,spin_360,spin_360,True,-0.7970978584955852,2.001054231128185,0.1320046624129595,-0.04850700787086985,0.011458295474229357,0.04984197375465156,0.2500246160185997,0.44230706781651896,-0.05421325241695112,472.2571663960874,0.9994481801986694
15.84,spin_360,spin_360,True,-0.7969732985623155,2.00010641071264,0.13193480725346715,-0.0451878991412033,0.012318871634762675,0.04683696005452662,0.24999882207156382,0.4486950354490832,-0.05219351079510759,472.198734843245,0.9994102120399475
15.860000000000001,spin_360,spin_360,True,-0.7968817636840034,1.999214486142405,0.1318720648467417,-0.041674676832850505,0.012682488638812751,0.043561728698435984,0.24998197613669468,0.4558033750137121,-0.049045116428655645,472.1411288209473,0.9993782043457031
15.88,spin_360,spin_360,True,-0.7968222089254323,1.9983768306484244,0.1318180378968086,-0.03854388966857374,0.012885000093066146,0.04064055435376713,0.24997322813389897,0.463198333445514,-0.05279575535737522,472.0783968273326,0.9993522763252258
15.9,spin_360,spin_360,True,-0.7967936641280405,1.9976057460081025,0.13177882897024845,-0.03515636608001131,0.013152738802560432,0.03753617740207637,0.24997259601506575,0.47051442219807726,-0.054500279136278966,472.0170336093022,0.9993323087692261
15.92,spin_360,spin_360,True,-0.7967910615182768,1.996901905287025,0.13174920149502603,-0.030979407797278386,0.012803022324344021,0.03352075607899864,0.2499752782357253,0.4774320066042622,-0.049638855117511024,471.9546542940215,0.9993167519569397
15.94,spin_360,spin_360,True,-0.7968139709692993,1.9962661119385863,0.13173183396936877,-0.027982704559783404,0.012776640867221543,0.030761571909284458,0.2499847028774707,0.4837061889947853,-0.05827152537851353,471.8892878062987,0.9993061423301697
15.96,spin_360,spin_360,True,-0.7968535574976872,1.9956958146673711,0.13172374842150894,-0.024168155622275,0.012154362388678924,0.027052324692303904,0.24999773311919393,0.48919597051285924,-0.053278249321921774,471.8223488167414,0.9992971420288086
15.98,spin_360,spin_360,True,-0.7969103569922845,1.9951941680636667,0.13172760783898724,-0.021244475228814782,0.011820696986931643,0.02431165574379046,0.25002227671924343,0.4938620550742313,-0.058988053885231866,471.7559220697657,0.9992916584014893
16.0,spin_360,spin_360,True,-0.7969750413398871,1.994742190365478,0.13173172141701814,-0.018680084853683325,0.011007269533587015,0.021681917644107082,0.25004625059028973,0.4977024503102016,-0.064080957947295,471.68007429228925,0.9992853999137878
16.02,spin_360,walking,True,-0.7972342692604001,1.9946825052109858,0.13140958055604976,0.01314021693865126,0.01300425136904978,0.018487180825216443,0.24969222030316182,0.4907215616676752,-0.43089701957481025,471.3422535582558,0.9992451071739197
16.04,hard_brake,walking,True,-0.7977536092642714,1.9951785823280037,0.130693312226856,0.04809365083004146,0.014915155774394742,0.05035336256831721,0.24851620373084202,0.4722339644210562,-0.3332649036948088,470.87911323165946,0.9989436268806458
16.06,hard_brake,walking,True,-0.7985539220300768,1.9963862643668526,0.12957656416294652,0.08597492243602833,0.011216021865402603,0.08670343957632982,0.2465515603701499,0.4470062132527784,0.05214306861117987,470.82803989551337,0.998038649559021
16.080000000000002,hard_brake,walking,True,-0.7994612457488027,1.9982523182209335,0.12814492657661722,0.11873782116132695,-0.0003285084267386773,0.11873827559774354,0.2439384767473301,0.41811938047294445,0.37705160587629155,471.2062858412569,0.9963388442993164
16.1,hard_brake,walking,True,-0.8003460025896247,2.000571036816198,0.12651062935552373,0.13484161243405285,-0.008201257484412222,0.13509078824309578,0.24089601738582248,0.38824616589934163,-0.3105215746919551,471.3409357761266,0.9939795136451721
16.12,hard_brake,walking,True,-0.8009427747575152,2.002813033352366,0.12486824641333,0.11043305563055947,-0.023397803913428925,0.11288452951522415,0.23792468145429546,0.3601982073097622,-0.6165801046789431,470.7196661130789,0.9915488362312317
16.14,hard_brake,walking,True,-0.8011116002873373,2.004582339859568,0.12328450813740555,0.09169734750288776,-0.029160335098960308,0.0962222878659046,0.23537986162735897,0.33660381100473974,-0.04034353464395973,470.3120289586146,0.9891408085823059
16.16,hard_brake,walking,True,-0.8006323037676782,2.0059929796689215,0.12167207605359287,0.05572787676235715,-0.06879265023901235,0.08853262096734486,0.23322150984459467,0.32040701435250957,0.1479027583685186,470.34827129857035,0.9874535799026489
16.18,hard_brake,walking,True,-0.7992270932186506,2.0072121501100724,0.11993262587839588,0.03667666930584554,-0.10141231975754389,0.10784079316277621,0.23139793833965164,0.313860733729967,0.41334471866409067,470.5926786076652,0.9871886372566223
16.2,hard_brake,walking,True,-0.797624788072727,2.0084429897281804,0.11848118934470901,0.03852211457407524,-0.09661590096048156,0.10401243016901279,0.2301391767452558,0.3169685628570801,0.5752072155329768,471.22440619574013,0.9883159399032593
16.22,hard_brake,walking,True,-0.7962127820029603,2.0094900642133973,0.11746937772673069,0.02233863915130538,-0.08183857193358769,0.08483258015209275,0.22947961837817255,0.3259977134743942,0.8308023164739412,472.09464774995683,0.9904627203941345
16.240000000000002,hard_brake,walking,True,-0.7948308581948971,2.0101604747776904,0.11675889733300672,0.001048231453554621,-0.07566203280076937,0.07566929361851425,0.22919243536972708,0.33574053481734645,0.6999108733214844,472.96156275224854,0.9925804734230042
16.26,hard_brake,walking,True,-0.7933438594567952,2.010509180173633,0.11624577945196225,-0.01699972292494488,-0.07618012092288648,0.07805383657034741,0.2290568099291752,0.3430350435641044,0.4553662962084863,473.5841172928018,0.9942363500595093
16.28,hard_brake,walking,True,-0.7923617393135951,2.0107198147732537,0.11637647274135897,-0.006030526670375028,-0.03649350452778568,0.03698841879077312,0.2292671662909741,0.34671464846009403,-0.002757977177637684,473.6838620280531,0.9953848123550415
16.3,hard_brake,walking,True,-0.7919363842332401,2.010921934875175,0.11686633863806946,-0.00042759662809646257,-0.017264742196595566,0.017270036537056513,0.229840915464189,0.3474414614483829,0.052065669082289906,473.708852974751,0.9961965084075928
16.32,hard_brake,walking,True,-0.7917352127144773,2.011025461800825,0.11739246710761089,-0.0024442164462954285,-0.008014293559766187,0.008378728739996948,0.2304254884236192,0.347273941112561,0.10016030022101265,473.8047257416585,0.9968407154083252
16.34,hard_brake,walking,True,-0.7916374026640318,2.0110159608864135,0.11785857293362112,-0.004996680803489943,-0.001805211376649559,0.00531277772604406,0.23091852530211457,0.3466526296684865,0.09606098826042733,473.91319039027707,0.9973412752151489
16.36,hard_brake,walking,True,-0.791609746627144,2.01092135798548,0.11823980102374597,-0.006606290985528113,0.0024556935527742536,0.007047943771810828,0.23130060956413126,0.3456877069968713,0.09275952369020457,474.01389122343517,0.9977352023124695
16.38,hard_brake,walking,True,-0.7916332745774467,2.010781381044494,0.11853317847576408,-0.006626412384570922,0.005153851388775197,0.008394731992623404,0.2315818377518683,0.3444872913995867,0.10316797211266676,474.12153036049943,0.9980580806732178
16.4,hard_brake,walking,True,-0.7916965074738426,2.0106337169346657,0.11874188216820421,-0.005477178055213946,0.006666853339950998,0.008628233475337406,0.23176783043424304,0.3431298416126972,0.11496198419499393,474.24064054472177,0.9983314871788025
16.42,hard_brake,walking,True,-0.7918607446250887,2.010527397963497,0.11883311142056663,0.0036387185909315216,0.014248981798182998,0.014706248851047675,0.23185108740760807,0.3415594605485305,0.13822243255641192,474.37919369768287,0.9985679984092712
16.44,hard_brake,walking,True,-0.7920567389860751,2.010420561552853,0.11889495983079333,-0.0025191072313532695,0.010274149214945173,0.010578470746474408,0.231830881691534,0.3399836420250925,0.15878526855629213,474.5432370508614,0.9987589716911316
16.46,hard_brake,walking,True,-0.7923262249724548,2.0103276165206503,0.11887167743231539,-0.00044780290880663126,0.012655811635732702,0.01266373150395581,0.23175764948344826,0.33836208296662895,0.1737538255223804,474.72720656061244,0.9989004135131836
16.48,hard_brake,walking,True,-0.7925689919416284,2.0102200515586626,0.11883796843261249,0.004334855129000018,0.01631472127780721,0.016880790839352077,0.2316948832255342,0.3369704750553801,0.17020590089551335,474.9219185895494,0.9990083575248718
16.5,hard_brake,walking,True,-0.792790270579076,2.0101253873593894,0.11881893302529183,-0.0007775160619803538,0.010485749705120558,0.010514536514039661,0.23159715091515773,0.3359124331010747,0.16081050056081295,475.10218704946936,0.9991031885147095
16.52,hard_brake,walking,True,-0.7930675398247948,2.010067522971689,0.11874938533725062,0.0017498669426578815,0.011841352660602327,0.01196994850238549,0.2314895025036686,0.33498578814388286,0.15237873614895056,475.2735717464072,0.9991902112960815
16.54,hard_brake,walking,True,-0.7932415675446576,2.0099858298692124,0.11874845907369462,-2.1948688052990384e-05,0.008597840540698036,0.008597868556111912,0.23144881426181438,0.3344632156395732,0.13526993671443216,475.4348340629848,0.9992645382881165
16.56,hard_brake,walking,True,-0.7934238326272173,2.009951094915847,0.11873850388826758,0.003950042673220029,0.009270993602096687,0.010077408371718242,0.2314203730215831,0.33410536441753486,0.10182727691809842,475.5620728880035,0.9993331432342529
16.580000000000002,hard_brake,walking,True,-0.7935879027393992,2.0099480900943503,0.11875586604536764,0.0034068830951077328,0.00672594249392745,0.007539572591025956,0.23140712019678822,0.3339134153283369,0.07905227711798044,475.65889323425165,0.9993983507156372
16.6,hard_brake,walking,True,-0.7937275024251873,2.0099670971878387,0.11878808036189716,0.0042463855769977925,0.0054875662035802665,0.006938672301471746,0.23142361797788039,0.33383692717585295,0.06149183748714576,475.73485687847625,0.9994519352912903
16.62,hard_brake,walking,True,-0.7938560254269182,2.0100142556750265,0.11882512586300359,0.005303798861640608,0.004395883400950014,0.0068886916928752205,0.23144883087886853,0.33378679966918656,0.04591314680745255,475.7929947977524,0.9994948506355286
16.64,hard_brake,walking,True,-0.7939712247394398,2.0100848916235923,0.1188649631127904,0.005788218871079685,0.0032918660458561635,0.006658818195699871,0.23147990170235458,0.33373936573253227,0.04435362298127138,475.841680752836,0.9995267987251282
16.66,hard_brake,walking,True,-0.7940692464119412,2.0101669048881807,0.11890389674708454,0.005799831386498677,0.0023272304692118235,0.006249323624892781,0.23151408577946886,0.3336941383971885,0.04887795712986908,475.8957075252844,0.9995465874671936
16.68,hard_brake,walking,True,-0.7941511312765263,2.010254905909453,0.11893704489330412,0.005672614786367559,0.0015147260881673641,0.005871367271487168,0.23154606217936813,0.33365161067109184,0.04904464033594604,475.95232615284834,0.9995561242103577
16.7,hard_brake,walking,True,-0.7942186502301998,2.010346065845161,0.11896172542762745,0.005486736559579552,0.0008332414982099795,0.005549645886772063,0.23157198766070025,0.33361250356546523,0.046686650281150356,476.0072614739274,0.9995588660240173
16.72,hard_brake,walking,True,-0.7942738761991567,2.0104383579731033,0.11897762782025931,0.005249415984199762,0.0002901368705700083,0.005257427848181667,0.23159025430984162,0.33357749050572544,0.044443286360742566,476.0597119452091,0.9995575547218323
16.740000000000002,hard_brake,walking,True,-0.7943186473760095,2.010529113740564,0.11898616733625403,0.004917746497498312,-0.00010650046516242663,0.00491889956827101,0.231601277600364,0.3335470399376591,0.04280891892974067,476.1100950504234,0.9995540380477905
16.76,hard_brake,walking,True,-0.7943545135558717,2.0106152283244416,0.11898956672932462,0.004477815718159013,-0.00036568804829903694,0.004492723155777648,0.23160668782260285,0.3335214439817916,0.041540040557314084,476.1588374114063,0.9995497465133667
16.78,hard_brake,walking,True,-0.7943827777413652,2.0106938889045454,0.11899025746850153,0.003947720352147401,-0.0005083955979094355,0.003980321854163617,0.231608604902535,0.3335008999831898,0.040386350005465727,476.20609650812725,0.999545693397522
16.8,hard_brake,walking,True,-0.7944045554372564,2.010763005841274,0.1189905320260449,0.0033599082029472866,-0.0005604345417465151,0.0034063279360353857,0.23160919656100606,0.3334855532906445,0.0392149425200062,476.2518588228611,0.999542772769928
16.82,hard_brake,walking,True,-0.7944208079703989,2.010821324810484,0.1189923037335075,0.0027487594260395673,-0.0005472479385925147,0.0028027056014742484,0.23161039016252954,0.333475467999873,0.03798034430308747,476.2960482081103,0.9995412826538086
16.84,hard_brake,walking,True,-0.7944335509437385,2.0108703793662444,0.11899734284349386,0.002285486907500297,-0.0004754568033167976,0.002334418466379903,0.23161385055960007,0.3334705304380346,0.03745140222289422,476.33934748514775,0.9995415210723877
16.86,hard_brake,walking,True,-0.794442908097456,2.010908265089152,0.119006225620434,0.001786390047266812,-0.00035191809428742563,0.001820723962071356,0.23162052999635935,0.3334706064355052,0.03617765163899672,476.3807051524022,0.9995434284210205
16.88,hard_brake,walking,True,-0.7944494680962011,2.010935488137327,0.11901896216101569,0.0011608626184839842,-0.0002547851509549506,0.0011884937913765597,0.23163095391429797,0.33347563692546156,0.03379773179464827,476.4198973736725,0.9995465874671936
16.9,hard_brake,walking,True,-0.7944536908953258,2.0109545059144778,0.1190348967042589,0.0008454702646380759,-0.00017996176972902354,0.0008644109016845982,0.2316442921277088,0.33348540886754074,0.03308160455434927,476.4575390146205,0.9995506405830383
16.92,hard_brake,walking,True,-0.7944550434639112,2.010965736652918,0.11905282250237434,0.0004704212539075422,-0.0001440256733231443,0.0004919751525271671,0.23165980026573202,0.3334997749381817,0.03156416114866586,476.4932318829055,0.9995555281639099
16.94,hard_brake,walking,True,-0.7944539018688918,2.010971255141913,0.11907175993879543,0.00019449315512223432,-0.00013682325763976765,0.00023779863586774366,0.2316764970360106,0.33351860337288675,0.03021157917460825,476.52725580652384,0.9995608329772949
16.96,hard_brake,walking,True,-0.7944509179545106,2.0109732735583097,0.11909077563913184,-4.1340872644890546e-05,-0.00015428151550498523,0.00015972430553161298,0.23169356718646572,0.3335417806642172,0.02857811328789992,476.5598807978036,0.9995664358139038
16.98,hard_brake,walking,True,-0.7944461652989648,2.0109729248422377,0.11910884874051814,-0.00020328300242694684,-0.00019027520413348497,0.00027843963867192736,0.23171004967858339,0.3335692876310096,0.027035813849259058,476.5910827953434,0.9995721578598022
17.0,hard_brake,walking,True,-0.7944397584524596,2.0109712368104318,0.11912516634713874,-0.0003123646400815226,-0.0002459878793160011,0.0003975949008018623,0.23172522614896968,0.3336010596056922,0.026209736228805812,476.6213120001571,0.9995777606964111
17.02,hard_brake,walking,True,-0.7944321672177904,2.0109696113627775,0.11913936245848157,-0.0002907144696391833,-0.00030138417442443624,0.0004187449384184729,0.2317386997231994,0.33363714965097147,0.027043807340578773,476.6519038708818,0.9995831847190857
17.04,hard_brake,walking,True,-0.794422896222561,2.010967301304638,0.1191509348134616,-0.0002527508790496253,-0.0003567219708151769,0.00043718825615817066,0.23175083812754782,0.33367755503890145,0.028513092811195684,476.68323267232654,0.9995884299278259
17.06,hard_brake,walking,True,-0.7944117769605931,2.010964335020482,0.11915983957966463,-0.0003369289058603938,-0.0004487952271175385,0.0005611935882454157,0.23176213146691246,0.3337223300802544,0.029272860754959898,476.7155332339621,0.9995935559272766
17.080000000000002,hard_brake,walking,True,-0.7943986820922734,2.0109614656320134,0.11916638015051825,-0.00040496849024072737,-0.0005295615996092776,0.0006666595576968734,0.2317730817708372,0.33377146680584746,0.030225279245716132,476.7491214018861,0.9995986223220825
17.1,hard_brake,walking,True,-0.7943843479671393,2.010958229091418,0.1191702388180188,-0.00047425394046659273,-0.0005687922844383631,0.0007405683377546613,0.2317834610823134,0.3338575458774981,0.03127941719748254,476.78412167828,0.9996036887168884
17.12,hard_brake,walking,True,-0.7943696174598097,2.0109547162784427,0.11917157282514423,-0.0005836066014771122,-0.0005794800577303481,0.000822431640074014,0.23179358660403715,0.3340174050489345,0.031807470214639436,476.82062620891924,0.9996086955070496
17.14,hard_brake,walking,True,-0.7943545954125327,2.010950283988145,0.11917039090219474,-0.0005312471057447456,-0.0005602631863317385,0.0007720869933632876,0.23180334609365275,0.3342608635466688,0.03327483097630795,476.8581673211564,0.9996135830879211
17.16,hard_brake,walking,True,-0.7943395954747228,2.010944815988566,0.11916683414042814,-0.0006148568935224355,-0.0005361405561136912,0.0008157791952617801,0.23181268281500553,0.33457832946338595,0.03350157671992403,476.8964516010201,0.999618411064148
17.18,hard_brake,walking,True,-0.7943246839364794,2.0109381276359746,0.11916103816858178,-0.0006536999211559453,-0.0005048998804710693,0.0008259827336082694,0.23182124631580042,0.33495144243471175,0.03383639751201065,476.93516855674056,0.99962317943573
17.2,hard_brake,walking,True,-0.7943104649300113,2.0109310428775062,0.11915339701215853,-0.000718870449079372,-0.00047252127315262785,0.000860262213596156,0.2318288963021885,0.33536063921656883,0.03376643806447932,476.97443913273923,0.999627947807312
17.22,hard_brake,walking,True,-0.7942968072601838,2.010923418094879,0.11914416198853729,-0.0006360329351100664,-0.0004287980768866586,0.0007670760622561643,0.231835403409429,0.33578942817445695,0.03485363017709742,477.01419226720594,0.999632716178894
17.240000000000002,head_tilt_finish,walking,True,-0.7942843432532755,2.010915001983506,0.11912837259720539,-0.0006772403254462483,-0.00035488979705114974,0.0007645921961814328,0.2318375713789709,0.3362102553217853,0.0321149439714953,477.05224780301126,0.9996375441551208
17.26,head_tilt_finish,walking,True,-0.7942737502543892,2.010905425384357,0.11910213761909906,-0.0006755695495485297,-0.00024511105937846374,0.0007186610102870728,0.23183017872621714,0.3365951806204352,0.02971881791141053,477.08742627155846,0.9996424913406372
17.28,head_tilt_finish,walking,True,-0.7942663576443036,2.0108939750141785,0.11906944146703317,-0.0006885135481377567,-1.7593312022723406e-05,0.0006887382889001975,0.2318175722355503,0.33689945605436833,0.03463573554651591,477.125015132126,0.9996487498283386
17.3,head_tilt_finish,walking,True,-0.7942651581703458,2.0108765972872997,0.11904297812894625,-0.0009892078951467466,0.0005248768237045359,0.00111983388941522,0.2318172554136821,0.3370597857451303,0.05356729184063935,477.17877324945357,0.9996592998504639
17.32,head_tilt_finish,walking,True,-0.7942747177473586,2.0108411778007804,0.11904154965011246,-0.0016993593066532396,0.001633853306606651,0.00235739234762024,0.23185619736913102,0.33711838713928816,0.09845708957258498,477.27269175118926,0.9996775984764099
17.34,head_tilt_finish,walking,True,-0.7942970781704288,2.0107730302563764,0.11908713937840351,-0.003018029846925734,0.003157193601878234,0.00436765103879367,0.23196167403169754,0.3371519117871037,0.16540299136168962,477.4355292835028,0.9997037649154663
17.36,head_tilt_finish,walking,True,-0.7943412171458546,2.010665884759947,0.11918605091307787,-0.004109356871939566,0.005297922117149238,0.006704833529651277,0.23214124755176785,0.3371747534461645,0.2228129831611107,477.6675373930186,0.9997330904006958
17.38,head_tilt_finish,walking,True,-0.7944149480012725,2.0105200873620155,0.11932604390793503,-0.004968593628544479,0.00758010369395341,0.009063382076062937,0.23237509838658493,0.33718873420254236,0.25731818082362606,477.9478852162999,0.9997581243515015
17.400000000000002,head_tilt_finish,walking,True,-0.7945183522035085,2.010339784178892,0.11948704001152574,-0.005642343321608944,0.009628305526055533,0.01115976278699402,0.23263120246476066,0.33719435020410604,0.27284549662022056,478.25386543556306,0.9997727274894714
17.42,head_tilt_finish,walking,True,-0.7946474027983862,2.010129508340401,0.1196493949905689,-0.006271746845205364,0.0113626375954568,0.012978610927831674,0.23288116293454067,0.33719311318736184,0.27841927444429526,478.5706006844642,0.9997742772102356
17.44,head_tilt_finish,walking,True,-0.7947969772876322,2.009890842228906,0.11979703882503741,-0.006990987586351223,0.012864562649646591,0.014641409754501069,0.23310377044377475,0.33718744239225923,0.2811342042250961,478.89225296336815,0.9997629523277283
17.46,head_tilt_finish,walking,True,-0.7949631371336301,2.0096241638835566,0.11991843761540534,-0.007734932764778218,0.014223789994391847,0.01619090444293342,0.23328504501614633,0.33717972510315614,0.2866457463373926,479.2194412038659,0.9997410774230957
17.48,head_tilt_finish,walking,True,-0.7951428224026429,2.0093408457063546,0.12001220384829021,-0.007478151098292366,0.014752039784699772,0.016539208616444024,0.23341844716219365,0.3371738137813478,0.2869011639539986,479.5529973639641,0.9997121095657349
17.5,head_tilt_finish,walking,True,-0.7953277493943713,2.009071100744824,0.12009202082862273,-0.00679159318144844,0.014656912269827075,0.016153972119194226,0.23351937269346787,0.33717542593089767,0.2842285071380644,479.88179686070384,0.9996729493141174
17.52,head_tilt_finish,walking,True,-0.7955174659868777,2.0088032697601124,0.12014874614814865,-0.006745789057848324,0.014994286100330038,0.01644184556768299,0.2335847797105267,0.3371828955204771,0.2850632480096426,480.2108562323553,0.9996265769004822
17.54,head_tilt_finish,walking,True,-0.7957084002011662,2.008526806048034,0.12018040872835992,-0.007203756660811706,0.015293673262886252,0.016905340928242495,0.23361308976505873,0.3371982471241532,0.2841933036594719,480.5399547340128,0.9995790719985962
17.56,head_tilt_finish,walking,True,-0.7958973567477218,2.0082341293252624,0.12018600207805481,-0.008027717384168366,0.015695352650703362,0.01762919003329478,0.2336114146216112,0.33722139641118265,0.2822148553953206,480.8670222725643,0.9995326399803162
17.580000000000002,head_tilt_finish,walking,True,-0.7960806693334831,2.007919816931181,0.12016649135144743,-0.009169910677739656,0.016057595951700396,0.018491448012143037,0.23358525257202628,0.3372534857505343,0.28071515224384763,481.1918732679681,0.999488890171051
17.6,head_tilt_finish,walking,True,-0.7962531086915069,2.0075863969649648,0.12012759163529742,-0.009779011844437361,0.015754852093472167,0.018543042823140718,0.23353860460449558,0.3372961876579734,0.2693631803601152,481.51074876672135,0.9994494318962097
17.62,head_tilt_finish,walking,True,-0.7964104806785542,2.0072586417541327,0.12008073461411961,-0.00991476834341372,0.015068862120858506,0.018038105136654548,0.23348403861581743,0.3373693360561587,0.2509277902095124,481.807895937042,0.9994101524353027
17.64,head_tilt_finish,walking,True,-0.7965521234872632,2.00692902046329,0.12002146996774955,-0.010521734222635434,0.01458120111437542,0.017981054390375464,0.23341988773580308,0.33753697744276384,0.23646444494424318,482.0864255414345,0.9993728399276733
17.66,head_tilt_finish,walking,True,-0.7966712456023672,2.006587696155166,0.1199520725837445,-0.011760067940672997,0.01398702809447682,0.01827392001965995,0.23334892215934622,0.33787939574155834,0.22513082086430558,482.3503313982597,0.9993395209312439
17.68,head_tilt_finish,walking,True,-0.7967682831901464,2.0062295731370945,0.11986972245330424,-0.013079535321500843,0.013667171288121173,0.018917341653763933,0.23326959743194361,0.3384296095983472,0.21472395721271356,482.60098304867574,0.9993107914924622
17.7,head_tilt_finish,walking,True,-0.7968466332077697,2.0058661360029078,0.1197786252849739,-0.01309256892262272,0.012777518169821785,0.01829427045754359,0.23317848377435738,0.33919888491879685,0.1922138726526592,482.8323542068288,0.9992871284484863
17.72,head_tilt_finish,walking,True,-0.7969103399278906,2.0055138170207214,0.11967906827629411,-0.01322613871007913,0.01212276878226242,0.01794135636250643,0.23307621431886386,0.34015679984604447,0.17298985880888837,483.03742489871746,0.9992688894271851
17.740000000000002,head_tilt_finish,walking,True,-0.7969645298104613,2.0051575896997558,0.11956811997061605,-0.013738908208872884,0.012191498883908754,0.018368185642795073,0.23295659361120033,0.34127117725838985,0.16160625103718654,483.2256280861612,0.9992562532424927
17.76,head_tilt_finish,walking,True,-0.7970068826880924,2.0047851534380103,0.11944965807258913,-0.014902247506214824,0.012141452318178599,0.019222170666474962,0.2328263087992216,0.34252107361989326,0.14883802568250587,483.39917386335634,0.9992443919181824
17.78,head_tilt_finish,walking,True,-0.7970319470605329,2.0043933501143236,0.11931410816100117,-0.016221635204660252,0.01198208121235382,0.02016709495421974,0.23267854882553674,0.3438517443080527,0.13500790265654802,483.5561339041231,0.9992311000823975
17.8,head_tilt_finish,walking,True,-0.7970310254728228,2.004004937293708,0.11916554640249968,-0.016301407666945197,0.01041130069567988,0.01934246814912213,0.23251058424398616,0.3452529873197017,0.10297413279320043,483.68309111104776,0.9992111921310425
17.82,head_tilt_finish,walking,True,-0.7970008645342724,2.0036276589945845,0.11899876974916794,-0.016741634564444698,0.00901927216340652,0.01901656115723895,0.23232209252332062,0.34669563164862105,0.0769525574407275,483.7776621655646,0.999179482460022
17.84,head_tilt_finish,walking,True,-0.7969407642209276,2.0032588166693914,0.11880877798237424,-0.017207571432718182,0.007615710862016265,0.018817533487307293,0.23210728594798263,0.3481595304102614,0.0543934991801986,483.84474946318164,0.9991347789764404
17.86,head_tilt_finish,walking,True,-0.7968512566824698,2.0028993711900305,0.1185947944916727,-0.017639523171817356,0.006268013323353142,0.018720063267810127,0.23186573207158623,0.34964057945744353,0.03764139255391886,483.8892735234593,0.999075710773468
17.88,head_tilt_finish,walking,True,-0.7967342023438552,2.0025452627131126,0.1183554007336594,-0.018234515752999857,0.005146833123943373,0.01894696429384192,0.2315965785831519,0.3511348404645551,0.03005345133487867,483.921550116633,0.99900221824646
17.900000000000002,head_tilt_finish,walking,True,-0.7965916388196033,2.002193440339115,0.11809107294108155,-0.018842769798987233,0.004175750045831303,0.019299918708193708,0.2313004143612884,0.35265007270890025,0.027501403931611903,483.94899648874485,0.9989140629768372
17.92,head_tilt_finish,walking,True,-0.7964262959038663,2.001842994393858,0.11780361339878577,-0.01938688095960489,0.0033432862034414833,0.01967304541701698,0.23097905982972877,0.3541768511341137,0.02850553203846327,483.9765294978128,0.9988106489181519
17.94,head_tilt_finish,walking,True,-0.7962414653915277,2.00149386412012,0.11749534815714013,-0.019831743319828638,0.0026544146839634145,0.02000859716267006,0.23063439528162463,0.3556776206046892,0.03235895768912221,484.0080614848896,0.9986919164657593
17.96,head_tilt_finish,walking,True,-0.7960416294392093,2.001138866880459,0.11717142015825331,-0.020597249412183938,0.0024970872187277567,0.02074806323312239,0.23026878430320813,0.3570633606719791,0.032179534767250405,484.0415969671263,0.9985589981079102
17.98,head_tilt_finish,walking,True,-0.7958328465561916,2.000773785222381,0.11683581131848962,-0.021165477703955105,0.002558486483413152,0.021319552047883848,0.22988493375281607,0.35825413361952196,0.03583268484710791,484.07814793211975,0.9984132647514343
18.0,head_tilt_finish,walking,True,-0.795619318520705,2.0004049885960784,0.11648951501367802,-0.02130517321068582,0.002519745421081611,0.02145365988647127,0.22948357267186303,0.3592285341156379,0.0456342574424806,484.1248601438845,0.9982540607452393
18.02,head_tilt_finish,walking,True,-0.7954031227055386,2.0000387169455602,0.1161353329071248,-0.021192152153053638,0.0024059283591551274,0.02132828647940483,0.22906592365009334,0.3599858973516392,0.05828820699720101,484.18676498080976,0.9980812072753906
18.04,head_tilt_finish,walking,True,-0.7951858532126153,1.999678595393201,0.11577883484737062,-0.02092691600262005,0.0022631895054658693,0.021048939168479868,0.2286348873021654,0.3605348590703873,0.0724764783044536,484.2664591817841,0.9978950619697571
18.06,head_tilt_finish,walking,True,-0.7949677903221155,1.9993255194637842,0.11542773711586653,-0.02070696031865646,0.0020780186114895127,0.020810967468815812,0.22819501043509532,0.36088803415632953,0.08793736860315256,484.3655925910562,0.9976959824562073
18.080000000000002,head_tilt_finish,walking,True,-0.7947487232345598,1.998978515256163,0.11508940430876916,-0.020492769444454974,0.0019260408004310066,0.020583081223872007,0.22775169877731252,0.36105137555463146,0.10422781893941231,484.485232491085,0.9974842667579651
18.1,head_tilt_finish,walking,True,-0.7945299274849487,1.9986369169090197,0.11476903064837954,-0.020283522530564917,0.0018331989128614647,0.020366195140527624,0.22730919594073593,0.3611045863673343,0.12117628229179886,484.62610134994617,0.9972594380378723
18.12,head_tilt_finish,walking,True,-0.7943124256349785,1.9982998347391996,0.11446987419455541,-0.02008165563933391,0.0017926250657562294,0.02016150782662767,0.22687169039250274,0.3611360292578262,0.1389976605316961,484.78899921552227,0.9970206022262573
18.14,head_tilt_finish,walking,True,-0.7940967237201553,1.9979663343083476,0.1141930702695741,-0.019913373460528974,0.0017891232281486112,0.019993584083500403,0.2264412402952387,0.361157280090415,0.15801324130753028,484.9750101761319,0.9967671632766724
18.16,head_tilt_finish,walking,True,-0.7938825783655725,1.9976351969874728,0.11393806701853569,-0.01981043080507277,0.0018074261522047393,0.01989271117716863,0.22601867419489044,0.3611682597979278,0.17859328396286217,485.1855945388619,0.996498703956604
18.18,head_tilt_finish,walking,True,-0.7936692650460949,1.9973050500371965,0.1137032416726761,-0.01978516202841772,0.0018411312248250052,0.019870641677554556,0.22560407147949404,0.3611680784398213,0.20052407854124085,485.4221787515346,0.9962155818939209
18.2,head_tilt_finish,walking,True,-0.7934559525362593,1.996974603877504,0.11348643994533594,-0.019830690564395355,0.001889849948437626,0.019920537670665636,0.22519700957153624,0.3611561354871882,0.22303151836818277,485.68549065064957,0.995918333530426
18.22,head_tilt_finish,walking,True,-0.7932418703107211,1.9966427294153877,0.11328530923790044,-0.019937896812137715,0.0019549374303858523,0.020033509668756867,0.22479673896279667,0.3611321265452112,0.24552737753320045,485.97546583272737,0.9956081509590149
18.240000000000002,head_tilt_finish,walking,True,-0.7930260372787833,1.9963075779027282,0.11309746921078045,-0.020207851680932924,0.002070767961575865,0.020313673953996424,0.22440239383547228,0.36109613430568865,0.26494614874765754,486.2903124111248,0.9952868819236755
18.26,head_tilt_finish,walking,True,-0.792811779256184,1.9959707236340092,0.11292937629094801,-0.019931784991121606,0.002169237068150521,0.020049479853356266,0.22402382106176882,0.36101937929514266,0.2740856103704218,486.619453955005,0.9949604272842407
18.28,head_tilt_finish,walking,True,-0.7926047525454838,1.9956509612657587,0.11279144498350027,-0.018702628153208955,0.0017487273645526713,0.01878420472718341,0.22368336959579863,0.36087059875723954,0.27106704892267186,486.9516898746943,0.9946359395980835
18.3,head_tilt_finish,walking,True,-0.7924079625510249,1.9953630628854335,0.11268992581569508,-0.016837689896068306,0.0010363795942568005,0.016869554934839052,0.22339573033582463,0.36063974075692096,0.25983651869404795,487.2739847562323,0.9943186044692993
18.32,head_tilt_finish,walking,True,-0.7922249458184645,1.9951156534629788,0.11262620504222634,-0.014652048755805345,0.00024255537186285842,0.014654056293426625,0.22316699338817178,0.36031995456084426,0.24241017414221971,487.5788023184684,0.9940181374549866
18.34,head_tilt_finish,walking,True,-0.792058722786071,1.9949095543359439,0.11259791699724643,-0.012406033434341397,-0.00040432876602733946,0.012412620485821427,0.2229976151871275,0.3599065382009033,0.22064093561721426,487.85856432163774,0.9937479496002197
18.36,head_tilt_finish,walking,True,-0.7919165935822964,1.9947408788115557,0.11259492375353702,-0.010154693343110322,-0.00040443574104522505,0.010162743977944337,0.22288100045110792,0.35938610156470496,0.1974499546424976,488.1100903030033,0.9935240149497986
18.38,head_tilt_finish,walking,True,-0.7918038127724918,1.994608832468319,0.11260139920477664,-0.00770748763554669,-0.0004424139528317033,0.0077201745937359005,0.22279896504429136,0.35875464448504374,0.1779307807078968,488.3331877531892,0.9933568239212036
18.400000000000002,head_tilt_finish,walking,True,-0.7917188317920927,1.9945144450195953,0.11261244436711748,-0.005434920337871,-0.000526567614167835,0.005460369266935545,0.22274310017419177,0.35809822822191073,0.15709417422865807,488.5276547237008,0.9932457208633423
18.42,head_tilt_finish,walking,True,-0.7916593490561656,1.994457559541022,0.11262710173881092,-0.0032248643986112968,-0.0007100632274645714,0.0033021114724412323,0.222714518212339,0.3575408029585976,0.13279375970360366,488.6922977649273,0.9931827187538147
18.44,head_tilt_finish,walking,True,-0.7916228001799303,1.9944345951365192,0.11264437974360013,-0.0012203645457052328,-0.0008807311528638937,0.001504984049097964,0.22271254475165578,0.3571776996971607,0.1102138138870005,488.82648498109376,0.9931512475013733
18.46,head_tilt_finish,walking,True,-0.7916074261393641,1.9944410193201756,0.11266414588954418,0.00037758543523241385,-0.0009099956819790677,0.0009852222602642511,0.22273032899135675,0.35704913081886147,0.0866093541519992,488.93213859418853,0.9931454062461853
18.48,head_tilt_finish,walking,True,-0.7916090523419402,1.9944692411224607,0.11268627222480382,0.0015997732458590181,-0.0009301851866512405,0.0018505455735084455,0.22276082937379763,0.35700528231448403,0.07291176747785286,489.0169851456928,0.9931646585464478
18.5,head_tilt_finish,walking,True,-0.791622997420733,1.9945127518546306,0.11271034531791634,0.002434866805475732,-0.0009272965707526528,0.0026054664247572305,0.22280052531314395,0.3569746531292595,0.061833997816668596,489.08652913970406,0.9932082891464233
18.52,head_tilt_finish,walking,True,-0.7916454484760725,1.994566743293002,0.11273582389654549,0.0030359832704997497,-0.0009598187877939194,0.003184092731714412,0.22284713097609793,0.3569487669146965,0.053168911464773136,489.14348036332876,0.993270754814148
18.54,head_tilt_finish,walking,True,-0.7916726743481634,1.994629029475459,0.11276123873058048,0.003410684096652146,-0.001054837050125908,0.0035700766391597526,0.22289765401399064,0.35692598935410896,0.044945934985578084,489.1902472548096,0.9933459758758545
18.56,head_tilt_finish,walking,True,-0.7917012461911574,1.9946976876877744,0.11278525110576944,0.003677765927233835,-0.0012384037592992683,0.0038806708294531643,0.22294913029169316,0.35690549865301696,0.041238158063191276,489.22924606995986,0.9934285879135132
18.580000000000002,head_tilt_finish,walking,True,-0.7917280646639179,1.994769331268292,0.11280644857180672,0.0036334032079663164,-0.0013602245328991165,0.0038796687553914366,0.22299896883133993,0.3568867142053927,0.039601749581673465,489.26544357309,0.9935137629508972
18.6,head_tilt_finish,walking,True,-0.7917521338018526,1.9948415588789707,0.11282337154697131,0.003511437072950113,-0.0014411177085297423,0.003795656803127289,0.22304441766980457,0.3568689813156933,0.038538161532757194,489.30128935540165,0.9935973882675171
18.62,head_tilt_finish,walking,True,-0.7917734066463963,1.9949134533469814,0.11283568261307245,0.00340925730175355,-0.0015150712856542015,0.003730747425137994,0.22308368593665404,0.35685162399784154,0.03795484506232851,489.33714073155767,0.9936752319335938
18.64,head_tilt_finish,walking,True,-0.7917913108888153,1.994982132908199,0.11284352623762495,0.0031803101908290496,-0.0015179003938338613,0.0035239742501176276,0.2231160818032688,0.356834544763489,0.03594084878724845,489.37069593209156,0.9937444925308228
18.66,head_tilt_finish,walking,True,-0.791806284557988,1.9950473835551712,0.11284765295560333,0.0028362353438346794,-0.0014571542569637766,0.0031886563712957027,0.22314150470013705,0.3568170515251278,0.03202958007421913,489.4029822689943,0.9938027858734131
18.68,head_tilt_finish,walking,True,-0.7918181962502057,1.99510753258792,0.11284898581355907,0.002527721021760484,-0.0013922382637459197,0.00288577562310172,0.2231604804620453,0.35679887222343315,0.02933451894037325,489.433445742161,0.9938491582870483
18.7,head_tilt_finish,walking,True,-0.791826940239008,1.9951610911553916,0.11284859624215302,0.002207747671822737,-0.0013080695837853758,0.0025661636382863745,0.22317391426356334,0.356779762654058,0.02666204356433116,489.4612257971589,0.9938831329345703
18.72,head_tilt_finish,walking,True,-0.7918327604860987,1.9952077954320961,0.11284758479937002,0.001883447947637633,-0.0012125206159007825,0.0022399960748726378,0.2231829063947697,0.3567594432281677,0.023858498457564128,489.4860845193423,0.993904709815979
18.740000000000002,head_tilt_finish,walking,True,-0.7918357256536066,1.9952475409072106,0.11284712487095779,0.0014956105835085064,-0.0011011370041277278,0.0018572435810528577,0.22318872618791036,0.35673745042400434,0.021117942475325183,489.50861564321065,0.9939147233963013
18.76,head_tilt_finish,walking,True,-0.7918354605141829,1.9952790684362725,0.11284851897224071,0.001081947149515866,-0.0009749809734206493,0.0014564331542771829,0.22319352161534498,0.3567133786362362,0.01844440485185346,489.52885663680706,0.9939162135124207
18.78,head_tilt_finish,walking,True,-0.7918325204184087,1.9953033992246014,0.11285239059869763,0.000705652848799013,-0.0008579509868796759,0.0011108671562819617,0.22319858143580262,0.35668734242075917,0.015356821561278912,489.54703484689037,0.9939109086990356
18.8,head_tilt_finish,walking,True,-0.7918272449380904,1.9953212074559223,0.11285878108349252,0.0004118369033171991,-0.0007633114274386833,0.0008673257578282685,0.2232043215087842,0.3566595307534131,0.013078874506392522,489.56286852288025,0.9938996434211731
18.82,head_tilt_finish,walking,True,-0.7918204377622845,1.9953342783898715,0.1128676508297978,0.00027220196910279976,-0.0007138647200708467,0.0007640004911943905,0.2232109337196585,0.35662979064374667,0.012666625176009446,489.5772879996147,0.9938832521438599
18.84,head_tilt_finish,walking,True,-0.7918123696793383,1.9953430570965913,0.1128786047595533,7.636059743534602e-05,-0.0006372080477878915,0.0006417671205401059,0.2232184809040223,0.356598313913855,0.010744725220623306,489.5898023792535,0.9938626289367676
18.86,head_tilt_finish,walking,True,-0.7918037421071453,1.9953487191721229,0.11289134197983781,-6.213872347172306e-05,-0.000560252765678999,0.0005636881960850897,0.22322690144701368,0.3565651875895909,0.009089383445108056,489.6010407391656,0.9938390254974365
18.88,head_tilt_finish,walking,True,-0.7917954402527053,1.9953522358410687,0.11290547397676369,-0.00017371131907320363,-0.0004615588725208172,0.0004931655048529249,0.22323628255721573,0.3565305243982934,0.007343037994919493,489.6114753294787,0.9938143491744995
18.900000000000002,head_tilt_finish,walking,True,-0.7917879797003606,1.9953537733040871,0.11292030580559556,-0.00022654234514504247,-0.0003667601599123705,0.0004310851992852029,0.22324634949678854,0.3564944732421838,0.00617859151929161,489.6210074399249,0.9937906861305237
18.92,head_tilt_finish,walking,True,-0.7917819233409968,1.9953548355666462,0.11293566150702773,-0.00015617065059566335,-0.00031731993278331634,0.0003536682228432195,0.22325706635485373,0.3564570766035305,0.006416327623110402,489.63042006053,0.9937691688537598
18.94,head_tilt_finish,walking,True,-0.7917769380312739,1.9953553915132352,0.11295121678184859,-5.342489129993332e-05,-0.00029549143274723507,0.00030028221032459354,0.22326840762135508,0.3564186611537284,0.0070179691518078,489.63890066583633,0.9937504529953003
18.96,head_tilt_finish,walking,True,-0.7917728232110469,1.9953558561623632,0.11296675562557408,-3.309293215258182e-05,-0.0002636887260618048,0.0002657571944662137,0.22328031864038053,0.3563794173423536,0.006082512418824837,489.64625394983784,0.9937350153923035
18.98,head_tilt_finish,walking,True,-0.7917697002900298,1.9953570645764152,0.11298214474842197,-1.4394911710128547e-05,-0.0002361441323691491,0.00023658246920581544,0.2232926784901157,0.3563394089716639,0.005105751358116535,489.65311387622285,0.9937227368354797
19.0,head_tilt_finish,walking,True,-0.7917675737078476,1.995358965371065,0.1129971635553463,8.69916307892686e-06,-0.00020527344040617936,0.00020545768609244835,0.22330528628915544,0.3562987189976832,0.004304580673522482,489.6596790357227,0.99371337890625
19.02,head_tilt_finish,walking,True,-0.791766563445107,1.9953618525155938,0.11301156535521964,0.0001247163205879747,-0.00020480242928117728,0.00023978781382813036,0.22331786139411258,0.35625739025626,0.005161513664776868,489.6662656168338,0.9937068223953247
19.04,head_tilt_finish,walking,True,-0.791766358781114,1.9953650831914873,0.1130250744083801,0.00013277147693889328,-0.00017027955534534145,0.00021592450545767673,0.2233302158946508,0.35621560284834736,0.004298731652588381,489.6722755609564,0.9937027096748352
19.06,head_tilt_finish,walking,True,-0.7917670519948528,1.9953689772788235,0.11303767416678584,0.0002623209239259643,-0.0001779028089350424,0.0003169569001557621,0.22334217045488047,0.3561733971066037,0.005584292182003041,489.6781719736449,0.9937008619308472
19.080000000000002,head_tilt_finish,walking,True,-0.791768402119298,1.995373133997085,0.11304928838990624,0.00027838438713383476,-0.00015173529188678873,0.00031705120375713725,0.22335371253584124,0.35613091714417733,0.005163411725254129,489.6834760903603,0.9937008619308472
19.1,head_tilt_finish,walking,True,-0.791770425744996,1.9953777727306343,0.11305998861961054,0.0002891339596333949,-0.00012893461944436167,0.0003165795045554086,0.22336475168213143,0.35608816846744645,0.004749188353061111,489.6886182809765,0.9937022924423218
19.12,head_tilt_finish,walking,True,-0.7917729449048402,1.99538271224455,0.11306982711947386,0.00029561775743607314,-0.00010970252429485361,0.00031531651137895703,0.22337525319199836,0.3560452305813401,0.004501066865930762,489.6935667640745,0.9937046766281128
19.14,head_tilt_finish,walking,True,-0.7917761067507201,1.9953884751087234,0.1130790129803578,0.00037208221353031743,-0.00011837064355975672,0.00039045714602549116,0.22338523763616475,0.35600198100166763,0.005309921090950203,489.69901016158997,0.9937075972557068
19.16,head_tilt_finish,walking,True,-0.7917792822045006,1.9953936492880684,0.11308747443605467,0.00036139892135043385,-9.899638353918941e-05,0.00037471250887459754,0.22339474143684446,0.35595867065733894,0.004990068761198525,489.7036344048493,0.993710994720459
19.18,head_tilt_finish,walking,True,-0.7917826933186094,1.9953988818693045,0.11309547618027493,0.00034139456169855704,-8.192839199900996e-05,0.0003510876075467394,0.22340387691418914,0.35591517529912503,0.0044804851900981406,489.7081262303324,0.9937145113945007
19.2,head_tilt_finish,walking,True,-0.7917861647538624,1.9954039810053446,0.11310310726192989,0.00031856356166346666,-6.827196466065611e-05,0.00032579718227501475,0.22341269008446576,0.35587151998476513,0.004103028451901011,489.71236762290835,0.9937180280685425
19.22,head_tilt_finish,walking,True,-0.7917897748877304,1.9954092727470911,0.11311053178637764,0.0002564186318005436,-4.5874366423218104e-05,0.00026048986972470624,0.22342126000588253,0.3558276090177882,0.002965875276591838,489.7167406585118,0.9937212467193604
19.240000000000002,head_tilt_finish,walking,True,-0.7917931049447267,1.9954138298487347,0.11311771863452913,0.0002289834929610197,-3.544047475275336e-05,0.00023170987743151975,0.22342956036487865,0.3557835821322507,0.002672906269600736,489.72053827542493,0.9937244057655334
19.26,head_tilt_finish,walking,True,-0.7917965961023848,1.995418753888668,0.11312495795993961,0.00027519603429251437,-5.167393160457806e-05,0.00028000545083587455,0.22343773912479917,0.3557391823377368,0.00331091952954796,489.7247754414203,0.9937271475791931
19.28,head_tilt_finish,walking,True,-0.79179967731284,1.9954226943679454,0.11313208624473384,0.0002383336338407875,-3.915916384192802e-05,0.00024152921382837632,0.22344582914462077,0.3556946255479881,0.0028257991676535225,489.72809844290833,0.9937297105789185
19.3,head_tilt_finish,walking,True,-0.7918026141074468,1.9954263101520056,0.11313924919240613,0.00020374219544943894,-2.9378618814642637e-05,0.00020584942421589,0.2234538842730803,0.3556497896774738,0.002344369472179066,489.7311444761784,0.9937321543693542
19.32,head_tilt_finish,walking,True,-0.7918054262102561,1.9954296963899163,0.11314647706360642,0.000163059467248434,-1.8727141436623032e-05,0.00016413133669634938,0.22346191778154648,0.3556046445388274,0.0017549971251117403,489.73403053512635,0.9937343597412109
19.34,head_tilt_finish,walking,True,-0.7918082911997321,1.9954333399012654,0.11315383433394063,0.00020450860379783196,-3.62386170296466e-05,0.00020769450255497858,0.22346991117145285,0.3555590835856796,0.002385746055151683,489.73728059888623,0.9937363266944885
19.36,head_tilt_finish,walking,True,-0.7918107114748816,1.995435977948888,0.11316111483987158,0.00016738209359054974,-2.4386298501755045e-05,0.0001691492146283046,0.22347784318154418,0.3555133207406941,0.001955728981844232,489.7396763296168,0.9937382340431213
19.38,head_tilt_finish,walking,True,-0.7918131746584715,1.995438770503409,0.11316850686567725,0.0002268645687328544,-4.616012577956163e-05,0.00023151304446689168,0.22348575503528265,0.3554671661104909,0.002963927986573753,489.74229008049105,0.9937400221824646
19.400000000000002,head_tilt_finish,walking,True,-0.7918153339944589,1.9954408154374337,0.11317585859990624,0.00020182938628891643,-3.6794492259321725e-05,0.00020515588178354022,0.22349363489787283,0.35542074140700775,0.0026795855817063926,489.74427671251453,0.9937417507171631
19.42,head_tilt_finish,walking,True,-0.7918174996014261,1.995442905070545,0.11318325186434522,0.00015319516017199734,-2.235780262074927e-05,0.00015481804945855732,0.22350150470331553,0.3553739785958262,0.0019479017190515585,489.74628979885534,0.993743360042572
19.44,head_tilt_finish,walking,True,-0.7918195598771027,1.9954448190758838,0.11319063254070509,0.0001076198488646546,-9.55483883981293e-06,0.00010804317107020644,0.22350928809828066,0.3553269163739164,0.0012256682602225114,489.74826345289785,0.9937448501586914
19.46,head_tilt_finish,walking,True,-0.7918215786588041,1.995446689642981,0.11319803016994534,0.00018196019115838009,-3.5378698973768485e-05,0.00018536764417629835,0.22351697048933386,0.3552795422928356,0.0024741042376992214,489.75032220232583,0.993746280670166
