[mdp] Patches 1-2 active: NaN-safe reward/advantage
[mdp] Patch 4 active: ONNX export filters passive_* joints
[INFO] Training with: device=cuda:0, seed=42, rank=0
[INFO] Logging experiment in directory: logs/rsl_rl/roller_crouch_dynamic/2026-09-01_14-51-16_dynamic-gate-4096x1000-20260901
Setting seed: 42
Warp 1.12.0 initialized:
   CUDA Toolkit 12.9, Driver 13.1
   Devices:
     "cpu"      : "x86_64"
     "cuda:0"   : "NVIDIA GeForce RTX 5060 Ti" (16 GiB, sm_120, mempool enabled)
   Kernel cache:
     /home/liuzhiwei/.cache/warp/1.12.0
/mnt/d/vibe_code/02_sys3d/_worktrees/microduck_roller_showcase/.venv/lib/python3.12/site-packages/mjlab/entity/entity.py:149: UserWarning: Actuator config matched 14 joint(s) but the same expressions also match 7 site(s): imu, left_foot, head_camera, tof, head_imu, mouth_tip, right_foot. Add a separate config with transmission_type=TransmissionType.SITE if those should be actuated too.
  self._add_actuators()
Warp DeprecationWarning: The symbol `warp.context.runtime` will soon be removed from the public API. It can still be accessed from `warp._src.context.runtime` but might be changed or removed without notice.
Module mujoco_warp._src.smooth 95a0b8b load on device 'cuda:0' took 3.73 ms  (cached)
Module mujoco_warp._src.collision_driver 88f7770 load on device 'cuda:0' took 0.59 ms  (cached)
Module _nxn_broadphase__locals__kernel_e73b1315 e73b131 load on device 'cuda:0' took 0.71 ms  (cached)
Module ccd_kernel_builder__locals__ccd_kernel_079dfa94 079dfa9 load on device 'cuda:0' took 2.58 ms  (cached)
Module _primitive_narrowphase__locals__primitive_narrowphase_b282a07a b282a07 load on device 'cuda:0' took 1.07 ms  (cached)
Module mujoco_warp._src.constraint 27c5750 load on device 'cuda:0' took 2.14 ms  (cached)
Module _efc_contact_init__locals__kernel_fda71e14 fda71e1 load on device 'cuda:0' took 1.01 ms  (cached)
Module _efc_contact_jac_dense__locals__kernel_7974b597 cc0fc30 load on device 'cuda:0' took 1.27 ms  (cached)
Module _efc_contact_update__locals__kernel_90315d53 90315d5 load on device 'cuda:0' took 0.76 ms  (cached)
Module mujoco_warp._src.sensor 7fc0378 load on device 'cuda:0' took 2.89 ms  (cached)
Module mujoco_warp._src.forward f60f76d load on device 'cuda:0' took 1.75 ms  (cached)
Module mujoco_warp._src.passive 1a5e55c load on device 'cuda:0' took 1.54 ms  (cached)
Module mujoco_warp._src.forward 8ebfcb1 load on device 'cuda:0' took 2.27 ms  (cached)
Module mujoco_warp._src.support dd3f924 load on device 'cuda:0' took 0.72 ms  (cached)
Module _tile_cholesky_factorize_solve__locals__cholesky_factorize_solve_da8974fa 0272f2d load on device 'cuda:0' took 127.98 ms  (cached)
Module mujoco_warp._src.solver b116efb load on device 'cuda:0' took 1.95 ms  (cached)
Module solve_init_jaref__locals__kernel_cf8d890e cf8d890 load on device 'cuda:0' took 1.14 ms  (cached)
Module mul_m_dense__locals___mul_m_dense_63eb81d7 63eb81d load on device 'cuda:0' took 0.74 ms  (cached)
Module update_constraint_efc__locals__kernel_32935e9d 32935e9 load on device 'cuda:0' took 1.34 ms  (cached)
Module update_constraint_gauss_cost__locals__kernel_e88c7347 e88c734 load on device 'cuda:0' took 1.20 ms  (cached)
Module update_gradient_JTDAJ_dense_tiled__locals__kernel_9981265a 0667084 load on device 'cuda:0' took 2.79 ms  (cached)
Module update_gradient_cholesky__locals__kernel_11b66683 2637917 load on device 'cuda:0' took 96.63 ms  (cached)
Module linesearch_jv_fused__locals__kernel_c90cc86b c90cc86 load on device 'cuda:0' took 1.32 ms  (cached)
Module linesearch_prepare_gauss__locals__kernel_cc28fc48 cc28fc4 load on device 'cuda:0' took 1.44 ms  (cached)
Module update_constraint_efc__locals__kernel_3c1a9816 3c1a981 load on device 'cuda:0' took 1.89 ms  (cached)
Module _contact_sort__locals__contact_sort_304c86df 6c97b35 load on device 'cuda:0' took 1.22 ms  (cached)
Module mujoco_warp._src.derivative d0e2fd7 load on device 'cuda:0' took 1.70 ms  (cached)
Module reset_data__locals__reset_xfrc_applied_e7898c5c e7898c5 load on device 'cuda:0' took 0.81 ms  (cached)
Module reset_data__locals__reset_qM_10d3c793 10d3c79 load on device 'cuda:0' took 0.83 ms  (cached)
Module reset_data__locals__reset_mocap_ff71f630 ff71f63 load on device 'cuda:0' took 0.66 ms  (cached)
Module reset_data__locals__reset_contact_df686d47 df686d4 load on device 'cuda:0' took 0.74 ms  (cached)
Module reset_data__locals__reset_nworld_6e0d904e 6e0d904 load on device 'cuda:0' took 1.18 ms  (cached)
[BamActuator] model='m6' joints=14 kt=0.3660 R=2.8114 vin=range=(6.5, 8.2) drop_gain_range=(0.0, 0.2) force_limit=±1.07Nm friction_base=0.0048 friction_viscous=0.0054 envs=4096 device=cuda:0

+---------------------------------+
|         Base Environment        |
+------------------------+--------+
| Property               | Value  |
+------------------------+--------+
| Number of environments | 4096   |
| Environment device     | cuda:0 |
| Environment seed       | 42     |
| Physics step-size      | 0.005  |
| Environment step-size  | 0.02   |
+------------------------+--------+

[INFO] <EventManager> contains 3 active terms.
+-------------------------------------+
| Active Event Terms in Mode: 'reset' |
+-------+-----------------------------+
| Index | Name                        |
+-------+-----------------------------+
|   0   | reset_base                  |
|   1   | reset_robot_joints          |
|   2   | reset_action_history        |
|   3   | randomize_wheel_friction    |
|   4   | randomize_com               |
|   5   | randomize_head_com          |
|   6   | randomize_joint_friction    |
|   7   | randomize_armature          |
+-------+-----------------------------+
+----------------------------------------------+
|    Active Event Terms in Mode: 'interval'    |
+-------+------------+-------------------------+
| Index | Name       | Interval time range (s) |
+-------+------------+-------------------------+
|   0   | push_robot |        (3.0, 6.0)       |
+-------+------------+-------------------------+
+---------------------------------------+
| Active Event Terms in Mode: 'startup' |
+--------+------------------------------+
| Index  | Name                         |
+--------+------------------------------+
|   0    | encoder_bias                 |
|   1    | base_com                     |
|   2    | randomize_mass_inertia       |
+--------+------------------------------+
+-----------------------------+
| Domain Randomization Fields |
+-------+---------------------+
| Index | Field Name          |
+-------+---------------------+
|   0   | body_ipos           |
|   1   | body_subtreemass    |
|   2   | dof_invweight0      |
|   3   | body_invweight0     |
|   4   | tendon_length0      |
|   5   | tendon_invweight0   |
|   6   | dof_frictionloss    |
|   7   | body_mass           |
|   8   | body_inertia        |
|   9   | body_iquat          |
|   10  | dof_armature        |
+-------+---------------------+

Module repeat_array_kernel_39317a34 b712927 load on device 'cuda:0' took 1.07 ms  (cached)
Module repeat_array_kernel_39317a34 18fcc7e load on device 'cuda:0' took 1.22 ms  (cached)
Module repeat_array_kernel_39317a34 5cde7e8 load on device 'cuda:0' took 1.51 ms  (cached)
Module repeat_array_kernel_39317a34 0fe3117 load on device 'cuda:0' took 0.84 ms  (cached)
[INFO] <CommandManager> contains 1 active terms.
+----------------------------------------+
|          Active Command Terms          |
+-------+-------+------------------------+
| Index | Name  |          Type          |
+-------+-------+------------------------+
|   0   | twist | GroundPickPhaseCommand |
+-------+-------+------------------------+

[INFO] <ActionManager> contains 1 active terms.
+---------------------------------+
| Active Action Terms (shape: 14) |
+-------+-----------+-------------+
| Index | Name      |   Dimension |
+-------+-----------+-------------+
|   0   | joint_pos |          14 |
+-------+-----------+-------------+

[INFO] <ObservationManager> contains 2 groups.
+-----------------------------------------------------------+
| Active Observation Terms in Group: 'actor' (shape: (61,)) |
+-----------+----------------------------------+------------+
|   Index   | Name                             |   Shape    |
+-----------+----------------------------------+------------+
|     0     | base_ang_vel                     |    (3,)    |
|     1     | projected_gravity                |    (3,)    |
|     2     | joint_pos                        |   (14,)    |
|     3     | joint_vel                        |   (14,)    |
|     4     | actions                          |   (14,)    |
|     5     | command                          |    (3,)    |
|     6     | head_command                     |    (4,)    |
|     7     | body_command                     |    (6,)    |
+-----------+----------------------------------+------------+
+------------------------------------------------------------+
| Active Observation Terms in Group: 'critic' (shape: (78,)) |
+----------+------------------------------------+------------+
|  Index   | Name                               |   Shape    |
+----------+------------------------------------+------------+
|    0     | base_lin_vel                       |    (3,)    |
|    1     | base_ang_vel                       |    (3,)    |
|    2     | projected_gravity                  |    (3,)    |
|    3     | joint_pos                          |   (14,)    |
|    4     | joint_vel                          |   (14,)    |
|    5     | actions                            |   (14,)    |
|    6     | command                            |    (3,)    |
|    7     | foot_air_time                      |    (2,)    |
|    8     | foot_contact                       |    (2,)    |
|    9     | foot_contact_forces                |    (6,)    |
|    10    | wheel_vel                          |    (4,)    |
|    11    | head_command                       |    (4,)    |
|    12    | body_command                       |    (6,)    |
+----------+------------------------------------+------------+

[INFO] <TerminationManager> contains 4 active terms.
+------------------------------------------+
|         Active Termination Terms         |
+-------+-----------------------+----------+
| Index | Name                  | Time Out |
+-------+-----------------------+----------+
|   0   | time_out              |   True   |
|   1   | fell_over             |  False   |
|   2   | out_of_terrain_bounds |   True   |
|   3   | nan_state             |  False   |
+-------+-----------------------+----------+

[INFO] <RewardManager> contains 14 active terms.
+-----------------------------------------+
|           Active Reward Terms           |
+-------+------------------------+--------+
| Index | Name                   | Weight |
+-------+------------------------+--------+
|   0   | upright                |    2.0 |
|   1   | body_ang_vel           |  -0.05 |
|   2   | angular_momentum       |  -0.02 |
|   3   | action_rate_l2         |   -1.0 |
|   4   | crouch_glide_pose      |    6.0 |
|   5   | crouch_glide_pose_l1   |    2.0 |
|   6   | forward_speed          |    2.0 |
|   7   | forward_speed_tracking |    6.0 |
|   8   | heading_hold           |    2.0 |
|   9   | crouch_forward_lean    |    1.0 |
|   10  | feet_flat              |   -2.0 |
|   11  | self_collisions        |   -1.0 |
|   12  | neck_action_rate_l2    |   -0.5 |
|   13  | joint_torques_l2       | -0.001 |
+-------+------------------------+--------+

[INFO] <CurriculumManager> contains 3 active terms.
+----------------------------+
|  Active Curriculum Terms   |
+-------+--------------------+
| Index | Name               |
+-------+--------------------+
|   0   | action_rate_weight |
|   1   | com_range          |
|   2   | head_com_range     |
+-------+--------------------+

[INFO] <MetricsManager> contains 1 active terms.
+-------------------------+
|   Active Metrics Terms  |
+-------+-----------------+
| Index | Name            |
+-------+-----------------+
|   0   | mean_action_acc |
+-------+-----------------+

[INFO] <NullRecorderManager> (inactive)
Module mujoco_warp._src.io 4b387a0 load on device 'cuda:0' took 2.15 ms  (cached)
Module _tile_cholesky_factorize__locals__cholesky_factorize_c69276de a2c0277 load on device 'cuda:0' took 83.01 ms  (cached)
Module _tile_cholesky_solve__locals__cholesky_solve_c0aa4f5e 2eeec5b load on device 'cuda:0' took 80.23 ms  (cached)
/mnt/d/vibe_code/02_sys3d/_worktrees/microduck_roller_showcase/.venv/lib/python3.12/site-packages/mjlab/sim/sim_data.py:71: UserWarning: Use of index_put_ on expanded tensors is deprecated. Please clone() the tensor before performing this operation. This also applies to advanced indexing e.g. tensor[indices] = tensor (Triggered internally at /pytorch/aten/src/ATen/native/TensorAdvancedIndexing.cpp:972.)
  self._tensor[idx] = value
--------------------------------------------------------------------------------
Resolved observation sets: 
	 actor :  ('actor',)
	 critic :  ('critic',)
--------------------------------------------------------------------------------
Actor Model: MLPModel(
  (obs_normalizer): EmpiricalNormalization()
  (distribution): GaussianDistribution()
  (mlp): MLP(
    (0): Linear(in_features=61, out_features=512, bias=True)
    (1): ELU(alpha=1.0)
    (2): Linear(in_features=512, out_features=256, bias=True)
    (3): ELU(alpha=1.0)
    (4): Linear(in_features=256, out_features=128, bias=True)
    (5): ELU(alpha=1.0)
    (6): Linear(in_features=128, out_features=14, bias=True)
  )
)
Critic Model: MLPModel(
  (obs_normalizer): EmpiricalNormalization()
  (mlp): MLP(
    (0): Linear(in_features=78, out_features=512, bias=True)
    (1): ELU(alpha=1.0)
    (2): Linear(in_features=512, out_features=256, bias=True)
    (3): ELU(alpha=1.0)
    (4): Linear(in_features=256, out_features=128, bias=True)
    (5): ELU(alpha=1.0)
    (6): Linear(in_features=128, out_features=1, bias=True)
  )
)
Could not find git repository in /mnt/d/vibe_code/02_sys3d/_worktrees/microduck_roller_showcase/.venv/lib/python3.12/site-packages/rsl_rl/__init__.py. Skipping.
Could not find git repository in /mnt/d/vibe_code/02_sys3d/_worktrees/microduck_roller_showcase/.venv/lib/python3.12/site-packages/mjlab/scripts/train.py. Skipping.
################################################################################
[1m                           Learning iteration 0/1000                            [0m 

                               Run name: dynamic-gate-4096x1000-20260901
                            Total steps: 98304 
                       Steps per second: 22525 
                        Collection time: 3.950s 
                          Learning time: 0.414s 
                        Mean value loss: 4.5730
                    Mean surrogate loss: -0.0064
                      Mean entropy loss: 19.8003
                            Mean reward: -6.29
                    Mean episode length: 24.00
                        Mean action std: 0.99
                 Episode_Reward/upright: 0.0154
            Episode_Reward/body_ang_vel: -0.0105
        Episode_Reward/angular_momentum: -0.0000
          Episode_Reward/action_rate_l2: -0.1753
       Episode_Reward/crouch_glide_pose: 0.0387
    Episode_Reward/crouch_glide_pose_l1: -0.0105
           Episode_Reward/forward_speed: 0.0120
  Episode_Reward/forward_speed_tracking: 0.0182
            Episode_Reward/heading_hold: 0.0186
     Episode_Reward/crouch_forward_lean: 0.0004
               Episode_Reward/feet_flat: -0.0025
         Episode_Reward/self_collisions: -0.0002
     Episode_Reward/neck_action_rate_l2: -0.0471
        Episode_Reward/joint_torques_l2: -0.0000
        Episode_Metrics/mean_action_acc: 1.7582
          Curriculum/action_rate_weight: -0.5000
                   Curriculum/com_range: 0.0030
              Curriculum/head_com_range: 0.0030
           Episode_Termination/time_out: 3.6250
          Episode_Termination/fell_over: 77.6667
Episode_Termination/out_of_terrain_bounds: 0.0000
          Episode_Termination/nan_state: 0.0000
          Metrics/angular_momentum_mean: 0.0125
--------------------------------------------------------------------------------
                         Iteration time: 4.36s
                           Time elapsed: 00:00:04
                                    ETA: 01:12:39

################################################################################
[1m                           Learning iteration 1/1000                            [0m 

                               Run name: dynamic-gate-4096x1000-20260901
                            Total steps: 196608 
                       Steps per second: 33038 
                        Collection time: 2.784s 
                          Learning time: 0.191s 
                        Mean value loss: 2.9874
                    Mean surrogate loss: -0.0126
                      Mean entropy loss: 19.6164
                            Mean reward: -6.23
                    Mean episode length: 25.33
                        Mean action std: 0.98
                 Episode_Reward/upright: 0.0305
            Episode_Reward/body_ang_vel: -0.0221
        Episode_Reward/angular_momentum: -0.0000
          Episode_Reward/action_rate_l2: -0.3745
       Episode_Reward/crouch_glide_pose: 0.0785
    Episode_Reward/crouch_glide_pose_l1: -0.0278
           Episode_Reward/forward_speed: 0.0170
  Episode_Reward/forward_speed_tracking: 0.0234
            Episode_Reward/heading_hold: 0.0344
     Episode_Reward/crouch_forward_lean: 0.0018
               Episode_Reward/feet_flat: -0.0087
         Episode_Reward/self_collisions: -0.0007
     Episode_Reward/neck_action_rate_l2: -0.1050
        Episode_Reward/joint_torques_l2: -0.0001
        Episode_Metrics/mean_action_acc: 1.8798
          Curriculum/action_rate_weight: -0.5000
                   Curriculum/com_range: 0.0030
              Curriculum/head_com_range: 0.0030
           Episode_Termination/time_out: 0.3750
          Episode_Termination/fell_over: 156.3333
Episode_Termination/out_of_terrain_bounds: 0.0000
          Episode_Termination/nan_state: 0.0000
          Metrics/angular_momentum_mean: 0.0137
--------------------------------------------------------------------------------
                         Iteration time: 2.98s
                           Time elapsed: 00:00:07
                                    ETA: 01:01:02

################################################################################
[1m                           Learning iteration 2/1000                            [0m 

                               Run name: dynamic-gate-4096x1000-20260901
                            Total steps: 294912 
                       Steps per second: 32765 
                        Collection time: 2.802s 
                          Learning time: 0.198s 
                        Mean value loss: 2.1186
                    Mean surrogate loss: -0.0124
                      Mean entropy loss: 19.3300
                            Mean reward: -5.95
                    Mean episode length: 25.67
                        Mean action std: 0.96
                 Episode_Reward/upright: 0.0285
            Episode_Reward/body_ang_vel: -0.0218
        Episode_Reward/angular_momentum: -0.0000
          Episode_Reward/action_rate_l2: -0.3404
       Episode_Reward/crouch_glide_pose: 0.0753
    Episode_Reward/crouch_glide_pose_l1: -0.0264
           Episode_Reward/forward_speed: 0.0172
  Episode_Reward/forward_speed_tracking: 0.0240
            Episode_Reward/heading_hold: 0.0334
     Episode_Reward/crouch_forward_lean: 0.0017
               Episode_Reward/feet_flat: -0.0083
         Episode_Reward/self_collisions: -0.0007
     Episode_Reward/neck_action_rate_l2: -0.0975
        Episode_Reward/joint_torques_l2: -0.0001
        Episode_Metrics/mean_action_acc: 1.8357
          Curriculum/action_rate_weight: -0.5000
                   Curriculum/com_range: 0.0030
              Curriculum/head_com_range: 0.0030
           Episode_Termination/time_out: 0.0000
          Episode_Termination/fell_over: 156.4583
Episode_Termination/out_of_terrain_bounds: 0.0000
          Episode_Termination/nan_state: 0.0000
          Metrics/angular_momentum_mean: 0.0138
--------------------------------------------------------------------------------
                         Iteration time: 3.00s
                           Time elapsed: 00:00:10
                                    ETA: 00:57:16

################################################################################
[1m                           Learning iteration 3/1000                            [0m 

                               Run name: dynamic-gate-4096x1000-20260901
                            Total steps: 393216 
                       Steps per second: 33691 
                        Collection time: 2.728s 
                          Learning time: 0.190s 
                        Mean value loss: 1.4852
                    Mean surrogate loss: -0.0119
                      Mean entropy loss: 19.0702
                            Mean reward: -5.63
                    Mean episode length: 26.13
                        Mean action std: 0.94
                 Episode_Reward/upright: 0.0284
            Episode_Reward/body_ang_vel: -0.0217
        Episode_Reward/angular_momentum: -0.0000
          Episode_Reward/action_rate_l2: -0.3227
       Episode_Reward/crouch_glide_pose: 0.0752
    Episode_Reward/crouch_glide_pose_l1: -0.0263
           Episode_Reward/forward_speed: 0.0181
  Episode_Reward/forward_speed_tracking: 0.0255
            Episode_Reward/heading_hold: 0.0334
     Episode_Reward/crouch_forward_lean: 0.0017
               Episode_Reward/feet_flat: -0.0079
         Episode_Reward/self_collisions: -0.0008
     Episode_Reward/neck_action_rate_l2: -0.0907
        Episode_Reward/joint_torques_l2: -0.0001
        Episode_Metrics/mean_action_acc: 1.7828
          Curriculum/action_rate_weight: -0.5000
                   Curriculum/com_range: 0.0030
              Curriculum/head_com_range: 0.0030
           Episode_Termination/time_out: 0.0000
          Episode_Termination/fell_over: 155.7917
Episode_Termination/out_of_terrain_bounds: 0.0000
          Episode_Termination/nan_state: 0.0000
          Metrics/angular_momentum_mean: 0.0137
--------------------------------------------------------------------------------
                         Iteration time: 2.92s
                           Time elapsed: 00:00:13
                                    ETA: 00:55:01

################################################################################
[1m                           Learning iteration 4/1000                            [0m 

                               Run name: dynamic-gate-4096x1000-20260901
                            Total steps: 491520 
                       Steps per second: 32033 
                        Collection time: 2.880s 
                          Learning time: 0.189s 
                        Mean value loss: 0.9720
                    Mean surrogate loss: -0.0141
                      Mean entropy loss: 18.7586
                            Mean reward: -4.52
                    Mean episode length: 24.63
                        Mean action std: 0.92
                 Episode_Reward/upright: 0.0282
            Episode_Reward/body_ang_vel: -0.0218
        Episode_Reward/angular_momentum: -0.0000
          Episode_Reward/action_rate_l2: -0.3034
       Episode_Reward/crouch_glide_pose: 0.0751
    Episode_Reward/crouch_glide_pose_l1: -0.0260
           Episode_Reward/forward_speed: 0.0185
  Episode_Reward/forward_speed_tracking: 0.0265
            Episode_Reward/heading_hold: 0.0331
     Episode_Reward/crouch_forward_lean: 0.0017
               Episode_Reward/feet_flat: -0.0079
         Episode_Reward/self_collisions: -0.0008
     Episode_Reward/neck_action_rate_l2: -0.0835
        Episode_Reward/joint_torques_l2: -0.0000
        Episode_Metrics/mean_action_acc: 1.7283
          Curriculum/action_rate_weight: -0.5000
                   Curriculum/com_range: 0.0030
              Curriculum/head_com_range: 0.0030
           Episode_Termination/time_out: 0.0000
          Episode_Termination/fell_over: 159.8333
Episode_Termination/out_of_terrain_bounds: 0.0000
          Episode_Termination/nan_state: 0.0000
          Metrics/angular_momentum_mean: 0.0137
--------------------------------------------------------------------------------
                         Iteration time: 3.07s
                           Time elapsed: 00:00:16
                                    ETA: 00:54:08

################################################################################
[1m                           Learning iteration 5/1000                            [0m 

                               Run name: dynamic-gate-4096x1000-20260901
                            Total steps: 589824 
                       Steps per second: 33125 
                        Collection time: 2.758s 
                          Learning time: 0.210s 
                        Mean value loss: 0.6434
                    Mean surrogate loss: -0.0138
                      Mean entropy loss: 18.4754
                            Mean reward: -4.36
                    Mean episode length: 25.04
                        Mean action std: 0.90
                 Episode_Reward/upright: 0.0280
            Episode_Reward/body_ang_vel: -0.0215
        Episode_Reward/angular_momentum: -0.0000
          Episode_Reward/action_rate_l2: -0.2850
       Episode_Reward/crouch_glide_pose: 0.0750
    Episode_Reward/crouch_glide_pose_l1: -0.0256
           Episode_Reward/forward_speed: 0.0185
  Episode_Reward/forward_speed_tracking: 0.0265
            Episode_Reward/heading_hold: 0.0331
     Episode_Reward/crouch_forward_lean: 0.0016
               Episode_Reward/feet_flat: -0.0078
         Episode_Reward/self_collisions: -0.0008
     Episode_Reward/neck_action_rate_l2: -0.0763
        Episode_Reward/joint_torques_l2: -0.0000
        Episode_Metrics/mean_action_acc: 1.6771
          Curriculum/action_rate_weight: -0.5000
                   Curriculum/com_range: 0.0030
              Curriculum/head_com_range: 0.0030
           Episode_Termination/time_out: 0.0000
          Episode_Termination/fell_over: 157.7083
Episode_Termination/out_of_terrain_bounds: 0.0000
          Episode_Termination/nan_state: 0.0000
          Metrics/angular_momentum_mean: 0.0137
--------------------------------------------------------------------------------
                         Iteration time: 2.97s
                           Time elapsed: 00:00:19
                                    ETA: 00:53:16

################################################################################
[1m                           Learning iteration 6/1000                            [0m 

                               Run name: dynamic-gate-4096x1000-20260901
                            Total steps: 688128 
                       Steps per second: 33245 
                        Collection time: 2.761s 
                          Learning time: 0.196s 
                        Mean value loss: 0.3932
                    Mean surrogate loss: -0.0155
                      Mean entropy loss: 18.1847
                            Mean reward: -3.40
                    Mean episode length: 23.48
                        Mean action std: 0.88
                 Episode_Reward/upright: 0.0278
            Episode_Reward/body_ang_vel: -0.0217
        Episode_Reward/angular_momentum: -0.0000
          Episode_Reward/action_rate_l2: -0.2691
       Episode_Reward/crouch_glide_pose: 0.0745
    Episode_Reward/crouch_glide_pose_l1: -0.0253
           Episode_Reward/forward_speed: 0.0191
  Episode_Reward/forward_speed_tracking: 0.0279
            Episode_Reward/heading_hold: 0.0327
     Episode_Reward/crouch_forward_lean: 0.0016
               Episode_Reward/feet_flat: -0.0078
         Episode_Reward/self_collisions: -0.0008
     Episode_Reward/neck_action_rate_l2: -0.0698
        Episode_Reward/joint_torques_l2: -0.0000
        Episode_Metrics/mean_action_acc: 1.6303
          Curriculum/action_rate_weight: -0.5000
                   Curriculum/com_range: 0.0030
              Curriculum/head_com_range: 0.0030
           Episode_Termination/time_out: 0.0000
          Episode_Termination/fell_over: 159.7083
Episode_Termination/out_of_terrain_bounds: 0.0000
          Episode_Termination/nan_state: 0.0000
          Metrics/angular_momentum_mean: 0.0136
--------------------------------------------------------------------------------
                         Iteration time: 2.96s
                           Time elapsed: 00:00:22
                                    ETA: 00:52:36

################################################################################
[1m                           Learning iteration 7/1000                            [0m 

                               Run name: dynamic-gate-4096x1000-20260901
                            Total steps: 786432 
                       Steps per second: 32953 
                        Collection time: 2.781s 
                          Learning time: 0.202s 
                        Mean value loss: 0.2589
                    Mean surrogate loss: -0.0189
                      Mean entropy loss: 17.8552
                            Mean reward: -3.92
                    Mean episode length: 25.78
                        Mean action std: 0.86
                 Episode_Reward/upright: 0.0273
            Episode_Reward/body_ang_vel: -0.0216
        Episode_Reward/angular_momentum: -0.0000
          Episode_Reward/action_rate_l2: -0.2494
       Episode_Reward/crouch_glide_pose: 0.0740
    Episode_Reward/crouch_glide_pose_l1: -0.0248
           Episode_Reward/forward_speed: 0.0190
  Episode_Reward/forward_speed_tracking: 0.0281
            Episode_Reward/heading_hold: 0.0325
     Episode_Reward/crouch_forward_lean: 0.0016
               Episode_Reward/feet_flat: -0.0076
         Episode_Reward/self_collisions: -0.0008
     Episode_Reward/neck_action_rate_l2: -0.0635
        Episode_Reward/joint_torques_l2: -0.0000
        Episode_Metrics/mean_action_acc: 1.5733
          Curriculum/action_rate_weight: -0.5000
                   Curriculum/com_range: 0.0030
              Curriculum/head_com_range: 0.0030
           Episode_Termination/time_out: 0.0000
          Episode_Termination/fell_over: 164.9583
Episode_Termination/out_of_terrain_bounds: 0.0000
          Episode_Termination/nan_state: 0.0000
          Metrics/angular_momentum_mean: 0.0136
--------------------------------------------------------------------------------
                         Iteration time: 2.98s
                           Time elapsed: 00:00:25
                                    ETA: 00:52:09

################################################################################
[1m                           Learning iteration 8/1000                            [0m 

                               Run name: dynamic-gate-4096x1000-20260901
                            Total steps: 884736 
                       Steps per second: 32761 
                        Collection time: 2.793s 
                          Learning time: 0.207s 
                        Mean value loss: 0.2197
                    Mean surrogate loss: -0.0197
                      Mean entropy loss: 17.5898
                            Mean reward: -2.99
                    Mean episode length: 24.59
                        Mean action std: 0.84
                 Episode_Reward/upright: 0.0266
            Episode_Reward/body_ang_vel: -0.0216
        Episode_Reward/angular_momentum: -0.0000
          Episode_Reward/action_rate_l2: -0.2297
       Episode_Reward/crouch_glide_pose: 0.0725
    Episode_Reward/crouch_glide_pose_l1: -0.0240
           Episode_Reward/forward_speed: 0.0198
  Episode_Reward/forward_speed_tracking: 0.0295
            Episode_Reward/heading_hold: 0.0322
     Episode_Reward/crouch_forward_lean: 0.0016
               Episode_Reward/feet_flat: -0.0073
         Episode_Reward/self_collisions: -0.0007
     Episode_Reward/neck_action_rate_l2: -0.0574
        Episode_Reward/joint_torques_l2: -0.0000
        Episode_Metrics/mean_action_acc: 1.5240
          Curriculum/action_rate_weight: -0.5000
                   Curriculum/com_range: 0.0030
              Curriculum/head_com_range: 0.0030
           Episode_Termination/time_out: 0.0000
          Episode_Termination/fell_over: 166.2917
Episode_Termination/out_of_terrain_bounds: 0.0000
          Episode_Termination/nan_state: 0.0000
          Metrics/angular_momentum_mean: 0.0135
--------------------------------------------------------------------------------
                         Iteration time: 3.00s
                           Time elapsed: 00:00:28
                                    ETA: 00:51:48

################################################################################
[1m                           Learning iteration 9/1000                            [0m 

                               Run name: dynamic-gate-4096x1000-20260901
                            Total steps: 983040 
                       Steps per second: 33413 
                        Collection time: 2.749s 
                          Learning time: 0.193s 
                        Mean value loss: 0.2195
                    Mean surrogate loss: -0.0182
                      Mean entropy loss: 17.3696
                            Mean reward: -2.53
                    Mean episode length: 23.85
                        Mean action std: 0.83
                 Episode_Reward/upright: 0.0264
            Episode_Reward/body_ang_vel: -0.0216
        Episode_Reward/angular_momentum: -0.0000
          Episode_Reward/action_rate_l2: -0.2166
       Episode_Reward/crouch_glide_pose: 0.0720
    Episode_Reward/crouch_glide_pose_l1: -0.0235
           Episode_Reward/forward_speed: 0.0193
  Episode_Reward/forward_speed_tracking: 0.0290
            Episode_Reward/heading_hold: 0.0321
     Episode_Reward/crouch_forward_lean: 0.0015
               Episode_Reward/feet_flat: -0.0073
         Episode_Reward/self_collisions: -0.0007
     Episode_Reward/neck_action_rate_l2: -0.0533
        Episode_Reward/joint_torques_l2: -0.0000
        Episode_Metrics/mean_action_acc: 1.4832
          Curriculum/action_rate_weight: -0.5000
                   Curriculum/com_range: 0.0030
              Curriculum/head_com_range: 0.0030
           Episode_Termination/time_out: 0.0000
          Episode_Termination/fell_over: 169.7917
Episode_Termination/out_of_terrain_bounds: 0.0000
          Episode_Termination/nan_state: 0.0000
          Metrics/angular_momentum_mean: 0.0136
--------------------------------------------------------------------------------
                         Iteration time: 2.94s
                           Time elapsed: 00:00:31
                                    ETA: 00:51:26

################################################################################
[1m                           Learning iteration 10/1000                           [0m 

                               Run name: dynamic-gate-4096x1000-20260901
                            Total steps: 1081344 
                       Steps per second: 32654 
                        Collection time: 2.817s 
                          Learning time: 0.194s 
                        Mean value loss: 0.2194
                    Mean surrogate loss: -0.0145
                      Mean entropy loss: 17.2443
                            Mean reward: -2.31
                    Mean episode length: 22.98
                        Mean action std: 0.83
                 Episode_Reward/upright: 0.0252
            Episode_Reward/body_ang_vel: -0.0217
        Episode_Reward/angular_momentum: -0.0000
          Episode_Reward/action_rate_l2: -0.1988
       Episode_Reward/crouch_glide_pose: 0.0692
    Episode_Reward/crouch_glide_pose_l1: -0.0223
           Episode_Reward/forward_speed: 0.0198
  Episode_Reward/forward_speed_tracking: 0.0299
            Episode_Reward/heading_hold: 0.0311
     Episode_Reward/crouch_forward_lean: 0.0014
               Episode_Reward/feet_flat: -0.0069
         Episode_Reward/self_collisions: -0.0007
     Episode_Reward/neck_action_rate_l2: -0.0487
        Episode_Reward/joint_torques_l2: -0.0000
        Episode_Metrics/mean_action_acc: 1.4444
          Curriculum/action_rate_weight: -0.5000
                   Curriculum/com_range: 0.0030
              Curriculum/head_com_range: 0.0030
           Episode_Termination/time_out: 0.0000
          Episode_Termination/fell_over: 173.8750
Episode_Termination/out_of_terrain_bounds: 0.0000
          Episode_Termination/nan_state: 0.0000
          Metrics/angular_momentum_mean: 0.0136
--------------------------------------------------------------------------------
                         Iteration time: 3.01s
                           Time elapsed: 00:00:34
                                    ETA: 00:51:13

################################################################################
[1m                           Learning iteration 11/1000                           [0m 

                               Run name: dynamic-gate-4096x1000-20260901
                            Total steps: 1179648 
                       Steps per second: 32165 
                        Collection time: 2.863s 
                          Learning time: 0.194s 
                        Mean value loss: 0.2087
                    Mean surrogate loss: -0.0149
                      Mean entropy loss: 17.0845
                            Mean reward: -2.28
                    Mean episode length: 24.39
                        Mean action std: 0.82
                 Episode_Reward/upright: 0.0250
            Episode_Reward/body_ang_vel: -0.0219
        Episode_Reward/angular_momentum: -0.0000
          Episode_Reward/action_rate_l2: -0.1894
       Episode_Reward/crouch_glide_pose: 0.0688
    Episode_Reward/crouch_glide_pose_l1: -0.0219
           Episode_Reward/forward_speed: 0.0195
  Episode_Reward/forward_speed_tracking: 0.0293
            Episode_Reward/heading_hold: 0.0310
     Episode_Reward/crouch_forward_lean: 0.0015
               Episode_Reward/feet_flat: -0.0068
         Episode_Reward/self_collisions: -0.0006
     Episode_Reward/neck_action_rate_l2: -0.0464
        Episode_Reward/joint_torques_l2: -0.0000
        Episode_Metrics/mean_action_acc: 1.4130
          Curriculum/action_rate_weight: -0.5000
                   Curriculum/com_range: 0.0030
              Curriculum/head_com_range: 0.0030
           Episode_Termination/time_out: 0.0000
          Episode_Termination/fell_over: 178.4167
Episode_Termination/out_of_terrain_bounds: 0.0000
          Episode_Termination/nan_state: 0.0000
          Metrics/angular_momentum_mean: 0.0137
--------------------------------------------------------------------------------
                         Iteration time: 3.06s
                           Time elapsed: 00:00:37
                                    ETA: 00:51:06

################################################################################
[1m                           Learning iteration 12/1000                           [0m 

                               Run name: dynamic-gate-4096x1000-20260901
                            Total steps: 1277952 
                       Steps per second: 32655 
                        Collection time: 2.817s 
                          Learning time: 0.193s 
                        Mean value loss: 0.1995
                    Mean surrogate loss: -0.0160
                      Mean entropy loss: 16.8920
                            Mean reward: -1.74
                    Mean episode length: 22.00
                        Mean action std: 0.80
                 Episode_Reward/upright: 0.0241
            Episode_Reward/body_ang_vel: -0.0223
        Episode_Reward/angular_momentum: -0.0000
          Episode_Reward/action_rate_l2: -0.1774
       Episode_Reward/crouch_glide_pose: 0.0671
    Episode_Reward/crouch_glide_pose_l1: -0.0211
           Episode_Reward/forward_speed: 0.0197
  Episode_Reward/forward_speed_tracking: 0.0302
            Episode_Reward/heading_hold: 0.0304
     Episode_Reward/crouch_forward_lean: 0.0013
               Episode_Reward/feet_flat: -0.0066
         Episode_Reward/self_collisions: -0.0006
     Episode_Reward/neck_action_rate_l2: -0.0434
        Episode_Reward/joint_torques_l2: -0.0000
        Episode_Metrics/mean_action_acc: 1.3824
          Curriculum/action_rate_weight: -0.5000
                   Curriculum/com_range: 0.0030
              Curriculum/head_com_range: 0.0030
           Episode_Termination/time_out: 0.0000
          Episode_Termination/fell_over: 183.6250
Episode_Termination/out_of_terrain_bounds: 0.0000
          Episode_Termination/nan_state: 0.0000
          Metrics/angular_momentum_mean: 0.0138
--------------------------------------------------------------------------------
                         Iteration time: 3.01s
                           Time elapsed: 00:00:40
                                    ETA: 00:50:56

################################################################################
[1m                           Learning iteration 13/1000                           [0m 

                               Run name: dynamic-gate-4096x1000-20260901
                            Total steps: 1376256 
                       Steps per second: 32553 
                        Collection time: 2.827s 
                          Learning time: 0.193s 
                        Mean value loss: 0.1955
                    Mean surrogate loss: -0.0148
                      Mean entropy loss: 16.7026
                            Mean reward: -1.67
                    Mean episode length: 21.95
                        Mean action std: 0.79
                 Episode_Reward/upright: 0.0232
            Episode_Reward/body_ang_vel: -0.0222
        Episode_Reward/angular_momentum: -0.0000
          Episode_Reward/action_rate_l2: -0.1649
       Episode_Reward/crouch_glide_pose: 0.0653
    Episode_Reward/crouch_glide_pose_l1: -0.0201
           Episode_Reward/forward_speed: 0.0199
  Episode_Reward/forward_speed_tracking: 0.0308
            Episode_Reward/heading_hold: 0.0297
     Episode_Reward/crouch_forward_lean: 0.0013
               Episode_Reward/feet_flat: -0.0065
         Episode_Reward/self_collisions: -0.0006
     Episode_Reward/neck_action_rate_l2: -0.0402
        Episode_Reward/joint_torques_l2: -0.0000
        Episode_Metrics/mean_action_acc: 1.3492
          Curriculum/action_rate_weight: -0.5000
                   Curriculum/com_range: 0.0030
              Curriculum/head_com_range: 0.0030
           Episode_Termination/time_out: 0.0000
          Episode_Termination/fell_over: 188.1250
Episode_Termination/out_of_terrain_bounds: 0.0000
          Episode_Termination/nan_state: 0.0000
          Metrics/angular_momentum_mean: 0.0137
--------------------------------------------------------------------------------
                         Iteration time: 3.02s
                           Time elapsed: 00:00:43
                                    ETA: 00:50:47

################################################################################
[1m                           Learning iteration 14/1000                           [0m 

                               Run name: dynamic-gate-4096x1000-20260901
                            Total steps: 1474560 
                       Steps per second: 32509 
                        Collection time: 2.818s 
                          Learning time: 0.206s 
                        Mean value loss: 0.1884
                    Mean surrogate loss: -0.0146
                      Mean entropy loss: 16.4987
                            Mean reward: -1.27
                    Mean episode length: 20.48
                        Mean action std: 0.78
                 Episode_Reward/upright: 0.0225
            Episode_Reward/body_ang_vel: -0.0225
        Episode_Reward/angular_momentum: -0.0000
          Episode_Reward/action_rate_l2: -0.1550
       Episode_Reward/crouch_glide_pose: 0.0643
    Episode_Reward/crouch_glide_pose_l1: -0.0193
           Episode_Reward/forward_speed: 0.0198
  Episode_Reward/forward_speed_tracking: 0.0311
            Episode_Reward/heading_hold: 0.0294
     Episode_Reward/crouch_forward_lean: 0.0012
               Episode_Reward/feet_flat: -0.0065
         Episode_Reward/self_collisions: -0.0006
     Episode_Reward/neck_action_rate_l2: -0.0376
        Episode_Reward/joint_torques_l2: -0.0000
        Episode_Metrics/mean_action_acc: 1.3194
          Curriculum/action_rate_weight: -0.5000
                   Curriculum/com_range: 0.0030
              Curriculum/head_com_range: 0.0030
           Episode_Termination/time_out: 0.0000
          Episode_Termination/fell_over: 195.8750
Episode_Termination/out_of_terrain_bounds: 0.0000
          Episode_Termination/nan_state: 0.0000
          Metrics/angular_momentum_mean: 0.0137
--------------------------------------------------------------------------------
                         Iteration time: 3.02s
                           Time elapsed: 00:00:46
                                    ETA: 00:50:40

################################################################################
[1m                           Learning iteration 15/1000                           [0m 

                               Run name: dynamic-gate-4096x1000-20260901
                            Total steps: 1572864 
                       Steps per second: 32135 
                        Collection time: 2.862s 
                          Learning time: 0.197s 
                        Mean value loss: 0.1658
                    Mean surrogate loss: -0.0162
                      Mean entropy loss: 16.2476
                            Mean reward: -1.29
                    Mean episode length: 21.73
                        Mean action std: 0.77
                 Episode_Reward/upright: 0.0219
            Episode_Reward/body_ang_vel: -0.0226
        Episode_Reward/angular_momentum: -0.0000
          Episode_Reward/action_rate_l2: -0.1463
       Episode_Reward/crouch_glide_pose: 0.0635
    Episode_Reward/crouch_glide_pose_l1: -0.0186
           Episode_Reward/forward_speed: 0.0198
  Episode_Reward/forward_speed_tracking: 0.0312
            Episode_Reward/heading_hold: 0.0290
     Episode_Reward/crouch_forward_lean: 0.0012
               Episode_Reward/feet_flat: -0.0064
         Episode_Reward/self_collisions: -0.0007
     Episode_Reward/neck_action_rate_l2: -0.0354
        Episode_Reward/joint_torques_l2: -0.0000
        Episode_Metrics/mean_action_acc: 1.2913
          Curriculum/action_rate_weight: -0.5000
                   Curriculum/com_range: 0.0030
              Curriculum/head_com_range: 0.0030
           Episode_Termination/time_out: 0.0000
          Episode_Termination/fell_over: 195.0000
Episode_Termination/out_of_terrain_bounds: 0.0000
          Episode_Termination/nan_state: 0.0000
          Metrics/angular_momentum_mean: 0.0135
--------------------------------------------------------------------------------
                         Iteration time: 3.06s
                           Time elapsed: 00:00:49
                                    ETA: 00:50:35

################################################################################
[1m                           Learning iteration 16/1000                           [0m 

                               Run name: dynamic-gate-4096x1000-20260901
                            Total steps: 1671168 
                       Steps per second: 32981 
                        Collection time: 2.777s 
                          Learning time: 0.203s 
                        Mean value loss: 0.1490
                    Mean surrogate loss: -0.0155
                      Mean entropy loss: 15.9419
                            Mean reward: -1.08
                    Mean episode length: 20.57
                        Mean action std: 0.75
                 Episode_Reward/upright: 0.0217
            Episode_Reward/body_ang_vel: -0.0226
        Episode_Reward/angular_momentum: -0.0000
          Episode_Reward/action_rate_l2: -0.1381
       Episode_Reward/crouch_glide_pose: 0.0632
    Episode_Reward/crouch_glide_pose_l1: -0.0183
           Episode_Reward/forward_speed: 0.0200
  Episode_Reward/forward_speed_tracking: 0.0317
            Episode_Reward/heading_hold: 0.0288
     Episode_Reward/crouch_forward_lean: 0.0012
               Episode_Reward/feet_flat: -0.0062
         Episode_Reward/self_collisions: -0.0007
     Episode_Reward/neck_action_rate_l2: -0.0333
        Episode_Reward/joint_torques_l2: -0.0000
        Episode_Metrics/mean_action_acc: 1.2563
          Curriculum/action_rate_weight: -0.5000
                   Curriculum/com_range: 0.0030
              Curriculum/head_com_range: 0.0030
           Episode_Termination/time_out: 0.0000
          Episode_Termination/fell_over: 198.5833
Episode_Termination/out_of_terrain_bounds: 0.0000
          Episode_Termination/nan_state: 0.0000
          Metrics/angular_momentum_mean: 0.0134
--------------------------------------------------------------------------------
                         Iteration time: 2.98s
                           Time elapsed: 00:00:52
                                    ETA: 00:50:26

################################################################################
[1m                           Learning iteration 17/1000                           [0m 

                               Run name: dynamic-gate-4096x1000-20260901
                            Total steps: 1769472 
                       Steps per second: 31179 
                        Collection time: 2.937s 
                          Learning time: 0.215s 
                        Mean value loss: 0.1303
                    Mean surrogate loss: -0.0154
                      Mean entropy loss: 15.6215
                            Mean reward: -0.72
                    Mean episode length: 21.15
                        Mean action std: 0.73
                 Episode_Reward/upright: 0.0213
            Episode_Reward/body_ang_vel: -0.0223
        Episode_Reward/angular_momentum: -0.0000
          Episode_Reward/action_rate_l2: -0.1302
       Episode_Reward/crouch_glide_pose: 0.0629
    Episode_Reward/crouch_glide_pose_l1: -0.0180
           Episode_Reward/forward_speed: 0.0202
  Episode_Reward/forward_speed_tracking: 0.0321
            Episode_Reward/heading_hold: 0.0289
     Episode_Reward/crouch_forward_lean: 0.0011
               Episode_Reward/feet_flat: -0.0060
         Episode_Reward/self_collisions: -0.0007
     Episode_Reward/neck_action_rate_l2: -0.0310
        Episode_Reward/joint_torques_l2: -0.0000
        Episode_Metrics/mean_action_acc: 1.2211
          Curriculum/action_rate_weight: -0.5000
                   Curriculum/com_range: 0.0030
              Curriculum/head_com_range: 0.0030
           Episode_Termination/time_out: 0.0000
          Episode_Termination/fell_over: 203.7083
Episode_Termination/out_of_terrain_bounds: 0.0000
          Episode_Termination/nan_state: 0.0000
          Metrics/angular_momentum_mean: 0.0134
--------------------------------------------------------------------------------
                         Iteration time: 3.15s
                           Time elapsed: 00:00:55
                                    ETA: 00:50:27

################################################################################
[1m                           Learning iteration 18/1000                           [0m 

                               Run name: dynamic-gate-4096x1000-20260901
                            Total steps: 1867776 
                       Steps per second: 29794 
                        Collection time: 3.086s 
                          Learning time: 0.213s 
                        Mean value loss: 0.1246
                    Mean surrogate loss: -0.0151
                      Mean entropy loss: 15.2852
                            Mean reward: -0.57
                    Mean episode length: 20.50
                        Mean action std: 0.71
                 Episode_Reward/upright: 0.0208
            Episode_Reward/body_ang_vel: -0.0221
        Episode_Reward/angular_momentum: -0.0000
          Episode_Reward/action_rate_l2: -0.1210
       Episode_Reward/crouch_glide_pose: 0.0622
    Episode_Reward/crouch_glide_pose_l1: -0.0174
           Episode_Reward/forward_speed: 0.0204
  Episode_Reward/forward_speed_tracking: 0.0330
            Episode_Reward/heading_hold: 0.0289
     Episode_Reward/crouch_forward_lean: 0.0010
               Episode_Reward/feet_flat: -0.0057
         Episode_Reward/self_collisions: -0.0007
     Episode_Reward/neck_action_rate_l2: -0.0287
        Episode_Reward/joint_torques_l2: -0.0000
        Episode_Metrics/mean_action_acc: 1.1861
          Curriculum/action_rate_weight: -0.5000
                   Curriculum/com_range: 0.0030
              Curriculum/head_com_range: 0.0030
           Episode_Termination/time_out: 0.0000
          Episode_Termination/fell_over: 201.3333
Episode_Termination/out_of_terrain_bounds: 0.0000
          Episode_Termination/nan_state: 0.0000
          Metrics/angular_momentum_mean: 0.0133
--------------------------------------------------------------------------------
                         Iteration time: 3.30s
                           Time elapsed: 00:00:58
                                    ETA: 00:50:35

################################################################################
[1m                           Learning iteration 19/1000                           [0m 

                               Run name: dynamic-gate-4096x1000-20260901
                            Total steps: 1966080 
                       Steps per second: 32832 
                        Collection time: 2.796s 
                          Learning time: 0.199s 
                        Mean value loss: 0.1170
                    Mean surrogate loss: -0.0157
                      Mean entropy loss: 14.9347
                            Mean reward: -0.34
                    Mean episode length: 19.84
                        Mean action std: 0.70
                 Episode_Reward/upright: 0.0209
            Episode_Reward/body_ang_vel: -0.0221
        Episode_Reward/angular_momentum: -0.0000
          Episode_Reward/action_rate_l2: -0.1155
       Episode_Reward/crouch_glide_pose: 0.0629
    Episode_Reward/crouch_glide_pose_l1: -0.0174
           Episode_Reward/forward_speed: 0.0208
  Episode_Reward/forward_speed_tracking: 0.0337
            Episode_Reward/heading_hold: 0.0293
     Episode_Reward/crouch_forward_lean: 0.0011
               Episode_Reward/feet_flat: -0.0059
         Episode_Reward/self_collisions: -0.0006
     Episode_Reward/neck_action_rate_l2: -0.0271
        Episode_Reward/joint_torques_l2: -0.0000
        Episode_Metrics/mean_action_acc: 1.1531
          Curriculum/action_rate_weight: -0.5000
                   Curriculum/com_range: 0.0030
              Curriculum/head_com_range: 0.0030
           Episode_Termination/time_out: 0.0000
          Episode_Termination/fell_over: 203.0833
Episode_Termination/out_of_terrain_bounds: 0.0000
          Episode_Termination/nan_state: 0.0000
          Metrics/angular_momentum_mean: 0.0132
--------------------------------------------------------------------------------
                         Iteration time: 2.99s
                           Time elapsed: 00:01:01
                                    ETA: 00:50:27

################################################################################
[1m                           Learning iteration 20/1000                           [0m 

                               Run name: dynamic-gate-4096x1000-20260901
                            Total steps: 2064384 
                       Steps per second: 33009 
                        Collection time: 2.792s 
                          Learning time: 0.186s 
                        Mean value loss: 0.1049
                    Mean surrogate loss: -0.0139
                      Mean entropy loss: 14.6716
                            Mean reward: -0.16
                    Mean episode length: 19.86
                        Mean action std: 0.68
                 Episode_Reward/upright: 0.0211
            Episode_Reward/body_ang_vel: -0.0221
        Episode_Reward/angular_momentum: -0.0000
          Episode_Reward/action_rate_l2: -0.1099
       Episode_Reward/crouch_glide_pose: 0.0636
    Episode_Reward/crouch_glide_pose_l1: -0.0174
           Episode_Reward/forward_speed: 0.0208
  Episode_Reward/forward_speed_tracking: 0.0342
            Episode_Reward/heading_hold: 0.0296
     Episode_Reward/crouch_forward_lean: 0.0011
               Episode_Reward/feet_flat: -0.0058
         Episode_Reward/self_collisions: -0.0007
     Episode_Reward/neck_action_rate_l2: -0.0257
        Episode_Reward/joint_torques_l2: -0.0000
        Episode_Metrics/mean_action_acc: 1.1193
          Curriculum/action_rate_weight: -0.5000
                   Curriculum/com_range: 0.0030
              Curriculum/head_com_range: 0.0030
           Episode_Termination/time_out: 0.0000
          Episode_Termination/fell_over: 201.6667
Episode_Termination/out_of_terrain_bounds: 0.0000
          Episode_Termination/nan_state: 0.0000
          Metrics/angular_momentum_mean: 0.0132
--------------------------------------------------------------------------------
                         Iteration time: 2.98s
                           Time elapsed: 00:01:04
                                    ETA: 00:50:19

################################################################################
[1m                           Learning iteration 21/1000                           [0m 

                               Run name: dynamic-gate-4096x1000-20260901
                            Total steps: 2162688 
                       Steps per second: 32265 
                        Collection time: 2.855s 
                          Learning time: 0.191s 
                        Mean value loss: 0.0966
                    Mean surrogate loss: -0.0154
                      Mean entropy loss: 14.3295
                            Mean reward: 0.16
                    Mean episode length: 19.33
                        Mean action std: 0.67
                 Episode_Reward/upright: 0.0205
            Episode_Reward/body_ang_vel: -0.0216
        Episode_Reward/angular_momentum: -0.0000
          Episode_Reward/action_rate_l2: -0.1036
       Episode_Reward/crouch_glide_pose: 0.0630
    Episode_Reward/crouch_glide_pose_l1: -0.0169
           Episode_Reward/forward_speed: 0.0215
  Episode_Reward/forward_speed_tracking: 0.0359
            Episode_Reward/heading_hold: 0.0293
     Episode_Reward/crouch_forward_lean: 0.0010
               Episode_Reward/feet_flat: -0.0055
         Episode_Reward/self_collisions: -0.0007
     Episode_Reward/neck_action_rate_l2: -0.0240
        Episode_Reward/joint_torques_l2: -0.0000
        Episode_Metrics/mean_action_acc: 1.0916
          Curriculum/action_rate_weight: -0.5000
                   Curriculum/com_range: 0.0030
              Curriculum/head_com_range: 0.0030
           Episode_Termination/time_out: 0.0000
          Episode_Termination/fell_over: 203.2083
Episode_Termination/out_of_terrain_bounds: 0.0000
          Episode_Termination/nan_state: 0.0000
          Metrics/angular_momentum_mean: 0.0129
--------------------------------------------------------------------------------
                         Iteration time: 3.05s
                           Time elapsed: 00:01:07
                                    ETA: 00:50:14

################################################################################
[1m                           Learning iteration 22/1000                           [0m 

                               Run name: dynamic-gate-4096x1000-20260901
                            Total steps: 2260992 
                       Steps per second: 31359 
                        Collection time: 2.944s 
                          Learning time: 0.191s 
                        Mean value loss: 0.0840
                    Mean surrogate loss: -0.0160
                      Mean entropy loss: 14.0195
                            Mean reward: 0.22
                    Mean episode length: 20.38
                        Mean action std: 0.65
                 Episode_Reward/upright: 0.0208
            Episode_Reward/body_ang_vel: -0.0214
        Episode_Reward/angular_momentum: -0.0000
          Episode_Reward/action_rate_l2: -0.0996
       Episode_Reward/crouch_glide_pose: 0.0637
    Episode_Reward/crouch_glide_pose_l1: -0.0168
           Episode_Reward/forward_speed: 0.0220
  Episode_Reward/forward_speed_tracking: 0.0371
            Episode_Reward/heading_hold: 0.0300
     Episode_Reward/crouch_forward_lean: 0.0010
               Episode_Reward/feet_flat: -0.0054
         Episode_Reward/self_collisions: -0.0008
     Episode_Reward/neck_action_rate_l2: -0.0230
        Episode_Reward/joint_torques_l2: -0.0000
        Episode_Metrics/mean_action_acc: 1.0660
          Curriculum/action_rate_weight: -0.5000
                   Curriculum/com_range: 0.0030
              Curriculum/head_com_range: 0.0030
           Episode_Termination/time_out: 0.0000
          Episode_Termination/fell_over: 201.6667
Episode_Termination/out_of_terrain_bounds: 0.0000
          Episode_Termination/nan_state: 0.0000
          Metrics/angular_momentum_mean: 0.0128
--------------------------------------------------------------------------------
                         Iteration time: 3.13s
                           Time elapsed: 00:01:10
                                    ETA: 00:50:13

################################################################################
[1m                           Learning iteration 23/1000                           [0m 

                               Run name: dynamic-gate-4096x1000-20260901
                            Total steps: 2359296 
                       Steps per second: 32283 
                        Collection time: 2.853s 
                          Learning time: 0.192s 
                        Mean value loss: 0.0799
                    Mean surrogate loss: -0.0157
                      Mean entropy loss: 13.6714
                            Mean reward: 0.42
                    Mean episode length: 20.37
                        Mean action std: 0.64
                 Episode_Reward/upright: 0.0209
            Episode_Reward/body_ang_vel: -0.0211
        Episode_Reward/angular_momentum: -0.0000
          Episode_Reward/action_rate_l2: -0.0951
       Episode_Reward/crouch_glide_pose: 0.0645
    Episode_Reward/crouch_glide_pose_l1: -0.0169
           Episode_Reward/forward_speed: 0.0228
  Episode_Reward/forward_speed_tracking: 0.0391
            Episode_Reward/heading_hold: 0.0305
     Episode_Reward/crouch_forward_lean: 0.0010
               Episode_Reward/feet_flat: -0.0054
         Episode_Reward/self_collisions: -0.0008
     Episode_Reward/neck_action_rate_l2: -0.0217
        Episode_Reward/joint_torques_l2: -0.0000
        Episode_Metrics/mean_action_acc: 1.0346
          Curriculum/action_rate_weight: -0.5000
                   Curriculum/com_range: 0.0030
              Curriculum/head_com_range: 0.0030
           Episode_Termination/time_out: 0.0000
          Episode_Termination/fell_over: 199.7083
Episode_Termination/out_of_terrain_bounds: 0.0000
          Episode_Termination/nan_state: 0.0000
          Metrics/angular_momentum_mean: 0.0127
--------------------------------------------------------------------------------
                         Iteration time: 3.05s
                           Time elapsed: 00:01:13
                                    ETA: 00:50:08

################################################################################
[1m                           Learning iteration 24/1000                           [0m 

                               Run name: dynamic-gate-4096x1000-20260901
                            Total steps: 2457600 
                       Steps per second: 32705 
                        Collection time: 2.814s 
                          Learning time: 0.191s 
                        Mean value loss: 0.0737
                    Mean surrogate loss: -0.0167
                      Mean entropy loss: 13.3694
                            Mean reward: 0.50
                    Mean episode length: 20.81
                        Mean action std: 0.62
                 Episode_Reward/upright: 0.0214
            Episode_Reward/body_ang_vel: -0.0208
        Episode_Reward/angular_momentum: -0.0000
          Episode_Reward/action_rate_l2: -0.0924
       Episode_Reward/crouch_glide_pose: 0.0660
    Episode_Reward/crouch_glide_pose_l1: -0.0172
           Episode_Reward/forward_speed: 0.0236
  Episode_Reward/forward_speed_tracking: 0.0407
            Episode_Reward/heading_hold: 0.0313
     Episode_Reward/crouch_forward_lean: 0.0011
               Episode_Reward/feet_flat: -0.0053
         Episode_Reward/self_collisions: -0.0008
     Episode_Reward/neck_action_rate_l2: -0.0209
        Episode_Reward/joint_torques_l2: -0.0000
        Episode_Metrics/mean_action_acc: 1.0094
          Curriculum/action_rate_weight: -0.5000
                   Curriculum/com_range: 0.0030
              Curriculum/head_com_range: 0.0030
           Episode_Termination/time_out: 0.0000
          Episode_Termination/fell_over: 195.1667
Episode_Termination/out_of_terrain_bounds: 0.0000
          Episode_Termination/nan_state: 0.0000
          Metrics/angular_momentum_mean: 0.0125
--------------------------------------------------------------------------------
                         Iteration time: 3.01s
                           Time elapsed: 00:01:16
                                    ETA: 00:50:02

################################################################################
[1m                           Learning iteration 25/1000                           [0m 

                               Run name: dynamic-gate-4096x1000-20260901
                            Total steps: 2555904 
                       Steps per second: 32083 
                        Collection time: 2.875s 
                          Learning time: 0.189s 
                        Mean value loss: 0.0709
                    Mean surrogate loss: -0.0155
                      Mean entropy loss: 13.0627
                            Mean reward: 0.92
                    Mean episode length: 21.62
                        Mean action std: 0.61
                 Episode_Reward/upright: 0.0216
            Episode_Reward/body_ang_vel: -0.0204
        Episode_Reward/angular_momentum: -0.0000
          Episode_Reward/action_rate_l2: -0.0890
       Episode_Reward/crouch_glide_pose: 0.0670
    Episode_Reward/crouch_glide_pose_l1: -0.0172
           Episode_Reward/forward_speed: 0.0244
  Episode_Reward/forward_speed_tracking: 0.0426
            Episode_Reward/heading_hold: 0.0315
     Episode_Reward/crouch_forward_lean: 0.0011
               Episode_Reward/feet_flat: -0.0053
         Episode_Reward/self_collisions: -0.0009
     Episode_Reward/neck_action_rate_l2: -0.0201
        Episode_Reward/joint_torques_l2: -0.0000
        Episode_Metrics/mean_action_acc: 0.9857
          Curriculum/action_rate_weight: -0.5000
                   Curriculum/com_range: 0.0030
              Curriculum/head_com_range: 0.0030
           Episode_Termination/time_out: 0.0000
          Episode_Termination/fell_over: 195.2500
Episode_Termination/out_of_terrain_bounds: 0.0000
          Episode_Termination/nan_state: 0.0000
          Metrics/angular_momentum_mean: 0.0124
--------------------------------------------------------------------------------
                         Iteration time: 3.06s
                           Time elapsed: 00:01:20
                                    ETA: 00:49:59

################################################################################
[1m                           Learning iteration 26/1000                           [0m 

                               Run name: dynamic-gate-4096x1000-20260901
                            Total steps: 2654208 
                       Steps per second: 33155 
                        Collection time: 2.764s 
                          Learning time: 0.201s 
                        Mean value loss: 0.0652
                    Mean surrogate loss: -0.0149
                      Mean entropy loss: 12.8138
                            Mean reward: 1.08
                    Mean episode length: 20.67
                        Mean action std: 0.60
                 Episode_Reward/upright: 0.0220
            Episode_Reward/body_ang_vel: -0.0199
        Episode_Reward/angular_momentum: -0.0000
          Episode_Reward/action_rate_l2: -0.0871
       Episode_Reward/crouch_glide_pose: 0.0686
    Episode_Reward/crouch_glide_pose_l1: -0.0175
           Episode_Reward/forward_speed: 0.0255
  Episode_Reward/forward_speed_tracking: 0.0449
            Episode_Reward/heading_hold: 0.0325
     Episode_Reward/crouch_forward_lean: 0.0011
               Episode_Reward/feet_flat: -0.0052
         Episode_Reward/self_collisions: -0.0009
     Episode_Reward/neck_action_rate_l2: -0.0195
        Episode_Reward/joint_torques_l2: -0.0000
        Episode_Metrics/mean_action_acc: 0.9630
          Curriculum/action_rate_weight: -0.5000
                   Curriculum/com_range: 0.0030
              Curriculum/head_com_range: 0.0030
           Episode_Termination/time_out: 0.0000
          Episode_Termination/fell_over: 189.2500
Episode_Termination/out_of_terrain_bounds: 0.0000
          Episode_Termination/nan_state: 0.0000
          Metrics/angular_momentum_mean: 0.0123
--------------------------------------------------------------------------------
                         Iteration time: 2.96s
                           Time elapsed: 00:01:23
                                    ETA: 00:49:51

################################################################################
[1m                           Learning iteration 27/1000                           [0m 

                               Run name: dynamic-gate-4096x1000-20260901
                            Total steps: 2752512 
                       Steps per second: 32874 
                        Collection time: 2.803s 
                          Learning time: 0.187s 
                        Mean value loss: 0.0616
                    Mean surrogate loss: -0.0162
                      Mean entropy loss: 12.5237
                            Mean reward: 1.24
                    Mean episode length: 21.42
                        Mean action std: 0.59
                 Episode_Reward/upright: 0.0224
            Episode_Reward/body_ang_vel: -0.0199
        Episode_Reward/angular_momentum: -0.0000
          Episode_Reward/action_rate_l2: -0.0847
       Episode_Reward/crouch_glide_pose: 0.0696
    Episode_Reward/crouch_glide_pose_l1: -0.0175
           Episode_Reward/forward_speed: 0.0265
  Episode_Reward/forward_speed_tracking: 0.0474
            Episode_Reward/heading_hold: 0.0334
     Episode_Reward/crouch_forward_lean: 0.0012
               Episode_Reward/feet_flat: -0.0052
         Episode_Reward/self_collisions: -0.0009
     Episode_Reward/neck_action_rate_l2: -0.0189
        Episode_Reward/joint_torques_l2: -0.0000
        Episode_Metrics/mean_action_acc: 0.9446
          Curriculum/action_rate_weight: -0.5000
                   Curriculum/com_range: 0.0030
              Curriculum/head_com_range: 0.0030
           Episode_Termination/time_out: 0.0000
          Episode_Termination/fell_over: 188.8750
Episode_Termination/out_of_terrain_bounds: 0.0000
          Episode_Termination/nan_state: 0.0000
          Metrics/angular_momentum_mean: 0.0122
--------------------------------------------------------------------------------
                         Iteration time: 2.99s
                           Time elapsed: 00:01:26
                                    ETA: 00:49:45

################################################################################
[1m                           Learning iteration 28/1000                           [0m 

                               Run name: dynamic-gate-4096x1000-20260901
                            Total steps: 2850816 
                       Steps per second: 32369 
                        Collection time: 2.848s 
                          Learning time: 0.189s 
                        Mean value loss: 0.0622
                    Mean surrogate loss: -0.0152
                      Mean entropy loss: 12.2336
                            Mean reward: 1.32
                    Mean episode length: 22.31
                        Mean action std: 0.58
                 Episode_Reward/upright: 0.0231
            Episode_Reward/body_ang_vel: -0.0197
        Episode_Reward/angular_momentum: -0.0000
          Episode_Reward/action_rate_l2: -0.0834
       Episode_Reward/crouch_glide_pose: 0.0715
    Episode_Reward/crouch_glide_pose_l1: -0.0180
           Episode_Reward/forward_speed: 0.0272
  Episode_Reward/forward_speed_tracking: 0.0488
            Episode_Reward/heading_hold: 0.0341
     Episode_Reward/crouch_forward_lean: 0.0012
               Episode_Reward/feet_flat: -0.0054
         Episode_Reward/self_collisions: -0.0011
     Episode_Reward/neck_action_rate_l2: -0.0185
        Episode_Reward/joint_torques_l2: -0.0000
        Episode_Metrics/mean_action_acc: 0.9248
          Curriculum/action_rate_weight: -0.5000
                   Curriculum/com_range: 0.0030
              Curriculum/head_com_range: 0.0030
           Episode_Termination/time_out: 0.0000
          Episode_Termination/fell_over: 182.8333
Episode_Termination/out_of_terrain_bounds: 0.0000
          Episode_Termination/nan_state: 0.0000
          Metrics/angular_momentum_mean: 0.0121
--------------------------------------------------------------------------------
                         Iteration time: 3.04s
                           Time elapsed: 00:01:29
                                    ETA: 00:49:41

################################################################################
[1m                           Learning iteration 29/1000                           [0m 

                               Run name: dynamic-gate-4096x1000-20260901
                            Total steps: 2949120 
                       Steps per second: 32744 
                        Collection time: 2.804s 
                          Learning time: 0.198s 
                        Mean value loss: 0.0617
                    Mean surrogate loss: -0.0153
                      Mean entropy loss: 11.9368
                            Mean reward: 1.34
                    Mean episode length: 23.35
                        Mean action std: 0.56
                 Episode_Reward/upright: 0.0235
            Episode_Reward/body_ang_vel: -0.0193
        Episode_Reward/angular_momentum: -0.0000
          Episode_Reward/action_rate_l2: -0.0811
       Episode_Reward/crouch_glide_pose: 0.0730
    Episode_Reward/crouch_glide_pose_l1: -0.0182
           Episode_Reward/forward_speed: 0.0282
  Episode_Reward/forward_speed_tracking: 0.0506
            Episode_Reward/heading_hold: 0.0347
     Episode_Reward/crouch_forward_lean: 0.0012
               Episode_Reward/feet_flat: -0.0054
         Episode_Reward/self_collisions: -0.0012
     Episode_Reward/neck_action_rate_l2: -0.0180
        Episode_Reward/joint_torques_l2: -0.0000
        Episode_Metrics/mean_action_acc: 0.9041
          Curriculum/action_rate_weight: -0.5000
                   Curriculum/com_range: 0.0030
              Curriculum/head_com_range: 0.0030
           Episode_Termination/time_out: 0.0000
          Episode_Termination/fell_over: 181.3750
Episode_Termination/out_of_terrain_bounds: 0.0000
          Episode_Termination/nan_state: 0.0000
          Metrics/angular_momentum_mean: 0.0123
--------------------------------------------------------------------------------
                         Iteration time: 3.00s
                           Time elapsed: 00:01:32
                                    ETA: 00:49:36

################################################################################
[1m                           Learning iteration 30/1000                           [0m 

                               Run name: dynamic-gate-4096x1000-20260901
                            Total steps: 3047424 
                       Steps per second: 32885 
                        Collection time: 2.797s 
                          Learning time: 0.192s 
                        Mean value loss: 0.0632
                    Mean surrogate loss: -0.0142
                      Mean entropy loss: 11.6474
                            Mean reward: 1.73
                    Mean episode length: 22.74
                        Mean action std: 0.55
                 Episode_Reward/upright: 0.0236
            Episode_Reward/body_ang_vel: -0.0188
        Episode_Reward/angular_momentum: -0.0000
          Episode_Reward/action_rate_l2: -0.0789
       Episode_Reward/crouch_glide_pose: 0.0744
    Episode_Reward/crouch_glide_pose_l1: -0.0183
           Episode_Reward/forward_speed: 0.0299
  Episode_Reward/forward_speed_tracking: 0.0544
            Episode_Reward/heading_hold: 0.0353
     Episode_Reward/crouch_forward_lean: 0.0013
               Episode_Reward/feet_flat: -0.0055
         Episode_Reward/self_collisions: -0.0012
     Episode_Reward/neck_action_rate_l2: -0.0175
        Episode_Reward/joint_torques_l2: -0.0000
        Episode_Metrics/mean_action_acc: 0.8856
          Curriculum/action_rate_weight: -0.5000
                   Curriculum/com_range: 0.0030
              Curriculum/head_com_range: 0.0030
           Episode_Termination/time_out: 0.0000
          Episode_Termination/fell_over: 176.6667
Episode_Termination/out_of_terrain_bounds: 0.0000
          Episode_Termination/nan_state: 0.0000
          Metrics/angular_momentum_mean: 0.0121
--------------------------------------------------------------------------------
                         Iteration time: 2.99s
                           Time elapsed: 00:01:35
                                    ETA: 00:49:30

################################################################################
[1m                           Learning iteration 31/1000                           [0m 

                               Run name: dynamic-gate-4096x1000-20260901
                            Total steps: 3145728 
                       Steps per second: 32218 
                        Collection time: 2.851s 
                          Learning time: 0.200s 
                        Mean value loss: 0.0624
                    Mean surrogate loss: -0.0135
                      Mean entropy loss: 11.3660
                            Mean reward: 1.75
                    Mean episode length: 25.19
                        Mean action std: 0.54
                 Episode_Reward/upright: 0.0246
            Episode_Reward/body_ang_vel: -0.0185
        Episode_Reward/angular_momentum: -0.0000
          Episode_Reward/action_rate_l2: -0.0785
       Episode_Reward/crouch_glide_pose: 0.0775
    Episode_Reward/crouch_glide_pose_l1: -0.0191
           Episode_Reward/forward_speed: 0.0308
  Episode_Reward/forward_speed_tracking: 0.0560
            Episode_Reward/heading_hold: 0.0367
     Episode_Reward/crouch_forward_lean: 0.0013
               Episode_Reward/feet_flat: -0.0057
         Episode_Reward/self_collisions: -0.0013
     Episode_Reward/neck_action_rate_l2: -0.0175
        Episode_Reward/joint_torques_l2: -0.0000
        Episode_Metrics/mean_action_acc: 0.8654
          Curriculum/action_rate_weight: -0.5000
                   Curriculum/com_range: 0.0030
              Curriculum/head_com_range: 0.0030
           Episode_Termination/time_out: 0.0000
          Episode_Termination/fell_over: 171.0833
Episode_Termination/out_of_terrain_bounds: 0.0000
          Episode_Termination/nan_state: 0.0000
          Metrics/angular_momentum_mean: 0.0120
--------------------------------------------------------------------------------
                         Iteration time: 3.05s
                           Time elapsed: 00:01:38
                                    ETA: 00:49:27

################################################################################
[1m                           Learning iteration 32/1000                           [0m 

                               Run name: dynamic-gate-4096x1000-20260901
                            Total steps: 3244032 
                       Steps per second: 32958 
                        Collection time: 2.792s 
                          Learning time: 0.191s 
                        Mean value loss: 0.0640
                    Mean surrogate loss: -0.0143
                      Mean entropy loss: 11.0799
                            Mean reward: 2.16
                    Mean episode length: 23.53
                        Mean action std: 0.53
                 Episode_Reward/upright: 0.0249
            Episode_Reward/body_ang_vel: -0.0181
        Episode_Reward/angular_momentum: -0.0000
          Episode_Reward/action_rate_l2: -0.0769
       Episode_Reward/crouch_glide_pose: 0.0791
    Episode_Reward/crouch_glide_pose_l1: -0.0193
           Episode_Reward/forward_speed: 0.0319
  Episode_Reward/forward_speed_tracking: 0.0580
            Episode_Reward/heading_hold: 0.0375
     Episode_Reward/crouch_forward_lean: 0.0013
               Episode_Reward/feet_flat: -0.0059
         Episode_Reward/self_collisions: -0.0012
     Episode_Reward/neck_action_rate_l2: -0.0170
        Episode_Reward/joint_torques_l2: -0.0000
        Episode_Metrics/mean_action_acc: 0.8491
          Curriculum/action_rate_weight: -0.5000
                   Curriculum/com_range: 0.0030
              Curriculum/head_com_range: 0.0030
           Episode_Termination/time_out: 0.0000
          Episode_Termination/fell_over: 167.5000
Episode_Termination/out_of_terrain_bounds: 0.0000
          Episode_Termination/nan_state: 0.0000
          Metrics/angular_momentum_mean: 0.0116
--------------------------------------------------------------------------------
                         Iteration time: 2.98s
                           Time elapsed: 00:01:41
                                    ETA: 00:49:21

################################################################################
[1m                           Learning iteration 33/1000                           [0m 

                               Run name: dynamic-gate-4096x1000-20260901
                            Total steps: 3342336 
                       Steps per second: 31916 
                        Collection time: 2.876s 
                          Learning time: 0.204s 
                        Mean value loss: 0.0607
                    Mean surrogate loss: -0.0124
                      Mean entropy loss: 10.7771
                            Mean reward: 2.22
                    Mean episode length: 23.87
                        Mean action std: 0.52
                 Episode_Reward/upright: 0.0262
            Episode_Reward/body_ang_vel: -0.0180
        Episode_Reward/angular_momentum: -0.0000
          Episode_Reward/action_rate_l2: -0.0768
       Episode_Reward/crouch_glide_pose: 0.0826
    Episode_Reward/crouch_glide_pose_l1: -0.0201
           Episode_Reward/forward_speed: 0.0333
  Episode_Reward/forward_speed_tracking: 0.0603
            Episode_Reward/heading_hold: 0.0390
     Episode_Reward/crouch_forward_lean: 0.0015
               Episode_Reward/feet_flat: -0.0064
         Episode_Reward/self_collisions: -0.0015
     Episode_Reward/neck_action_rate_l2: -0.0170
        Episode_Reward/joint_torques_l2: -0.0000
        Episode_Metrics/mean_action_acc: 0.8314
          Curriculum/action_rate_weight: -0.5000
                   Curriculum/com_range: 0.0030
              Curriculum/head_com_range: 0.0030
           Episode_Termination/time_out: 0.0000
          Episode_Termination/fell_over: 160.2500
Episode_Termination/out_of_terrain_bounds: 0.0000
          Episode_Termination/nan_state: 0.0000
          Metrics/angular_momentum_mean: 0.0115
--------------------------------------------------------------------------------
                         Iteration time: 3.08s
                           Time elapsed: 00:01:44
                                    ETA: 00:49:19

################################################################################
[1m                           Learning iteration 34/1000                           [0m 

                               Run name: dynamic-gate-4096x1000-20260901
                            Total steps: 3440640 
                       Steps per second: 33083 
                        Collection time: 2.777s 
                          Learning time: 0.194s 
                        Mean value loss: 0.0631
                    Mean surrogate loss: -0.0112
                      Mean entropy loss: 10.5187
                            Mean reward: 2.01
                    Mean episode length: 25.51
                        Mean action std: 0.51
                 Episode_Reward/upright: 0.0269
            Episode_Reward/body_ang_vel: -0.0176
        Episode_Reward/angular_momentum: -0.0000
          Episode_Reward/action_rate_l2: -0.0762
       Episode_Reward/crouch_glide_pose: 0.0850
    Episode_Reward/crouch_glide_pose_l1: -0.0208
           Episode_Reward/forward_speed: 0.0345
  Episode_Reward/forward_speed_tracking: 0.0626
            Episode_Reward/heading_hold: 0.0404
     Episode_Reward/crouch_forward_lean: 0.0015
               Episode_Reward/feet_flat: -0.0067
         Episode_Reward/self_collisions: -0.0016
     Episode_Reward/neck_action_rate_l2: -0.0167
        Episode_Reward/joint_torques_l2: -0.0000
        Episode_Metrics/mean_action_acc: 0.8164
          Curriculum/action_rate_weight: -0.5000
                   Curriculum/com_range: 0.0030
              Curriculum/head_com_range: 0.0030
           Episode_Termination/time_out: 0.0000
          Episode_Termination/fell_over: 155.7083
Episode_Termination/out_of_terrain_bounds: 0.0000
          Episode_Termination/nan_state: 0.0000
          Metrics/angular_momentum_mean: 0.0115
--------------------------------------------------------------------------------
                         Iteration time: 2.97s
                           Time elapsed: 00:01:47
                                    ETA: 00:49:13

################################################################################
[1m                           Learning iteration 35/1000                           [0m 

                               Run name: dynamic-gate-4096x1000-20260901
                            Total steps: 3538944 
                       Steps per second: 33052 
                        Collection time: 2.781s 
                          Learning time: 0.193s 
                        Mean value loss: 0.0626
                    Mean surrogate loss: -0.0127
                      Mean entropy loss: 10.2476
                            Mean reward: 2.41
                    Mean episode length: 27.05
                        Mean action std: 0.50
                 Episode_Reward/upright: 0.0277
            Episode_Reward/body_ang_vel: -0.0176
        Episode_Reward/angular_momentum: -0.0000
          Episode_Reward/action_rate_l2: -0.0756
       Episode_Reward/crouch_glide_pose: 0.0877
    Episode_Reward/crouch_glide_pose_l1: -0.0215
           Episode_Reward/forward_speed: 0.0360
  Episode_Reward/forward_speed_tracking: 0.0657
            Episode_Reward/heading_hold: 0.0413
     Episode_Reward/crouch_forward_lean: 0.0016
               Episode_Reward/feet_flat: -0.0071
         Episode_Reward/self_collisions: -0.0016
     Episode_Reward/neck_action_rate_l2: -0.0167
        Episode_Reward/joint_torques_l2: -0.0000
        Episode_Metrics/mean_action_acc: 0.8014
          Curriculum/action_rate_weight: -0.5000
                   Curriculum/com_range: 0.0030
              Curriculum/head_com_range: 0.0030
           Episode_Termination/time_out: 0.0000
          Episode_Termination/fell_over: 153.9583
Episode_Termination/out_of_terrain_bounds: 0.0000
          Episode_Termination/nan_state: 0.0000
          Metrics/angular_momentum_mean: 0.0114
--------------------------------------------------------------------------------
                         Iteration time: 2.97s
                           Time elapsed: 00:01:50
                                    ETA: 00:49:08

################################################################################
[1m                           Learning iteration 36/1000                           [0m 

                               Run name: dynamic-gate-4096x1000-20260901
                            Total steps: 3637248 
                       Steps per second: 32936 
                        Collection time: 2.796s 
                          Learning time: 0.188s 
                        Mean value loss: 0.0632
                    Mean surrogate loss: -0.0115
                      Mean entropy loss: 9.9802
                            Mean reward: 2.66
                    Mean episode length: 28.32
                        Mean action std: 0.49
                 Episode_Reward/upright: 0.0281
            Episode_Reward/body_ang_vel: -0.0174
        Episode_Reward/angular_momentum: -0.0000
          Episode_Reward/action_rate_l2: -0.0736
       Episode_Reward/crouch_glide_pose: 0.0887
    Episode_Reward/crouch_glide_pose_l1: -0.0215
           Episode_Reward/forward_speed: 0.0369
  Episode_Reward/forward_speed_tracking: 0.0678
            Episode_Reward/heading_hold: 0.0418
     Episode_Reward/crouch_forward_lean: 0.0017
               Episode_Reward/feet_flat: -0.0072
         Episode_Reward/self_collisions: -0.0016
     Episode_Reward/neck_action_rate_l2: -0.0162
        Episode_Reward/joint_torques_l2: -0.0000
        Episode_Metrics/mean_action_acc: 0.7868
          Curriculum/action_rate_weight: -0.5000
                   Curriculum/com_range: 0.0030
              Curriculum/head_com_range: 0.0030
           Episode_Termination/time_out: 0.0000
          Episode_Termination/fell_over: 152.7083
Episode_Termination/out_of_terrain_bounds: 0.0000
          Episode_Termination/nan_state: 0.0000
          Metrics/angular_momentum_mean: 0.0113
--------------------------------------------------------------------------------
                         Iteration time: 2.98s
                           Time elapsed: 00:01:53
                                    ETA: 00:49:03

################################################################################
[1m                           Learning iteration 37/1000                           [0m 

                               Run name: dynamic-gate-4096x1000-20260901
                            Total steps: 3735552 
                       Steps per second: 32516 
                        Collection time: 2.827s 
                          Learning time: 0.197s 
                        Mean value loss: 0.0677
                    Mean surrogate loss: -0.0124
                      Mean entropy loss: 9.7326
                            Mean reward: 2.79
                    Mean episode length: 28.54
                        Mean action std: 0.48
                 Episode_Reward/upright: 0.0288
            Episode_Reward/body_ang_vel: -0.0173
        Episode_Reward/angular_momentum: -0.0000
          Episode_Reward/action_rate_l2: -0.0723
       Episode_Reward/crouch_glide_pose: 0.0909
    Episode_Reward/crouch_glide_pose_l1: -0.0217
           Episode_Reward/forward_speed: 0.0379
  Episode_Reward/forward_speed_tracking: 0.0703
            Episode_Reward/heading_hold: 0.0427
     Episode_Reward/crouch_forward_lean: 0.0017
               Episode_Reward/feet_flat: -0.0074
         Episode_Reward/self_collisions: -0.0016
     Episode_Reward/neck_action_rate_l2: -0.0160
        Episode_Reward/joint_torques_l2: -0.0000
        Episode_Metrics/mean_action_acc: 0.7731
          Curriculum/action_rate_weight: -0.5000
                   Curriculum/com_range: 0.0030
              Curriculum/head_com_range: 0.0030
           Episode_Termination/time_out: 0.0000
          Episode_Termination/fell_over: 146.7917
Episode_Termination/out_of_terrain_bounds: 0.0000
          Episode_Termination/nan_state: 0.0000
          Metrics/angular_momentum_mean: 0.0110
--------------------------------------------------------------------------------
                         Iteration time: 3.02s
                           Time elapsed: 00:01:56
                                    ETA: 00:48:59

################################################################################
[1m                           Learning iteration 38/1000                           [0m 

                               Run name: dynamic-gate-4096x1000-20260901
                            Total steps: 3833856 
                       Steps per second: 31838 
                        Collection time: 2.886s 
                          Learning time: 0.202s 
                        Mean value loss: 0.0670
                    Mean surrogate loss: -0.0117
                      Mean entropy loss: 9.4991
                            Mean reward: 2.96
                    Mean episode length: 27.45
                        Mean action std: 0.47
                 Episode_Reward/upright: 0.0300
            Episode_Reward/body_ang_vel: -0.0172
        Episode_Reward/angular_momentum: -0.0000
          Episode_Reward/action_rate_l2: -0.0718
       Episode_Reward/crouch_glide_pose: 0.0939
    Episode_Reward/crouch_glide_pose_l1: -0.0221
           Episode_Reward/forward_speed: 0.0391
  Episode_Reward/forward_speed_tracking: 0.0725
            Episode_Reward/heading_hold: 0.0440
     Episode_Reward/crouch_forward_lean: 0.0019
               Episode_Reward/feet_flat: -0.0077
         Episode_Reward/self_collisions: -0.0017
     Episode_Reward/neck_action_rate_l2: -0.0157
        Episode_Reward/joint_torques_l2: -0.0000
        Episode_Metrics/mean_action_acc: 0.7611
          Curriculum/action_rate_weight: -0.5000
                   Curriculum/com_range: 0.0030
              Curriculum/head_com_range: 0.0030
           Episode_Termination/time_out: 0.0000
          Episode_Termination/fell_over: 145.8750
Episode_Termination/out_of_terrain_bounds: 0.0000
          Episode_Termination/nan_state: 0.0000
          Metrics/angular_momentum_mean: 0.0109
--------------------------------------------------------------------------------
                         Iteration time: 3.09s
                           Time elapsed: 00:01:59
                                    ETA: 00:48:57

################################################################################
[1m                           Learning iteration 39/1000                           [0m 

                               Run name: dynamic-gate-4096x1000-20260901
                            Total steps: 3932160 
                       Steps per second: 32882 
                        Collection time: 2.798s 
                          Learning time: 0.191s 
                        Mean value loss: 0.0721
                    Mean surrogate loss: -0.0123
                      Mean entropy loss: 9.2589
                            Mean reward: 3.08
                    Mean episode length: 30.05
                        Mean action std: 0.47
                 Episode_Reward/upright: 0.0305
            Episode_Reward/body_ang_vel: -0.0170
        Episode_Reward/angular_momentum: -0.0000
          Episode_Reward/action_rate_l2: -0.0709
       Episode_Reward/crouch_glide_pose: 0.0961
    Episode_Reward/crouch_glide_pose_l1: -0.0225
           Episode_Reward/forward_speed: 0.0403
  Episode_Reward/forward_speed_tracking: 0.0751
            Episode_Reward/heading_hold: 0.0446
     Episode_Reward/crouch_forward_lean: 0.0019
               Episode_Reward/feet_flat: -0.0079
         Episode_Reward/self_collisions: -0.0017
     Episode_Reward/neck_action_rate_l2: -0.0155
        Episode_Reward/joint_torques_l2: -0.0000
        Episode_Metrics/mean_action_acc: 0.7484
          Curriculum/action_rate_weight: -0.5000
                   Curriculum/com_range: 0.0030
              Curriculum/head_com_range: 0.0030
           Episode_Termination/time_out: 0.0000
          Episode_Termination/fell_over: 140.4583
Episode_Termination/out_of_terrain_bounds: 0.0000
          Episode_Termination/nan_state: 0.0000
          Metrics/angular_momentum_mean: 0.0107
--------------------------------------------------------------------------------
                         Iteration time: 2.99s
                           Time elapsed: 00:02:02
                                    ETA: 00:48:52

################################################################################
[1m                           Learning iteration 40/1000                           [0m 

                               Run name: dynamic-gate-4096x1000-20260901
                            Total steps: 4030464 
                       Steps per second: 32690 
                        Collection time: 2.816s 
                          Learning time: 0.191s 
                        Mean value loss: 0.0752
                    Mean surrogate loss: -0.0112
                      Mean entropy loss: 9.0325
                            Mean reward: 3.23
                    Mean episode length: 29.97
                        Mean action std: 0.46
                 Episode_Reward/upright: 0.0320
            Episode_Reward/body_ang_vel: -0.0171
        Episode_Reward/angular_momentum: -0.0000
          Episode_Reward/action_rate_l2: -0.0716
       Episode_Reward/crouch_glide_pose: 0.0996
    Episode_Reward/crouch_glide_pose_l1: -0.0235
           Episode_Reward/forward_speed: 0.0410
  Episode_Reward/forward_speed_tracking: 0.0757
            Episode_Reward/heading_hold: 0.0457
     Episode_Reward/crouch_forward_lean: 0.0020
               Episode_Reward/feet_flat: -0.0084
         Episode_Reward/self_collisions: -0.0019
     Episode_Reward/neck_action_rate_l2: -0.0157
        Episode_Reward/joint_torques_l2: -0.0000
        Episode_Metrics/mean_action_acc: 0.7393
          Curriculum/action_rate_weight: -0.5000
                   Curriculum/com_range: 0.0030
              Curriculum/head_com_range: 0.0030
           Episode_Termination/time_out: 0.0000
          Episode_Termination/fell_over: 137.5833
Episode_Termination/out_of_terrain_bounds: 0.0000
          Episode_Termination/nan_state: 0.0000
          Metrics/angular_momentum_mean: 0.0105
--------------------------------------------------------------------------------
                         Iteration time: 3.01s
                           Time elapsed: 00:02:05
                                    ETA: 00:48:48

################################################################################
[1m                           Learning iteration 41/1000                           [0m 

                               Run name: dynamic-gate-4096x1000-20260901
                            Total steps: 4128768 
                       Steps per second: 32686 
                        Collection time: 2.814s 
                          Learning time: 0.194s 
                        Mean value loss: 0.0773
                    Mean surrogate loss: -0.0120
                      Mean entropy loss: 8.8317
                            Mean reward: 3.39
                    Mean episode length: 31.52
                        Mean action std: 0.45
                 Episode_Reward/upright: 0.0336
            Episode_Reward/body_ang_vel: -0.0171
        Episode_Reward/angular_momentum: -0.0000
          Episode_Reward/action_rate_l2: -0.0719
       Episode_Reward/crouch_glide_pose: 0.1030
    Episode_Reward/crouch_glide_pose_l1: -0.0244
           Episode_Reward/forward_speed: 0.0426
  Episode_Reward/forward_speed_tracking: 0.0787
            Episode_Reward/heading_hold: 0.0473
     Episode_Reward/crouch_forward_lean: 0.0023
               Episode_Reward/feet_flat: -0.0086
         Episode_Reward/self_collisions: -0.0019
     Episode_Reward/neck_action_rate_l2: -0.0157
        Episode_Reward/joint_torques_l2: -0.0000
        Episode_Metrics/mean_action_acc: 0.7280
          Curriculum/action_rate_weight: -0.5000
                   Curriculum/com_range: 0.0030
              Curriculum/head_com_range: 0.0030
           Episode_Termination/time_out: 0.0000
          Episode_Termination/fell_over: 132.7917
Episode_Termination/out_of_terrain_bounds: 0.0000
          Episode_Termination/nan_state: 0.0000
          Metrics/angular_momentum_mean: 0.0104
--------------------------------------------------------------------------------
                         Iteration time: 3.01s
                           Time elapsed: 00:02:08
                                    ETA: 00:48:44

################################################################################
[1m                           Learning iteration 42/1000                           [0m 

                               Run name: dynamic-gate-4096x1000-20260901
                            Total steps: 4227072 
                       Steps per second: 32395 
                        Collection time: 2.838s 
                          Learning time: 0.196s 
                        Mean value loss: 0.0849
                    Mean surrogate loss: -0.0103
                      Mean entropy loss: 8.6322
                            Mean reward: 3.72
                    Mean episode length: 30.89
                        Mean action std: 0.45
                 Episode_Reward/upright: 0.0347
            Episode_Reward/body_ang_vel: -0.0170
        Episode_Reward/angular_momentum: -0.0000
          Episode_Reward/action_rate_l2: -0.0719
       Episode_Reward/crouch_glide_pose: 0.1059
    Episode_Reward/crouch_glide_pose_l1: -0.0250
           Episode_Reward/forward_speed: 0.0438
  Episode_Reward/forward_speed_tracking: 0.0812
            Episode_Reward/heading_hold: 0.0481
     Episode_Reward/crouch_forward_lean: 0.0024
               Episode_Reward/feet_flat: -0.0091
         Episode_Reward/self_collisions: -0.0019
     Episode_Reward/neck_action_rate_l2: -0.0157
        Episode_Reward/joint_torques_l2: -0.0000
        Episode_Metrics/mean_action_acc: 0.7189
          Curriculum/action_rate_weight: -0.5000
                   Curriculum/com_range: 0.0030
              Curriculum/head_com_range: 0.0030
           Episode_Termination/time_out: 0.0000
          Episode_Termination/fell_over: 127.1667
Episode_Termination/out_of_terrain_bounds: 0.0000
          Episode_Termination/nan_state: 0.0000
          Metrics/angular_momentum_mean: 0.0101
--------------------------------------------------------------------------------
                         Iteration time: 3.03s
                           Time elapsed: 00:02:11
                                    ETA: 00:48:40

################################################################################
[1m                           Learning iteration 43/1000                           [0m 

                               Run name: dynamic-gate-4096x1000-20260901
                            Total steps: 4325376 
                       Steps per second: 32506 
                        Collection time: 2.831s 
                          Learning time: 0.194s 
                        Mean value loss: 0.0787
                    Mean surrogate loss: -0.0125
                      Mean entropy loss: 8.4790
                            Mean reward: 4.00
                    Mean episode length: 33.94
                        Mean action std: 0.44
                 Episode_Reward/upright: 0.0366
            Episode_Reward/body_ang_vel: -0.0172
        Episode_Reward/angular_momentum: -0.0000
          Episode_Reward/action_rate_l2: -0.0729
       Episode_Reward/crouch_glide_pose: 0.1103
    Episode_Reward/crouch_glide_pose_l1: -0.0262
           Episode_Reward/forward_speed: 0.0455
  Episode_Reward/forward_speed_tracking: 0.0836
            Episode_Reward/heading_hold: 0.0497
     Episode_Reward/crouch_forward_lean: 0.0027
               Episode_Reward/feet_flat: -0.0096
         Episode_Reward/self_collisions: -0.0019
     Episode_Reward/neck_action_rate_l2: -0.0159
        Episode_Reward/joint_torques_l2: -0.0000
        Episode_Metrics/mean_action_acc: 0.7094
          Curriculum/action_rate_weight: -0.5000
                   Curriculum/com_range: 0.0030
              Curriculum/head_com_range: 0.0030
           Episode_Termination/time_out: 0.0000
          Episode_Termination/fell_over: 121.2083
Episode_Termination/out_of_terrain_bounds: 0.0000
          Episode_Termination/nan_state: 0.0000
          Metrics/angular_momentum_mean: 0.0099
--------------------------------------------------------------------------------
                         Iteration time: 3.02s
                           Time elapsed: 00:02:14
                                    ETA: 00:48:37

################################################################################
[1m                           Learning iteration 44/1000                           [0m 

                               Run name: dynamic-gate-4096x1000-20260901
                            Total steps: 4423680 
                       Steps per second: 33215 
                        Collection time: 2.769s 
                          Learning time: 0.190s 
                        Mean value loss: 0.0868
                    Mean surrogate loss: -0.0113
                      Mean entropy loss: 8.3246
                            Mean reward: 3.76
                    Mean episode length: 33.82
                        Mean action std: 0.44
                 Episode_Reward/upright: 0.0384
            Episode_Reward/body_ang_vel: -0.0170
        Episode_Reward/angular_momentum: -0.0000
          Episode_Reward/action_rate_l2: -0.0739
       Episode_Reward/crouch_glide_pose: 0.1148
    Episode_Reward/crouch_glide_pose_l1: -0.0271
           Episode_Reward/forward_speed: 0.0478
  Episode_Reward/forward_speed_tracking: 0.0873
            Episode_Reward/heading_hold: 0.0511
     Episode_Reward/crouch_forward_lean: 0.0030
               Episode_Reward/feet_flat: -0.0100
         Episode_Reward/self_collisions: -0.0020
     Episode_Reward/neck_action_rate_l2: -0.0162
        Episode_Reward/joint_torques_l2: -0.0000
        Episode_Metrics/mean_action_acc: 0.7025
          Curriculum/action_rate_weight: -0.5000
                   Curriculum/com_range: 0.0030
              Curriculum/head_com_range: 0.0030
           Episode_Termination/time_out: 0.0000
          Episode_Termination/fell_over: 122.0417
Episode_Termination/out_of_terrain_bounds: 0.0000
          Episode_Termination/nan_state: 0.0000
          Metrics/angular_momentum_mean: 0.0099
--------------------------------------------------------------------------------
                         Iteration time: 2.96s
                           Time elapsed: 00:02:17
                                    ETA: 00:48:32

################################################################################
[1m                           Learning iteration 45/1000                           [0m 

                               Run name: dynamic-gate-4096x1000-20260901
                            Total steps: 4521984 
                       Steps per second: 29799 
                        Collection time: 3.042s 
                          Learning time: 0.257s 
                        Mean value loss: 0.0968
                    Mean surrogate loss: -0.0110
                      Mean entropy loss: 8.1890
                            Mean reward: 4.20
                    Mean episode length: 36.01
                        Mean action std: 0.43
                 Episode_Reward/upright: 0.0394
            Episode_Reward/body_ang_vel: -0.0171
        Episode_Reward/angular_momentum: -0.0000
          Episode_Reward/action_rate_l2: -0.0737
       Episode_Reward/crouch_glide_pose: 0.1173
    Episode_Reward/crouch_glide_pose_l1: -0.0275
           Episode_Reward/forward_speed: 0.0488
  Episode_Reward/forward_speed_tracking: 0.0899
            Episode_Reward/heading_hold: 0.0516
     Episode_Reward/crouch_forward_lean: 0.0032
               Episode_Reward/feet_flat: -0.0105
         Episode_Reward/self_collisions: -0.0020
     Episode_Reward/neck_action_rate_l2: -0.0162
        Episode_Reward/joint_torques_l2: -0.0000
        Episode_Metrics/mean_action_acc: 0.6949
          Curriculum/action_rate_weight: -0.5000
                   Curriculum/com_range: 0.0030
              Curriculum/head_com_range: 0.0030
           Episode_Termination/time_out: 0.0000
          Episode_Termination/fell_over: 116.5833
Episode_Termination/out_of_terrain_bounds: 0.0000
          Episode_Termination/nan_state: 0.0000
          Metrics/angular_momentum_mean: 0.0096
--------------------------------------------------------------------------------
                         Iteration time: 3.30s
                           Time elapsed: 00:02:20
                                    ETA: 00:48:34

################################################################################
[1m                           Learning iteration 46/1000                           [0m 

                               Run name: dynamic-gate-4096x1000-20260901
                            Total steps: 4620288 
                       Steps per second: 31459 
                        Collection time: 2.918s 
                          Learning time: 0.206s 
                        Mean value loss: 0.1017
                    Mean surrogate loss: -0.0116
                      Mean entropy loss: 8.0361
                            Mean reward: 4.26
                    Mean episode length: 34.60
                        Mean action std: 0.43
                 Episode_Reward/upright: 0.0416
            Episode_Reward/body_ang_vel: -0.0174
        Episode_Reward/angular_momentum: -0.0000
          Episode_Reward/action_rate_l2: -0.0756
       Episode_Reward/crouch_glide_pose: 0.1215
    Episode_Reward/crouch_glide_pose_l1: -0.0287
           Episode_Reward/forward_speed: 0.0498
  Episode_Reward/forward_speed_tracking: 0.0905
            Episode_Reward/heading_hold: 0.0529
     Episode_Reward/crouch_forward_lean: 0.0035
               Episode_Reward/feet_flat: -0.0109
         Episode_Reward/self_collisions: -0.0019
     Episode_Reward/neck_action_rate_l2: -0.0166
        Episode_Reward/joint_torques_l2: -0.0000
        Episode_Metrics/mean_action_acc: 0.6909
          Curriculum/action_rate_weight: -0.5000
                   Curriculum/com_range: 0.0030
              Curriculum/head_com_range: 0.0030
           Episode_Termination/time_out: 0.0000
          Episode_Termination/fell_over: 110.8333
Episode_Termination/out_of_terrain_bounds: 0.0000
          Episode_Termination/nan_state: 0.0000
          Metrics/angular_momentum_mean: 0.0094
--------------------------------------------------------------------------------
                         Iteration time: 3.12s
                           Time elapsed: 00:02:23
                                    ETA: 00:48:32

################################################################################
[1m                           Learning iteration 47/1000                           [0m 

                               Run name: dynamic-gate-4096x1000-20260901
                            Total steps: 4718592 
                       Steps per second: 31273 
                        Collection time: 2.955s 
                          Learning time: 0.188s 
                        Mean value loss: 0.1093
                    Mean surrogate loss: -0.0106
                      Mean entropy loss: 7.8704
                            Mean reward: 4.47
                    Mean episode length: 40.11
                        Mean action std: 0.42
                 Episode_Reward/upright: 0.0439
            Episode_Reward/body_ang_vel: -0.0176
        Episode_Reward/angular_momentum: -0.0000
          Episode_Reward/action_rate_l2: -0.0773
       Episode_Reward/crouch_glide_pose: 0.1270
    Episode_Reward/crouch_glide_pose_l1: -0.0298
           Episode_Reward/forward_speed: 0.0517
  Episode_Reward/forward_speed_tracking: 0.0932
            Episode_Reward/heading_hold: 0.0548
     Episode_Reward/crouch_forward_lean: 0.0040
               Episode_Reward/feet_flat: -0.0114
         Episode_Reward/self_collisions: -0.0019
     Episode_Reward/neck_action_rate_l2: -0.0169
        Episode_Reward/joint_torques_l2: -0.0000
        Episode_Metrics/mean_action_acc: 0.6858
          Curriculum/action_rate_weight: -0.5000
                   Curriculum/com_range: 0.0030
              Curriculum/head_com_range: 0.0030
           Episode_Termination/time_out: 0.0000
          Episode_Termination/fell_over: 106.5417
Episode_Termination/out_of_terrain_bounds: 0.0000
          Episode_Termination/nan_state: 0.0000
          Metrics/angular_momentum_mean: 0.0092
--------------------------------------------------------------------------------
                         Iteration time: 3.14s
                           Time elapsed: 00:02:26
                                    ETA: 00:48:31

################################################################################
[1m                           Learning iteration 48/1000                           [0m 

                               Run name: dynamic-gate-4096x1000-20260901
                            Total steps: 4816896 
                       Steps per second: 32530 
                        Collection time: 2.820s 
                          Learning time: 0.202s 
                        Mean value loss: 0.1121
                    Mean surrogate loss: -0.0101
                      Mean entropy loss: 7.7257
                            Mean reward: 4.93
                    Mean episode length: 40.80
                        Mean action std: 0.42
                 Episode_Reward/upright: 0.0469
            Episode_Reward/body_ang_vel: -0.0180
        Episode_Reward/angular_momentum: -0.0000
          Episode_Reward/action_rate_l2: -0.0792
       Episode_Reward/crouch_glide_pose: 0.1328
    Episode_Reward/crouch_glide_pose_l1: -0.0311
           Episode_Reward/forward_speed: 0.0537
  Episode_Reward/forward_speed_tracking: 0.0954
            Episode_Reward/heading_hold: 0.0563
     Episode_Reward/crouch_forward_lean: 0.0047
               Episode_Reward/feet_flat: -0.0118
         Episode_Reward/self_collisions: -0.0018
     Episode_Reward/neck_action_rate_l2: -0.0173
        Episode_Reward/joint_torques_l2: -0.0000
        Episode_Metrics/mean_action_acc: 0.6795
          Curriculum/action_rate_weight: -0.5000
                   Curriculum/com_range: 0.0030
              Curriculum/head_com_range: 0.0030
           Episode_Termination/time_out: 0.0000
          Episode_Termination/fell_over: 103.5000
Episode_Termination/out_of_terrain_bounds: 0.0000
          Episode_Termination/nan_state: 0.0000
          Metrics/angular_momentum_mean: 0.0090
--------------------------------------------------------------------------------
                         Iteration time: 3.02s
                           Time elapsed: 00:02:29
                                    ETA: 00:48:27

################################################################################
[1m                           Learning iteration 49/1000                           [0m 

                               Run name: dynamic-gate-4096x1000-20260901
                            Total steps: 4915200 
                       Steps per second: 32526 
                        Collection time: 2.832s 
                          Learning time: 0.191s 
                        Mean value loss: 0.1210
                    Mean surrogate loss: -0.0094
                      Mean entropy loss: 7.5945
                            Mean reward: 4.82
                    Mean episode length: 40.09
                        Mean action std: 0.42
                 Episode_Reward/upright: 0.0499
            Episode_Reward/body_ang_vel: -0.0183
        Episode_Reward/angular_momentum: -0.0000
          Episode_Reward/action_rate_l2: -0.0813
       Episode_Reward/crouch_glide_pose: 0.1390
    Episode_Reward/crouch_glide_pose_l1: -0.0327
           Episode_Reward/forward_speed: 0.0555
  Episode_Reward/forward_speed_tracking: 0.0976
            Episode_Reward/heading_hold: 0.0579
     Episode_Reward/crouch_forward_lean: 0.0054
               Episode_Reward/feet_flat: -0.0124
         Episode_Reward/self_collisions: -0.0019
     Episode_Reward/neck_action_rate_l2: -0.0176
        Episode_Reward/joint_torques_l2: -0.0000
        Episode_Metrics/mean_action_acc: 0.6730
          Curriculum/action_rate_weight: -0.5000
                   Curriculum/com_range: 0.0030
              Curriculum/head_com_range: 0.0030
           Episode_Termination/time_out: 0.0000
          Episode_Termination/fell_over: 95.7500
Episode_Termination/out_of_terrain_bounds: 0.0000
          Episode_Termination/nan_state: 0.0000
          Metrics/angular_momentum_mean: 0.0086
--------------------------------------------------------------------------------
                         Iteration time: 3.02s
                           Time elapsed: 00:02:32
                                    ETA: 00:48:23

################################################################################
[1m                           Learning iteration 50/1000                           [0m 

                               Run name: dynamic-gate-4096x1000-20260901
                            Total steps: 5013504 
                       Steps per second: 32757 
                        Collection time: 2.811s 
                          Learning time: 0.190s 
                        Mean value loss: 0.1321
                    Mean surrogate loss: -0.0110
                      Mean entropy loss: 7.4841
                            Mean reward: 4.94
                    Mean episode length: 42.74
                        Mean action std: 0.41
                 Episode_Reward/upright: 0.0543
            Episode_Reward/body_ang_vel: -0.0186
        Episode_Reward/angular_momentum: -0.0000
          Episode_Reward/action_rate_l2: -0.0850
       Episode_Reward/crouch_glide_pose: 0.1468
    Episode_Reward/crouch_glide_pose_l1: -0.0349
           Episode_Reward/forward_speed: 0.0576
  Episode_Reward/forward_speed_tracking: 0.0996
            Episode_Reward/heading_hold: 0.0605
     Episode_Reward/crouch_forward_lean: 0.0067
               Episode_Reward/feet_flat: -0.0129
         Episode_Reward/self_collisions: -0.0019
     Episode_Reward/neck_action_rate_l2: -0.0185
        Episode_Reward/joint_torques_l2: -0.0000
        Episode_Metrics/mean_action_acc: 0.6692
          Curriculum/action_rate_weight: -0.5000
                   Curriculum/com_range: 0.0030
              Curriculum/head_com_range: 0.0030
           Episode_Termination/time_out: 0.0000
          Episode_Termination/fell_over: 88.5417
Episode_Termination/out_of_terrain_bounds: 0.0000
          Episode_Termination/nan_state: 0.0000
          Metrics/angular_momentum_mean: 0.0084
--------------------------------------------------------------------------------
                         Iteration time: 3.00s
                           Time elapsed: 00:02:35
                                    ETA: 00:48:19

################################################################################
[1m                           Learning iteration 51/1000                           [0m 

                               Run name: dynamic-gate-4096x1000-20260901
                            Total steps: 5111808 
                       Steps per second: 32683 
                        Collection time: 2.819s 
                          Learning time: 0.189s 
                        Mean value loss: 0.1469
                    Mean surrogate loss: -0.0106
                      Mean entropy loss: 7.3770
                            Mean reward: 5.68
                    Mean episode length: 47.75
                        Mean action std: 0.41
                 Episode_Reward/upright: 0.0594
            Episode_Reward/body_ang_vel: -0.0192
        Episode_Reward/angular_momentum: -0.0000
          Episode_Reward/action_rate_l2: -0.0893
       Episode_Reward/crouch_glide_pose: 0.1557
    Episode_Reward/crouch_glide_pose_l1: -0.0376
           Episode_Reward/forward_speed: 0.0600
  Episode_Reward/forward_speed_tracking: 0.1014
            Episode_Reward/heading_hold: 0.0638
     Episode_Reward/crouch_forward_lean: 0.0079
               Episode_Reward/feet_flat: -0.0136
         Episode_Reward/self_collisions: -0.0020
     Episode_Reward/neck_action_rate_l2: -0.0193
        Episode_Reward/joint_torques_l2: -0.0000
        Episode_Metrics/mean_action_acc: 0.6662
          Curriculum/action_rate_weight: -0.5000
                   Curriculum/com_range: 0.0030
              Curriculum/head_com_range: 0.0030
           Episode_Termination/time_out: 0.0000
          Episode_Termination/fell_over: 82.4583
Episode_Termination/out_of_terrain_bounds: 0.0000
          Episode_Termination/nan_state: 0.0000
          Metrics/angular_momentum_mean: 0.0080
--------------------------------------------------------------------------------
                         Iteration time: 3.01s
                           Time elapsed: 00:02:38
                                    ETA: 00:48:15

################################################################################
[1m                           Learning iteration 52/1000                           [0m 

                               Run name: dynamic-gate-4096x1000-20260901
                            Total steps: 5210112 
                       Steps per second: 31595 
                        Collection time: 2.919s 
                          Learning time: 0.193s 
                        Mean value loss: 0.1580
                    Mean surrogate loss: -0.0086
                      Mean entropy loss: 7.2672
                            Mean reward: 5.64
                    Mean episode length: 48.18
                        Mean action std: 0.41
                 Episode_Reward/upright: 0.0637
            Episode_Reward/body_ang_vel: -0.0198
        Episode_Reward/angular_momentum: -0.0000
          Episode_Reward/action_rate_l2: -0.0931
       Episode_Reward/crouch_glide_pose: 0.1640
    Episode_Reward/crouch_glide_pose_l1: -0.0395
           Episode_Reward/forward_speed: 0.0626
  Episode_Reward/forward_speed_tracking: 0.1045
            Episode_Reward/heading_hold: 0.0653
     Episode_Reward/crouch_forward_lean: 0.0091
               Episode_Reward/feet_flat: -0.0141
         Episode_Reward/self_collisions: -0.0019
     Episode_Reward/neck_action_rate_l2: -0.0199
        Episode_Reward/joint_torques_l2: -0.0000
        Episode_Metrics/mean_action_acc: 0.6631
          Curriculum/action_rate_weight: -0.5000
                   Curriculum/com_range: 0.0030
              Curriculum/head_com_range: 0.0030
           Episode_Termination/time_out: 0.0000
          Episode_Termination/fell_over: 76.6667
Episode_Termination/out_of_terrain_bounds: 0.0000
          Episode_Termination/nan_state: 0.0000
          Metrics/angular_momentum_mean: 0.0077
--------------------------------------------------------------------------------
                         Iteration time: 3.11s
                           Time elapsed: 00:02:41
                                    ETA: 00:48:13

################################################################################
[1m                           Learning iteration 53/1000                           [0m 

                               Run name: dynamic-gate-4096x1000-20260901
                            Total steps: 5308416 
                       Steps per second: 32911 
                        Collection time: 2.793s 
                          Learning time: 0.194s 
                        Mean value loss: 0.1593
                    Mean surrogate loss: -0.0085
                      Mean entropy loss: 7.1591
                            Mean reward: 6.00
                    Mean episode length: 52.80
                        Mean action std: 0.40
                 Episode_Reward/upright: 0.0714
            Episode_Reward/body_ang_vel: -0.0206
        Episode_Reward/angular_momentum: -0.0000
          Episode_Reward/action_rate_l2: -0.0999
       Episode_Reward/crouch_glide_pose: 0.1777
    Episode_Reward/crouch_glide_pose_l1: -0.0431
           Episode_Reward/forward_speed: 0.0641
  Episode_Reward/forward_speed_tracking: 0.1030
            Episode_Reward/heading_hold: 0.0693
     Episode_Reward/crouch_forward_lean: 0.0109
               Episode_Reward/feet_flat: -0.0145
         Episode_Reward/self_collisions: -0.0021
     Episode_Reward/neck_action_rate_l2: -0.0213
        Episode_Reward/joint_torques_l2: -0.0000
        Episode_Metrics/mean_action_acc: 0.6609
          Curriculum/action_rate_weight: -0.5000
                   Curriculum/com_range: 0.0030
              Curriculum/head_com_range: 0.0030
           Episode_Termination/time_out: 0.0000
          Episode_Termination/fell_over: 65.2500
Episode_Termination/out_of_terrain_bounds: 0.0000
          Episode_Termination/nan_state: 0.0000
          Metrics/angular_momentum_mean: 0.0072
--------------------------------------------------------------------------------
                         Iteration time: 2.99s
                           Time elapsed: 00:02:44
                                    ETA: 00:48:09

################################################################################
[1m                           Learning iteration 54/1000                           [0m 

                               Run name: dynamic-gate-4096x1000-20260901
                            Total steps: 5406720 
                       Steps per second: 33239 
                        Collection time: 2.772s 
                          Learning time: 0.186s 
                        Mean value loss: 0.1658
                    Mean surrogate loss: -0.0096
                      Mean entropy loss: 7.0677
                            Mean reward: 6.50
                    Mean episode length: 56.39
                        Mean action std: 0.40
                 Episode_Reward/upright: 0.0829
            Episode_Reward/body_ang_vel: -0.0217
        Episode_Reward/angular_momentum: -0.0000
          Episode_Reward/action_rate_l2: -0.1115
       Episode_Reward/crouch_glide_pose: 0.1994
    Episode_Reward/crouch_glide_pose_l1: -0.0490
           Episode_Reward/forward_speed: 0.0695
  Episode_Reward/forward_speed_tracking: 0.1077
            Episode_Reward/heading_hold: 0.0756
     Episode_Reward/crouch_forward_lean: 0.0136
               Episode_Reward/feet_flat: -0.0149
         Episode_Reward/self_collisions: -0.0021
     Episode_Reward/neck_action_rate_l2: -0.0235
        Episode_Reward/joint_torques_l2: -0.0000
        Episode_Metrics/mean_action_acc: 0.6587
          Curriculum/action_rate_weight: -0.5000
                   Curriculum/com_range: 0.0030
              Curriculum/head_com_range: 0.0030
           Episode_Termination/time_out: 0.0000
          Episode_Termination/fell_over: 58.5417
Episode_Termination/out_of_terrain_bounds: 0.0000
          Episode_Termination/nan_state: 0.0000
          Metrics/angular_momentum_mean: 0.0070
--------------------------------------------------------------------------------
                         Iteration time: 2.96s
                           Time elapsed: 00:02:47
                                    ETA: 00:48:04

################################################################################
[1m                           Learning iteration 55/1000                           [0m 

                               Run name: dynamic-gate-4096x1000-20260901
                            Total steps: 5505024 
                       Steps per second: 32239 
                        Collection time: 2.842s 
                          Learning time: 0.207s 
                        Mean value loss: 0.1657
                    Mean surrogate loss: -0.0070
                      Mean entropy loss: 6.9696
                            Mean reward: 6.60
                    Mean episode length: 62.88
                        Mean action std: 0.40
                 Episode_Reward/upright: 0.0926
            Episode_Reward/body_ang_vel: -0.0226
        Episode_Reward/angular_momentum: -0.0000
          Episode_Reward/action_rate_l2: -0.1215
       Episode_Reward/crouch_glide_pose: 0.2188
    Episode_Reward/crouch_glide_pose_l1: -0.0540
           Episode_Reward/forward_speed: 0.0715
  Episode_Reward/forward_speed_tracking: 0.1054
            Episode_Reward/heading_hold: 0.0796
     Episode_Reward/crouch_forward_lean: 0.0154
               Episode_Reward/feet_flat: -0.0151
         Episode_Reward/self_collisions: -0.0022
     Episode_Reward/neck_action_rate_l2: -0.0254
        Episode_Reward/joint_torques_l2: -0.0000
        Episode_Metrics/mean_action_acc: 0.6557
          Curriculum/action_rate_weight: -0.5000
                   Curriculum/com_range: 0.0030
              Curriculum/head_com_range: 0.0030
           Episode_Termination/time_out: 0.0000
          Episode_Termination/fell_over: 54.4583
Episode_Termination/out_of_terrain_bounds: 0.0000
          Episode_Termination/nan_state: 0.0000
          Metrics/angular_momentum_mean: 0.0068
--------------------------------------------------------------------------------
                         Iteration time: 3.05s
                           Time elapsed: 00:02:50
                                    ETA: 00:48:01

################################################################################
[1m                           Learning iteration 56/1000                           [0m 

                               Run name: dynamic-gate-4096x1000-20260901
                            Total steps: 5603328 
                       Steps per second: 31703 
                        Collection time: 2.906s 
                          Learning time: 0.195s 
                        Mean value loss: 0.1686
                    Mean surrogate loss: -0.0049
                      Mean entropy loss: 6.8973
                            Mean reward: 7.46
                    Mean episode length: 75.53
                        Mean action std: 0.40
                 Episode_Reward/upright: 0.1025
            Episode_Reward/body_ang_vel: -0.0236
        Episode_Reward/angular_momentum: -0.0000
          Episode_Reward/action_rate_l2: -0.1310
       Episode_Reward/crouch_glide_pose: 0.2383
    Episode_Reward/crouch_glide_pose_l1: -0.0588
           Episode_Reward/forward_speed: 0.0760
  Episode_Reward/forward_speed_tracking: 0.1088
            Episode_Reward/heading_hold: 0.0852
     Episode_Reward/crouch_forward_lean: 0.0175
               Episode_Reward/feet_flat: -0.0163
         Episode_Reward/self_collisions: -0.0023
     Episode_Reward/neck_action_rate_l2: -0.0273
        Episode_Reward/joint_torques_l2: -0.0000
        Episode_Metrics/mean_action_acc: 0.6531
          Curriculum/action_rate_weight: -0.5000
                   Curriculum/com_range: 0.0030
              Curriculum/head_com_range: 0.0030
           Episode_Termination/time_out: 0.0000
          Episode_Termination/fell_over: 48.1667
Episode_Termination/out_of_terrain_bounds: 0.0000
          Episode_Termination/nan_state: 0.0000
          Metrics/angular_momentum_mean: 0.0064
--------------------------------------------------------------------------------
                         Iteration time: 3.10s
                           Time elapsed: 00:02:54
                                    ETA: 00:47:59

################################################################################
[1m                           Learning iteration 57/1000                           [0m 

                               Run name: dynamic-gate-4096x1000-20260901
                            Total steps: 5701632 
                       Steps per second: 33264 
                        Collection time: 2.766s 
                          Learning time: 0.189s 
                        Mean value loss: 0.1776
                    Mean surrogate loss: -0.0083
                      Mean entropy loss: 6.8319
                            Mean reward: 7.80
                    Mean episode length: 76.43
                        Mean action std: 0.39
                 Episode_Reward/upright: 0.1106
            Episode_Reward/body_ang_vel: -0.0247
        Episode_Reward/angular_momentum: -0.0000
          Episode_Reward/action_rate_l2: -0.1398
       Episode_Reward/crouch_glide_pose: 0.2567
    Episode_Reward/crouch_glide_pose_l1: -0.0624
           Episode_Reward/forward_speed: 0.0782
  Episode_Reward/forward_speed_tracking: 0.1089
            Episode_Reward/heading_hold: 0.0893
     Episode_Reward/crouch_forward_lean: 0.0197
               Episode_Reward/feet_flat: -0.0175
         Episode_Reward/self_collisions: -0.0024
     Episode_Reward/neck_action_rate_l2: -0.0291
        Episode_Reward/joint_torques_l2: -0.0001
        Episode_Metrics/mean_action_acc: 0.6507
          Curriculum/action_rate_weight: -0.5000
                   Curriculum/com_range: 0.0030
              Curriculum/head_com_range: 0.0030
           Episode_Termination/time_out: 0.0000
          Episode_Termination/fell_over: 45.3750
Episode_Termination/out_of_terrain_bounds: 0.0000
          Episode_Termination/nan_state: 0.0000
          Metrics/angular_momentum_mean: 0.0062
--------------------------------------------------------------------------------
                         Iteration time: 2.96s
                           Time elapsed: 00:02:56
                                    ETA: 00:47:54

################################################################################
[1m                           Learning iteration 58/1000                           [0m 

                               Run name: dynamic-gate-4096x1000-20260901
                            Total steps: 5799936 
                       Steps per second: 31143 
                        Collection time: 2.962s 
                          Learning time: 0.195s 
                        Mean value loss: 0.2058
                    Mean surrogate loss: -0.0076
                      Mean entropy loss: 6.7533
                            Mean reward: 8.39
                    Mean episode length: 83.73
                        Mean action std: 0.39
                 Episode_Reward/upright: 0.1214
            Episode_Reward/body_ang_vel: -0.0256
        Episode_Reward/angular_momentum: -0.0000
          Episode_Reward/action_rate_l2: -0.1511
       Episode_Reward/crouch_glide_pose: 0.2798
    Episode_Reward/crouch_glide_pose_l1: -0.0668
           Episode_Reward/forward_speed: 0.0815
  Episode_Reward/forward_speed_tracking: 0.1098
            Episode_Reward/heading_hold: 0.0947
     Episode_Reward/crouch_forward_lean: 0.0214
               Episode_Reward/feet_flat: -0.0187
         Episode_Reward/self_collisions: -0.0026
     Episode_Reward/neck_action_rate_l2: -0.0312
        Episode_Reward/joint_torques_l2: -0.0001
        Episode_Metrics/mean_action_acc: 0.6498
          Curriculum/action_rate_weight: -0.5000
                   Curriculum/com_range: 0.0030
              Curriculum/head_com_range: 0.0030
           Episode_Termination/time_out: 0.0000
          Episode_Termination/fell_over: 38.2083
Episode_Termination/out_of_terrain_bounds: 0.0000
          Episode_Termination/nan_state: 0.0000
          Metrics/angular_momentum_mean: 0.0059
--------------------------------------------------------------------------------
                         Iteration time: 3.16s
                           Time elapsed: 00:03:00
                                    ETA: 00:47:53

################################################################################
[1m                           Learning iteration 59/1000                           [0m 

                               Run name: dynamic-gate-4096x1000-20260901
                            Total steps: 5898240 
                       Steps per second: 31277 
                        Collection time: 2.950s 
                          Learning time: 0.193s 
                        Mean value loss: 0.2119
                    Mean surrogate loss: -0.0047
                      Mean entropy loss: 6.6877
                            Mean reward: 9.25
                    Mean episode length: 92.55
                        Mean action std: 0.39
                 Episode_Reward/upright: 0.1352
            Episode_Reward/body_ang_vel: -0.0269
        Episode_Reward/angular_momentum: -0.0000
          Episode_Reward/action_rate_l2: -0.1668
       Episode_Reward/crouch_glide_pose: 0.3120
    Episode_Reward/crouch_glide_pose_l1: -0.0728
           Episode_Reward/forward_speed: 0.0867
  Episode_Reward/forward_speed_tracking: 0.1120
            Episode_Reward/heading_hold: 0.1018
     Episode_Reward/crouch_forward_lean: 0.0231
               Episode_Reward/feet_flat: -0.0201
         Episode_Reward/self_collisions: -0.0028
     Episode_Reward/neck_action_rate_l2: -0.0343
        Episode_Reward/joint_torques_l2: -0.0001
        Episode_Metrics/mean_action_acc: 0.6488
          Curriculum/action_rate_weight: -0.5000
                   Curriculum/com_range: 0.0030
              Curriculum/head_com_range: 0.0030
           Episode_Termination/time_out: 0.0000
          Episode_Termination/fell_over: 35.5000
Episode_Termination/out_of_terrain_bounds: 0.0000
          Episode_Termination/nan_state: 0.0000
          Metrics/angular_momentum_mean: 0.0057
--------------------------------------------------------------------------------
                         Iteration time: 3.14s
                           Time elapsed: 00:03:03
                                    ETA: 00:47:51

################################################################################
[1m                           Learning iteration 60/1000                           [0m 

                               Run name: dynamic-gate-4096x1000-20260901
                            Total steps: 5996544 
                       Steps per second: 33025 
                        Collection time: 2.785s 
                          Learning time: 0.192s 
                        Mean value loss: 0.2298
                    Mean surrogate loss: -0.0059
                      Mean entropy loss: 6.6193
                            Mean reward: 9.63
                    Mean episode length: 101.90
                        Mean action std: 0.39
                 Episode_Reward/upright: 0.1497
            Episode_Reward/body_ang_vel: -0.0284
        Episode_Reward/angular_momentum: -0.0000
          Episode_Reward/action_rate_l2: -0.1818
       Episode_Reward/crouch_glide_pose: 0.3435
    Episode_Reward/crouch_glide_pose_l1: -0.0790
           Episode_Reward/forward_speed: 0.0908
  Episode_Reward/forward_speed_tracking: 0.1136
            Episode_Reward/heading_hold: 0.1115
     Episode_Reward/crouch_forward_lean: 0.0252
               Episode_Reward/feet_flat: -0.0215
         Episode_Reward/self_collisions: -0.0033
     Episode_Reward/neck_action_rate_l2: -0.0373
        Episode_Reward/joint_torques_l2: -0.0001
        Episode_Metrics/mean_action_acc: 0.6485
          Curriculum/action_rate_weight: -0.5000
                   Curriculum/com_range: 0.0030
              Curriculum/head_com_range: 0.0030
           Episode_Termination/time_out: 0.0000
          Episode_Termination/fell_over: 29.4583
Episode_Termination/out_of_terrain_bounds: 0.0000
          Episode_Termination/nan_state: 0.0000
          Metrics/angular_momentum_mean: 0.0053
--------------------------------------------------------------------------------
                         Iteration time: 2.98s
                           Time elapsed: 00:03:06
                                    ETA: 00:47:47

################################################################################
[1m                           Learning iteration 61/1000                           [0m 

                               Run name: dynamic-gate-4096x1000-20260901
                            Total steps: 6094848 
                       Steps per second: 32466 
                        Collection time: 2.836s 
                          Learning time: 0.192s 
                        Mean value loss: 0.2575
                    Mean surrogate loss: -0.0054
                      Mean entropy loss: 6.5594
                            Mean reward: 9.98
                    Mean episode length: 101.92
                        Mean action std: 0.39
                 Episode_Reward/upright: 0.1510
            Episode_Reward/body_ang_vel: -0.0283
        Episode_Reward/angular_momentum: -0.0000
          Episode_Reward/action_rate_l2: -0.1826
       Episode_Reward/crouch_glide_pose: 0.3494
    Episode_Reward/crouch_glide_pose_l1: -0.0774
           Episode_Reward/forward_speed: 0.0906
  Episode_Reward/forward_speed_tracking: 0.1103
            Episode_Reward/heading_hold: 0.1054
     Episode_Reward/crouch_forward_lean: 0.0243
               Episode_Reward/feet_flat: -0.0219
         Episode_Reward/self_collisions: -0.0028
     Episode_Reward/neck_action_rate_l2: -0.0375
        Episode_Reward/joint_torques_l2: -0.0001
        Episode_Metrics/mean_action_acc: 0.6477
          Curriculum/action_rate_weight: -0.5000
                   Curriculum/com_range: 0.0030
              Curriculum/head_com_range: 0.0030
           Episode_Termination/time_out: 0.0000
          Episode_Termination/fell_over: 26.3750
Episode_Termination/out_of_terrain_bounds: 0.0000
          Episode_Termination/nan_state: 0.0000
          Metrics/angular_momentum_mean: 0.0050
--------------------------------------------------------------------------------
                         Iteration time: 3.03s
                           Time elapsed: 00:03:09
                                    ETA: 00:47:43

################################################################################
[1m                           Learning iteration 62/1000                           [0m 

                               Run name: dynamic-gate-4096x1000-20260901
                            Total steps: 6193152 
                       Steps per second: 32503 
                        Collection time: 2.835s 
                          Learning time: 0.189s 
                        Mean value loss: 0.2767
                    Mean surrogate loss: -0.0051
                      Mean entropy loss: 6.5166
                            Mean reward: 10.78
                    Mean episode length: 110.17
                        Mean action std: 0.39
                 Episode_Reward/upright: 0.1677
            Episode_Reward/body_ang_vel: -0.0289
        Episode_Reward/angular_momentum: -0.0000
          Episode_Reward/action_rate_l2: -0.1988
       Episode_Reward/crouch_glide_pose: 0.3828
    Episode_Reward/crouch_glide_pose_l1: -0.0847
           Episode_Reward/forward_speed: 0.0967
  Episode_Reward/forward_speed_tracking: 0.1187
            Episode_Reward/heading_hold: 0.1123
     Episode_Reward/crouch_forward_lean: 0.0260
               Episode_Reward/feet_flat: -0.0229
         Episode_Reward/self_collisions: -0.0031
     Episode_Reward/neck_action_rate_l2: -0.0406
        Episode_Reward/joint_torques_l2: -0.0001
        Episode_Metrics/mean_action_acc: 0.6459
          Curriculum/action_rate_weight: -0.5000
                   Curriculum/com_range: 0.0030
              Curriculum/head_com_range: 0.0030
           Episode_Termination/time_out: 0.0000
          Episode_Termination/fell_over: 21.4167
Episode_Termination/out_of_terrain_bounds: 0.0000
          Episode_Termination/nan_state: 0.0000
          Metrics/angular_momentum_mean: 0.0048
--------------------------------------------------------------------------------
                         Iteration time: 3.02s
                           Time elapsed: 00:03:12
                                    ETA: 00:47:40

################################################################################
[1m                           Learning iteration 63/1000                           [0m 

                               Run name: dynamic-gate-4096x1000-20260901
                            Total steps: 6291456 
                       Steps per second: 32170 
                        Collection time: 2.870s 
                          Learning time: 0.186s 
                        Mean value loss: 0.3451
                    Mean surrogate loss: -0.0059
                      Mean entropy loss: 6.4735
                            Mean reward: 12.09
                    Mean episode length: 134.00
                        Mean action std: 0.38
                 Episode_Reward/upright: 0.1902
            Episode_Reward/body_ang_vel: -0.0304
        Episode_Reward/angular_momentum: -0.0000
          Episode_Reward/action_rate_l2: -0.2241
       Episode_Reward/crouch_glide_pose: 0.4323
    Episode_Reward/crouch_glide_pose_l1: -0.0952
           Episode_Reward/forward_speed: 0.0996
  Episode_Reward/forward_speed_tracking: 0.1156
            Episode_Reward/heading_hold: 0.1282
     Episode_Reward/crouch_forward_lean: 0.0264
               Episode_Reward/feet_flat: -0.0244
         Episode_Reward/self_collisions: -0.0033
     Episode_Reward/neck_action_rate_l2: -0.0451
        Episode_Reward/joint_torques_l2: -0.0001
        Episode_Metrics/mean_action_acc: 0.6473
          Curriculum/action_rate_weight: -0.5000
                   Curriculum/com_range: 0.0030
              Curriculum/head_com_range: 0.0030
           Episode_Termination/time_out: 0.0000
          Episode_Termination/fell_over: 19.2083
Episode_Termination/out_of_terrain_bounds: 0.0000
          Episode_Termination/nan_state: 0.0000
          Metrics/angular_momentum_mean: 0.0046
--------------------------------------------------------------------------------
                         Iteration time: 3.06s
                           Time elapsed: 00:03:15
                                    ETA: 00:47:37

################################################################################
[1m                           Learning iteration 64/1000                           [0m 

                               Run name: dynamic-gate-4096x1000-20260901
                            Total steps: 6389760 
                       Steps per second: 32462 
                        Collection time: 2.840s 
                          Learning time: 0.189s 
                        Mean value loss: 0.3891
                    Mean surrogate loss: -0.0023
                      Mean entropy loss: 6.4470
                            Mean reward: 12.27
                    Mean episode length: 143.38
                        Mean action std: 0.38
                 Episode_Reward/upright: 0.2075
            Episode_Reward/body_ang_vel: -0.0312
        Episode_Reward/angular_momentum: -0.0000
          Episode_Reward/action_rate_l2: -0.2453
       Episode_Reward/crouch_glide_pose: 0.4736
    Episode_Reward/crouch_glide_pose_l1: -0.1034
           Episode_Reward/forward_speed: 0.1006
  Episode_Reward/forward_speed_tracking: 0.1135
            Episode_Reward/heading_hold: 0.1296
     Episode_Reward/crouch_forward_lean: 0.0272
               Episode_Reward/feet_flat: -0.0256
         Episode_Reward/self_collisions: -0.0036
     Episode_Reward/neck_action_rate_l2: -0.0497
        Episode_Reward/joint_torques_l2: -0.0001
        Episode_Metrics/mean_action_acc: 0.6490
          Curriculum/action_rate_weight: -0.5000
                   Curriculum/com_range: 0.0030
              Curriculum/head_com_range: 0.0030
           Episode_Termination/time_out: 0.0000
          Episode_Termination/fell_over: 19.9167
Episode_Termination/out_of_terrain_bounds: 0.0000
          Episode_Termination/nan_state: 0.0000
          Metrics/angular_momentum_mean: 0.0045
--------------------------------------------------------------------------------
                         Iteration time: 3.03s
                           Time elapsed: 00:03:18
                                    ETA: 00:47:34

################################################################################
[1m                           Learning iteration 65/1000                           [0m 

                               Run name: dynamic-gate-4096x1000-20260901
                            Total steps: 6488064 
                       Steps per second: 32875 
                        Collection time: 2.792s 
                          Learning time: 0.198s 
                        Mean value loss: 0.3217
                    Mean surrogate loss: -0.0040
                      Mean entropy loss: 6.4289
                            Mean reward: 10.65
                    Mean episode length: 118.43
                        Mean action std: 0.38
                 Episode_Reward/upright: 0.2014
            Episode_Reward/body_ang_vel: -0.0312
        Episode_Reward/angular_momentum: -0.0000
          Episode_Reward/action_rate_l2: -0.2405
       Episode_Reward/crouch_glide_pose: 0.4635
    Episode_Reward/crouch_glide_pose_l1: -0.1007
           Episode_Reward/forward_speed: 0.0962
  Episode_Reward/forward_speed_tracking: 0.1074
            Episode_Reward/heading_hold: 0.1242
     Episode_Reward/crouch_forward_lean: 0.0240
               Episode_Reward/feet_flat: -0.0252
         Episode_Reward/self_collisions: -0.0032
     Episode_Reward/neck_action_rate_l2: -0.0486
        Episode_Reward/joint_torques_l2: -0.0001
        Episode_Metrics/mean_action_acc: 0.6472
          Curriculum/action_rate_weight: -0.5000
                   Curriculum/com_range: 0.0030
              Curriculum/head_com_range: 0.0030
           Episode_Termination/time_out: 0.0000
          Episode_Termination/fell_over: 17.5417
Episode_Termination/out_of_terrain_bounds: 0.0000
          Episode_Termination/nan_state: 0.0000
          Metrics/angular_momentum_mean: 0.0043
--------------------------------------------------------------------------------
                         Iteration time: 2.99s
                           Time elapsed: 00:03:21
                                    ETA: 00:47:30

################################################################################
[1m                           Learning iteration 66/1000                           [0m 

                               Run name: dynamic-gate-4096x1000-20260901
                            Total steps: 6586368 
                       Steps per second: 32324 
                        Collection time: 2.853s 
                          Learning time: 0.188s 
                        Mean value loss: 0.3133
                    Mean surrogate loss: -0.0072
                      Mean entropy loss: 6.3804
                            Mean reward: 12.05
                    Mean episode length: 133.92
                        Mean action std: 0.38
                 Episode_Reward/upright: 0.2091
            Episode_Reward/body_ang_vel: -0.0323
        Episode_Reward/angular_momentum: -0.0000
          Episode_Reward/action_rate_l2: -0.2491
       Episode_Reward/crouch_glide_pose: 0.4818
    Episode_Reward/crouch_glide_pose_l1: -0.1047
           Episode_Reward/forward_speed: 0.1015
  Episode_Reward/forward_speed_tracking: 0.1129
            Episode_Reward/heading_hold: 0.1319
     Episode_Reward/crouch_forward_lean: 0.0271
               Episode_Reward/feet_flat: -0.0257
         Episode_Reward/self_collisions: -0.0032
     Episode_Reward/neck_action_rate_l2: -0.0496
        Episode_Reward/joint_torques_l2: -0.0001
        Episode_Metrics/mean_action_acc: 0.6462
          Curriculum/action_rate_weight: -0.5000
                   Curriculum/com_range: 0.0030
              Curriculum/head_com_range: 0.0030
           Episode_Termination/time_out: 0.0000
          Episode_Termination/fell_over: 12.2917
Episode_Termination/out_of_terrain_bounds: 0.0000
          Episode_Termination/nan_state: 0.0000
          Metrics/angular_momentum_mean: 0.0041
--------------------------------------------------------------------------------
                         Iteration time: 3.04s
                           Time elapsed: 00:03:24
                                    ETA: 00:47:26

################################################################################
[1m                           Learning iteration 67/1000                           [0m 

                               Run name: dynamic-gate-4096x1000-20260901
                            Total steps: 6684672 
                       Steps per second: 32410 
                        Collection time: 2.843s 
                          Learning time: 0.190s 
                        Mean value loss: 0.2741
                    Mean surrogate loss: -0.0021
                      Mean entropy loss: 6.3443
                            Mean reward: 11.59
                    Mean episode length: 130.70
                        Mean action std: 0.38
                 Episode_Reward/upright: 0.2107
            Episode_Reward/body_ang_vel: -0.0327
        Episode_Reward/angular_momentum: -0.0000
          Episode_Reward/action_rate_l2: -0.2526
       Episode_Reward/crouch_glide_pose: 0.4876
    Episode_Reward/crouch_glide_pose_l1: -0.1060
           Episode_Reward/forward_speed: 0.1025
  Episode_Reward/forward_speed_tracking: 0.1174
            Episode_Reward/heading_hold: 0.1253
     Episode_Reward/crouch_forward_lean: 0.0264
               Episode_Reward/feet_flat: -0.0259
         Episode_Reward/self_collisions: -0.0036
     Episode_Reward/neck_action_rate_l2: -0.0502
        Episode_Reward/joint_torques_l2: -0.0001
        Episode_Metrics/mean_action_acc: 0.6459
          Curriculum/action_rate_weight: -0.5000
                   Curriculum/com_range: 0.0030
              Curriculum/head_com_range: 0.0030
           Episode_Termination/time_out: 0.0000
          Episode_Termination/fell_over: 9.2500
Episode_Termination/out_of_terrain_bounds: 0.0000
          Episode_Termination/nan_state: 0.0000
          Metrics/angular_momentum_mean: 0.0040
--------------------------------------------------------------------------------
                         Iteration time: 3.03s
                           Time elapsed: 00:03:27
                                    ETA: 00:47:23

################################################################################
[1m                           Learning iteration 68/1000                           [0m 

                               Run name: dynamic-gate-4096x1000-20260901
                            Total steps: 6782976 
                       Steps per second: 32727 
                        Collection time: 2.811s 
                          Learning time: 0.193s 
                        Mean value loss: 0.2324
                    Mean surrogate loss: -0.0061
                      Mean entropy loss: 6.3048
                            Mean reward: 11.97
                    Mean episode length: 135.51
                        Mean action std: 0.38
                 Episode_Reward/upright: 0.2150
            Episode_Reward/body_ang_vel: -0.0342
        Episode_Reward/angular_momentum: -0.0000
          Episode_Reward/action_rate_l2: -0.2586
       Episode_Reward/crouch_glide_pose: 0.4962
    Episode_Reward/crouch_glide_pose_l1: -0.1076
           Episode_Reward/forward_speed: 0.1069
  Episode_Reward/forward_speed_tracking: 0.1215
            Episode_Reward/heading_hold: 0.1295
     Episode_Reward/crouch_forward_lean: 0.0270
               Episode_Reward/feet_flat: -0.0258
         Episode_Reward/self_collisions: -0.0034
     Episode_Reward/neck_action_rate_l2: -0.0506
        Episode_Reward/joint_torques_l2: -0.0001
        Episode_Metrics/mean_action_acc: 0.6468
          Curriculum/action_rate_weight: -0.5000
                   Curriculum/com_range: 0.0030
              Curriculum/head_com_range: 0.0030
           Episode_Termination/time_out: 0.0000
          Episode_Termination/fell_over: 7.2500
Episode_Termination/out_of_terrain_bounds: 0.0000
          Episode_Termination/nan_state: 0.0000
          Metrics/angular_momentum_mean: 0.0039
--------------------------------------------------------------------------------
                         Iteration time: 3.00s
                           Time elapsed: 00:03:30
                                    ETA: 00:47:19

################################################################################
[1m                           Learning iteration 69/1000                           [0m 

                               Run name: dynamic-gate-4096x1000-20260901
                            Total steps: 6881280 
                       Steps per second: 31955 
                        Collection time: 2.879s 
                          Learning time: 0.197s 
                        Mean value loss: 0.2216
                    Mean surrogate loss: -0.0070
                      Mean entropy loss: 6.2356
                            Mean reward: 12.82
                    Mean episode length: 138.91
                        Mean action std: 0.38
                 Episode_Reward/upright: 0.2153
            Episode_Reward/body_ang_vel: -0.0333
        Episode_Reward/angular_momentum: -0.0000
          Episode_Reward/action_rate_l2: -0.2554
       Episode_Reward/crouch_glide_pose: 0.4912
    Episode_Reward/crouch_glide_pose_l1: -0.1068
           Episode_Reward/forward_speed: 0.1121
  Episode_Reward/forward_speed_tracking: 0.1287
            Episode_Reward/heading_hold: 0.1315
     Episode_Reward/crouch_forward_lean: 0.0281
               Episode_Reward/feet_flat: -0.0251
         Episode_Reward/self_collisions: -0.0036
     Episode_Reward/neck_action_rate_l2: -0.0504
        Episode_Reward/joint_torques_l2: -0.0001
        Episode_Metrics/mean_action_acc: 0.6463
          Curriculum/action_rate_weight: -0.5000
                   Curriculum/com_range: 0.0030
              Curriculum/head_com_range: 0.0030
           Episode_Termination/time_out: 0.0000
          Episode_Termination/fell_over: 5.7500
Episode_Termination/out_of_terrain_bounds: 0.0000
          Episode_Termination/nan_state: 0.0000
          Metrics/angular_momentum_mean: 0.0039
--------------------------------------------------------------------------------
                         Iteration time: 3.08s
                           Time elapsed: 00:03:33
                                    ETA: 00:47:17

################################################################################
[1m                           Learning iteration 70/1000                           [0m 

                               Run name: dynamic-gate-4096x1000-20260901
                            Total steps: 6979584 
                       Steps per second: 30964 
                        Collection time: 2.986s 
                          Learning time: 0.189s 
                        Mean value loss: 0.2012
                    Mean surrogate loss: -0.0047
                      Mean entropy loss: 6.1577
                            Mean reward: 14.41
                    Mean episode length: 158.11
                        Mean action std: 0.38
                 Episode_Reward/upright: 0.2670
            Episode_Reward/body_ang_vel: -0.0371
        Episode_Reward/angular_momentum: -0.0000
          Episode_Reward/action_rate_l2: -0.3083
       Episode_Reward/crouch_glide_pose: 0.5949
    Episode_Reward/crouch_glide_pose_l1: -0.1292
           Episode_Reward/forward_speed: 0.1332
  Episode_Reward/forward_speed_tracking: 0.1517
            Episode_Reward/heading_hold: 0.1325
     Episode_Reward/crouch_forward_lean: 0.0356
               Episode_Reward/feet_flat: -0.0274
         Episode_Reward/self_collisions: -0.0036
     Episode_Reward/neck_action_rate_l2: -0.0610
        Episode_Reward/joint_torques_l2: -0.0001
        Episode_Metrics/mean_action_acc: 0.6447
          Curriculum/action_rate_weight: -0.5000
                   Curriculum/com_range: 0.0030
              Curriculum/head_com_range: 0.0030
           Episode_Termination/time_out: 0.0000
          Episode_Termination/fell_over: 5.2083
Episode_Termination/out_of_terrain_bounds: 0.0000
          Episode_Termination/nan_state: 0.0000
          Metrics/angular_momentum_mean: 0.0039
--------------------------------------------------------------------------------
                         Iteration time: 3.17s
                           Time elapsed: 00:03:36
                                    ETA: 00:47:15

################################################################################
[1m                           Learning iteration 71/1000                           [0m 

                               Run name: dynamic-gate-4096x1000-20260901
                            Total steps: 7077888 
                       Steps per second: 32442 
                        Collection time: 2.835s 
                          Learning time: 0.195s 
                        Mean value loss: 0.1996
                    Mean surrogate loss: -0.0030
                      Mean entropy loss: 6.1072
                            Mean reward: 15.76
                    Mean episode length: 169.01
                        Mean action std: 0.37
                 Episode_Reward/upright: 0.2629
            Episode_Reward/body_ang_vel: -0.0381
        Episode_Reward/angular_momentum: -0.0000
          Episode_Reward/action_rate_l2: -0.3042
       Episode_Reward/crouch_glide_pose: 0.5828
    Episode_Reward/crouch_glide_pose_l1: -0.1272
           Episode_Reward/forward_speed: 0.1377
  Episode_Reward/forward_speed_tracking: 0.1605
            Episode_Reward/heading_hold: 0.1448
     Episode_Reward/crouch_forward_lean: 0.0372
               Episode_Reward/feet_flat: -0.0281
         Episode_Reward/self_collisions: -0.0038
     Episode_Reward/neck_action_rate_l2: -0.0595
        Episode_Reward/joint_torques_l2: -0.0001
        Episode_Metrics/mean_action_acc: 0.6451
          Curriculum/action_rate_weight: -0.5000
                   Curriculum/com_range: 0.0030
              Curriculum/head_com_range: 0.0030
           Episode_Termination/time_out: 0.0000
          Episode_Termination/fell_over: 4.5417
Episode_Termination/out_of_terrain_bounds: 0.0000
          Episode_Termination/nan_state: 0.0000
          Metrics/angular_momentum_mean: 0.0040
--------------------------------------------------------------------------------
                         Iteration time: 3.03s
                           Time elapsed: 00:03:39
                                    ETA: 00:47:12

################################################################################
[1m                           Learning iteration 72/1000                           [0m 

                               Run name: dynamic-gate-4096x1000-20260901
                            Total steps: 7176192 
                       Steps per second: 32657 
                        Collection time: 2.819s 
                          Learning time: 0.191s 
                        Mean value loss: 0.2053
                    Mean surrogate loss: -0.0065
                      Mean entropy loss: 6.0363
                            Mean reward: 17.88
                    Mean episode length: 195.95
                        Mean action std: 0.37
                 Episode_Reward/upright: 0.3234
            Episode_Reward/body_ang_vel: -0.0428
        Episode_Reward/angular_momentum: -0.0000
          Episode_Reward/action_rate_l2: -0.3687
       Episode_Reward/crouch_glide_pose: 0.7080
    Episode_Reward/crouch_glide_pose_l1: -0.1533
           Episode_Reward/forward_speed: 0.1646
  Episode_Reward/forward_speed_tracking: 0.1827
            Episode_Reward/heading_hold: 0.1646
     Episode_Reward/crouch_forward_lean: 0.0418
               Episode_Reward/feet_flat: -0.0299
         Episode_Reward/self_collisions: -0.0051
     Episode_Reward/neck_action_rate_l2: -0.0713
        Episode_Reward/joint_torques_l2: -0.0001
        Episode_Metrics/mean_action_acc: 0.6420
          Curriculum/action_rate_weight: -0.5000
                   Curriculum/com_range: 0.0030
              Curriculum/head_com_range: 0.0030
           Episode_Termination/time_out: 0.0000
          Episode_Termination/fell_over: 4.6250
Episode_Termination/out_of_terrain_bounds: 0.0000
          Episode_Termination/nan_state: 0.0000
          Metrics/angular_momentum_mean: 0.0040
--------------------------------------------------------------------------------
                         Iteration time: 3.01s
                           Time elapsed: 00:03:42
                                    ETA: 00:47:08

################################################################################
[1m                           Learning iteration 73/1000                           [0m 

                               Run name: dynamic-gate-4096x1000-20260901
                            Total steps: 7274496 
                       Steps per second: 32822 
                        Collection time: 2.806s 
                          Learning time: 0.189s 
                        Mean value loss: 0.2183
                    Mean surrogate loss: -0.0053
                      Mean entropy loss: 5.9637
                            Mean reward: 19.82
                    Mean episode length: 211.64
                        Mean action std: 0.37
                 Episode_Reward/upright: 0.3791
            Episode_Reward/body_ang_vel: -0.0457
        Episode_Reward/angular_momentum: -0.0000
          Episode_Reward/action_rate_l2: -0.4253
       Episode_Reward/crouch_glide_pose: 0.8187
    Episode_Reward/crouch_glide_pose_l1: -0.1750
           Episode_Reward/forward_speed: 0.1822
  Episode_Reward/forward_speed_tracking: 0.1956
            Episode_Reward/heading_hold: 0.2083
     Episode_Reward/crouch_forward_lean: 0.0464
               Episode_Reward/feet_flat: -0.0302
         Episode_Reward/self_collisions: -0.0058
     Episode_Reward/neck_action_rate_l2: -0.0831
        Episode_Reward/joint_torques_l2: -0.0002
        Episode_Metrics/mean_action_acc: 0.6468
          Curriculum/action_rate_weight: -0.5000
                   Curriculum/com_range: 0.0030
              Curriculum/head_com_range: 0.0030
           Episode_Termination/time_out: 0.0000
          Episode_Termination/fell_over: 4.1667
Episode_Termination/out_of_terrain_bounds: 0.0000
          Episode_Termination/nan_state: 0.0000
          Metrics/angular_momentum_mean: 0.0040
--------------------------------------------------------------------------------
                         Iteration time: 3.00s
                           Time elapsed: 00:03:45
                                    ETA: 00:47:05

################################################################################
[1m                           Learning iteration 74/1000                           [0m 

                               Run name: dynamic-gate-4096x1000-20260901
                            Total steps: 7372800 
                       Steps per second: 32894 
                        Collection time: 2.788s 
                          Learning time: 0.200s 
                        Mean value loss: 0.2357
                    Mean surrogate loss: -0.0049
                      Mean entropy loss: 5.9321
                            Mean reward: 22.07
                    Mean episode length: 239.00
                        Mean action std: 0.37
                 Episode_Reward/upright: 0.4017
            Episode_Reward/body_ang_vel: -0.0477
        Episode_Reward/angular_momentum: -0.0000
          Episode_Reward/action_rate_l2: -0.4473
       Episode_Reward/crouch_glide_pose: 0.8677
    Episode_Reward/crouch_glide_pose_l1: -0.1854
           Episode_Reward/forward_speed: 0.1948
  Episode_Reward/forward_speed_tracking: 0.2052
            Episode_Reward/heading_hold: 0.1925
     Episode_Reward/crouch_forward_lean: 0.0488
               Episode_Reward/feet_flat: -0.0319
         Episode_Reward/self_collisions: -0.0043
     Episode_Reward/neck_action_rate_l2: -0.0871
        Episode_Reward/joint_torques_l2: -0.0002
        Episode_Metrics/mean_action_acc: 0.6420
          Curriculum/action_rate_weight: -0.5000
                   Curriculum/com_range: 0.0030
              Curriculum/head_com_range: 0.0030
           Episode_Termination/time_out: 0.0000
          Episode_Termination/fell_over: 5.0417
Episode_Termination/out_of_terrain_bounds: 0.0000
          Episode_Termination/nan_state: 0.0000
          Metrics/angular_momentum_mean: 0.0041
--------------------------------------------------------------------------------
                         Iteration time: 2.99s
                           Time elapsed: 00:03:48
                                    ETA: 00:47:01

################################################################################
[1m                           Learning iteration 75/1000                           [0m 

                               Run name: dynamic-gate-4096x1000-20260901
                            Total steps: 7471104 
                       Steps per second: 32371 
                        Collection time: 2.847s 
                          Learning time: 0.190s 
                        Mean value loss: 0.2181
                    Mean surrogate loss: -0.0061
                      Mean entropy loss: 5.8788
                            Mean reward: 23.42
                    Mean episode length: 249.76
                        Mean action std: 0.37
                 Episode_Reward/upright: 0.4159
            Episode_Reward/body_ang_vel: -0.0503
        Episode_Reward/angular_momentum: -0.0000
          Episode_Reward/action_rate_l2: -0.4604
       Episode_Reward/crouch_glide_pose: 0.8929
    Episode_Reward/crouch_glide_pose_l1: -0.1886
           Episode_Reward/forward_speed: 0.2095
  Episode_Reward/forward_speed_tracking: 0.2307
            Episode_Reward/heading_hold: 0.1920
     Episode_Reward/crouch_forward_lean: 0.0500
               Episode_Reward/feet_flat: -0.0334
         Episode_Reward/self_collisions: -0.0061
     Episode_Reward/neck_action_rate_l2: -0.0886
        Episode_Reward/joint_torques_l2: -0.0002
        Episode_Metrics/mean_action_acc: 0.6402
          Curriculum/action_rate_weight: -0.5000
                   Curriculum/com_range: 0.0030
              Curriculum/head_com_range: 0.0030
           Episode_Termination/time_out: 0.0000
          Episode_Termination/fell_over: 4.2083
Episode_Termination/out_of_terrain_bounds: 0.0000
          Episode_Termination/nan_state: 0.0000
          Metrics/angular_momentum_mean: 0.0041
--------------------------------------------------------------------------------
                         Iteration time: 3.04s
                           Time elapsed: 00:03:51
                                    ETA: 00:46:58

################################################################################
[1m                           Learning iteration 76/1000                           [0m 

                               Run name: dynamic-gate-4096x1000-20260901
                            Total steps: 7569408 
                       Steps per second: 32874 
                        Collection time: 2.796s 
                          Learning time: 0.195s 
                        Mean value loss: 0.2499
                    Mean surrogate loss: -0.0054
                      Mean entropy loss: 5.8454
                            Mean reward: 24.30
                    Mean episode length: 259.06
                        Mean action std: 0.37
                 Episode_Reward/upright: 0.4492
            Episode_Reward/body_ang_vel: -0.0499
        Episode_Reward/angular_momentum: -0.0000
          Episode_Reward/action_rate_l2: -0.4888
       Episode_Reward/crouch_glide_pose: 0.9529
    Episode_Reward/crouch_glide_pose_l1: -0.2014
           Episode_Reward/forward_speed: 0.2154
  Episode_Reward/forward_speed_tracking: 0.2334
            Episode_Reward/heading_hold: 0.2126
     Episode_Reward/crouch_forward_lean: 0.0601
               Episode_Reward/feet_flat: -0.0340
         Episode_Reward/self_collisions: -0.0047
     Episode_Reward/neck_action_rate_l2: -0.0948
        Episode_Reward/joint_torques_l2: -0.0002
        Episode_Metrics/mean_action_acc: 0.6404
          Curriculum/action_rate_weight: -0.5000
                   Curriculum/com_range: 0.0030
              Curriculum/head_com_range: 0.0030
           Episode_Termination/time_out: 0.0000
          Episode_Termination/fell_over: 4.9167
Episode_Termination/out_of_terrain_bounds: 0.0000
          Episode_Termination/nan_state: 0.0000
          Metrics/angular_momentum_mean: 0.0042
--------------------------------------------------------------------------------
                         Iteration time: 2.99s
                           Time elapsed: 00:03:54
                                    ETA: 00:46:54

################################################################################
[1m                           Learning iteration 77/1000                           [0m 

                               Run name: dynamic-gate-4096x1000-20260901
                            Total steps: 7667712 
                       Steps per second: 33104 
                        Collection time: 2.774s 
                          Learning time: 0.196s 
                        Mean value loss: 0.3077
                    Mean surrogate loss: -0.0070
                      Mean entropy loss: 5.7992
                            Mean reward: 22.60
                    Mean episode length: 240.10
                        Mean action std: 0.37
                 Episode_Reward/upright: 0.4156
            Episode_Reward/body_ang_vel: -0.0488
        Episode_Reward/angular_momentum: -0.0000
          Episode_Reward/action_rate_l2: -0.4528
       Episode_Reward/crouch_glide_pose: 0.8816
    Episode_Reward/crouch_glide_pose_l1: -0.1848
           Episode_Reward/forward_speed: 0.2123
  Episode_Reward/forward_speed_tracking: 0.2347
            Episode_Reward/heading_hold: 0.1691
     Episode_Reward/crouch_forward_lean: 0.0515
               Episode_Reward/feet_flat: -0.0324
         Episode_Reward/self_collisions: -0.0054
     Episode_Reward/neck_action_rate_l2: -0.0869
        Episode_Reward/joint_torques_l2: -0.0002
        Episode_Metrics/mean_action_acc: 0.6396
          Curriculum/action_rate_weight: -0.5000
                   Curriculum/com_range: 0.0030
              Curriculum/head_com_range: 0.0030
           Episode_Termination/time_out: 0.0000
          Episode_Termination/fell_over: 5.0833
Episode_Termination/out_of_terrain_bounds: 0.0000
          Episode_Termination/nan_state: 0.0000
          Metrics/angular_momentum_mean: 0.0042
--------------------------------------------------------------------------------
                         Iteration time: 2.97s
                           Time elapsed: 00:03:57
                                    ETA: 00:46:50

################################################################################
[1m                           Learning iteration 78/1000                           [0m 

                               Run name: dynamic-gate-4096x1000-20260901
                            Total steps: 7766016 
                       Steps per second: 32905 
                        Collection time: 2.798s 
                          Learning time: 0.189s 
                        Mean value loss: 0.3029
                    Mean surrogate loss: -0.0065
                      Mean entropy loss: 5.7666
                            Mean reward: 24.86
                    Mean episode length: 262.85
                        Mean action std: 0.37
                 Episode_Reward/upright: 0.4530
            Episode_Reward/body_ang_vel: -0.0502
        Episode_Reward/angular_momentum: -0.0000
          Episode_Reward/action_rate_l2: -0.4873
       Episode_Reward/crouch_glide_pose: 0.9505
    Episode_Reward/crouch_glide_pose_l1: -0.1991
           Episode_Reward/forward_speed: 0.2272
  Episode_Reward/forward_speed_tracking: 0.2484
            Episode_Reward/heading_hold: 0.1790
     Episode_Reward/crouch_forward_lean: 0.0558
               Episode_Reward/feet_flat: -0.0322
         Episode_Reward/self_collisions: -0.0052
     Episode_Reward/neck_action_rate_l2: -0.0929
        Episode_Reward/joint_torques_l2: -0.0002
        Episode_Metrics/mean_action_acc: 0.6399
          Curriculum/action_rate_weight: -0.5000
                   Curriculum/com_range: 0.0030
              Curriculum/head_com_range: 0.0030
           Episode_Termination/time_out: 0.0000
          Episode_Termination/fell_over: 5.9167
Episode_Termination/out_of_terrain_bounds: 0.0000
          Episode_Termination/nan_state: 0.0000
          Metrics/angular_momentum_mean: 0.0043
--------------------------------------------------------------------------------
                         Iteration time: 2.99s
                           Time elapsed: 00:04:00
                                    ETA: 00:46:46

################################################################################
[1m                           Learning iteration 79/1000                           [0m 

                               Run name: dynamic-gate-4096x1000-20260901
                            Total steps: 7864320 
                       Steps per second: 32214 
                        Collection time: 2.863s 
                          Learning time: 0.189s 
                        Mean value loss: 0.3169
                    Mean surrogate loss: -0.0052
                      Mean entropy loss: 5.7229
                            Mean reward: 25.65
                    Mean episode length: 262.56
                        Mean action std: 0.36
                 Episode_Reward/upright: 0.4453
            Episode_Reward/body_ang_vel: -0.0508
        Episode_Reward/angular_momentum: -0.0000
          Episode_Reward/action_rate_l2: -0.4806
       Episode_Reward/crouch_glide_pose: 0.9369
    Episode_Reward/crouch_glide_pose_l1: -0.1951
           Episode_Reward/forward_speed: 0.2360
  Episode_Reward/forward_speed_tracking: 0.2765
            Episode_Reward/heading_hold: 0.1835
     Episode_Reward/crouch_forward_lean: 0.0611
               Episode_Reward/feet_flat: -0.0329
         Episode_Reward/self_collisions: -0.0056
     Episode_Reward/neck_action_rate_l2: -0.0913
        Episode_Reward/joint_torques_l2: -0.0002
        Episode_Metrics/mean_action_acc: 0.6369
          Curriculum/action_rate_weight: -0.5000
                   Curriculum/com_range: 0.0030
              Curriculum/head_com_range: 0.0030
           Episode_Termination/time_out: 0.0000
          Episode_Termination/fell_over: 5.3333
Episode_Termination/out_of_terrain_bounds: 0.0000
          Episode_Termination/nan_state: 0.0000
          Metrics/angular_momentum_mean: 0.0044
--------------------------------------------------------------------------------
                         Iteration time: 3.05s
                           Time elapsed: 00:04:03
                                    ETA: 00:46:43

################################################################################
[1m                           Learning iteration 80/1000                           [0m 

                               Run name: dynamic-gate-4096x1000-20260901
                            Total steps: 7962624 
                       Steps per second: 32831 
                        Collection time: 2.806s 
                          Learning time: 0.188s 
                        Mean value loss: 0.3693
                    Mean surrogate loss: -0.0026
                      Mean entropy loss: 5.7013
                            Mean reward: 28.47
                    Mean episode length: 284.30
                        Mean action std: 0.36
                 Episode_Reward/upright: 0.4901
            Episode_Reward/body_ang_vel: -0.0574
        Episode_Reward/angular_momentum: -0.0000
          Episode_Reward/action_rate_l2: -0.5279
       Episode_Reward/crouch_glide_pose: 1.0290
    Episode_Reward/crouch_glide_pose_l1: -0.2125
           Episode_Reward/forward_speed: 0.2756
  Episode_Reward/forward_speed_tracking: 0.3383
            Episode_Reward/heading_hold: 0.1610
     Episode_Reward/crouch_forward_lean: 0.0659
               Episode_Reward/feet_flat: -0.0351
         Episode_Reward/self_collisions: -0.0059
     Episode_Reward/neck_action_rate_l2: -0.1009
        Episode_Reward/joint_torques_l2: -0.0002
        Episode_Metrics/mean_action_acc: 0.6386
          Curriculum/action_rate_weight: -0.5000
                   Curriculum/com_range: 0.0030
              Curriculum/head_com_range: 0.0030
           Episode_Termination/time_out: 0.0000
          Episode_Termination/fell_over: 5.2083
Episode_Termination/out_of_terrain_bounds: 0.0000
          Episode_Termination/nan_state: 0.0000
          Metrics/angular_momentum_mean: 0.0045
--------------------------------------------------------------------------------
                         Iteration time: 2.99s
                           Time elapsed: 00:04:06
                                    ETA: 00:46:39

################################################################################
[1m                           Learning iteration 81/1000                           [0m 

                               Run name: dynamic-gate-4096x1000-20260901
                            Total steps: 8060928 
                       Steps per second: 32682 
                        Collection time: 2.813s 
                          Learning time: 0.194s 
                        Mean value loss: 0.3801
                    Mean surrogate loss: -0.0031
                      Mean entropy loss: 5.6633
                            Mean reward: 32.46
                    Mean episode length: 335.86
                        Mean action std: 0.36
                 Episode_Reward/upright: 0.5568
            Episode_Reward/body_ang_vel: -0.0602
        Episode_Reward/angular_momentum: -0.0000
          Episode_Reward/action_rate_l2: -0.5942
       Episode_Reward/crouch_glide_pose: 1.1638
    Episode_Reward/crouch_glide_pose_l1: -0.2400
           Episode_Reward/forward_speed: 0.3007
  Episode_Reward/forward_speed_tracking: 0.3481
            Episode_Reward/heading_hold: 0.2081
     Episode_Reward/crouch_forward_lean: 0.0696
               Episode_Reward/feet_flat: -0.0360
         Episode_Reward/self_collisions: -0.0064
     Episode_Reward/neck_action_rate_l2: -0.1134
        Episode_Reward/joint_torques_l2: -0.0002
        Episode_Metrics/mean_action_acc: 0.6350
          Curriculum/action_rate_weight: -0.5000
                   Curriculum/com_range: 0.0030
              Curriculum/head_com_range: 0.0030
           Episode_Termination/time_out: 0.0000
          Episode_Termination/fell_over: 5.0833
Episode_Termination/out_of_terrain_bounds: 0.0000
          Episode_Termination/nan_state: 0.0000
          Metrics/angular_momentum_mean: 0.0046
--------------------------------------------------------------------------------
                         Iteration time: 3.01s
                           Time elapsed: 00:04:09
                                    ETA: 00:46:36

################################################################################
[1m                           Learning iteration 82/1000                           [0m 

                               Run name: dynamic-gate-4096x1000-20260901
                            Total steps: 8159232 
                       Steps per second: 33037 
                        Collection time: 2.779s 
                          Learning time: 0.196s 
                        Mean value loss: 0.3900
                    Mean surrogate loss: -0.0008
                      Mean entropy loss: 5.6507
                            Mean reward: 31.19
                    Mean episode length: 320.99
                        Mean action std: 0.36
                 Episode_Reward/upright: 0.5446
            Episode_Reward/body_ang_vel: -0.0577
        Episode_Reward/angular_momentum: -0.0000
          Episode_Reward/action_rate_l2: -0.5750
       Episode_Reward/crouch_glide_pose: 1.1354
    Episode_Reward/crouch_glide_pose_l1: -0.2312
           Episode_Reward/forward_speed: 0.2883
  Episode_Reward/forward_speed_tracking: 0.3290
            Episode_Reward/heading_hold: 0.1873
     Episode_Reward/crouch_forward_lean: 0.0687
               Episode_Reward/feet_flat: -0.0364
         Episode_Reward/self_collisions: -0.0057
     Episode_Reward/neck_action_rate_l2: -0.1087
        Episode_Reward/joint_torques_l2: -0.0002
        Episode_Metrics/mean_action_acc: 0.6378
          Curriculum/action_rate_weight: -0.5000
                   Curriculum/com_range: 0.0030
              Curriculum/head_com_range: 0.0030
           Episode_Termination/time_out: 0.0000
          Episode_Termination/fell_over: 5.0833
Episode_Termination/out_of_terrain_bounds: 0.0000
          Episode_Termination/nan_state: 0.0000
          Metrics/angular_momentum_mean: 0.0046
--------------------------------------------------------------------------------
                         Iteration time: 2.98s
                           Time elapsed: 00:04:12
                                    ETA: 00:46:32

################################################################################
[1m                           Learning iteration 83/1000                           [0m 

                               Run name: dynamic-gate-4096x1000-20260901
                            Total steps: 8257536 
                       Steps per second: 33393 
                        Collection time: 2.753s 
                          Learning time: 0.191s 
                        Mean value loss: 0.3786
                    Mean surrogate loss: -0.0049
                      Mean entropy loss: 5.6141
                            Mean reward: 36.53
                    Mean episode length: 386.44
                        Mean action std: 0.36
                 Episode_Reward/upright: 0.6270
            Episode_Reward/body_ang_vel: -0.0645
        Episode_Reward/angular_momentum: -0.0000
          Episode_Reward/action_rate_l2: -0.6645
       Episode_Reward/crouch_glide_pose: 1.3111
    Episode_Reward/crouch_glide_pose_l1: -0.2668
           Episode_Reward/forward_speed: 0.3238
  Episode_Reward/forward_speed_tracking: 0.3551
            Episode_Reward/heading_hold: 0.2022
     Episode_Reward/crouch_forward_lean: 0.0759
               Episode_Reward/feet_flat: -0.0403
         Episode_Reward/self_collisions: -0.0067
     Episode_Reward/neck_action_rate_l2: -0.1262
        Episode_Reward/joint_torques_l2: -0.0002
        Episode_Metrics/mean_action_acc: 0.6374
          Curriculum/action_rate_weight: -0.5000
                   Curriculum/com_range: 0.0030
              Curriculum/head_com_range: 0.0030
           Episode_Termination/time_out: 0.0000
          Episode_Termination/fell_over: 4.2917
Episode_Termination/out_of_terrain_bounds: 0.0000
          Episode_Termination/nan_state: 0.0000
          Metrics/angular_momentum_mean: 0.0047
--------------------------------------------------------------------------------
                         Iteration time: 2.94s
                           Time elapsed: 00:04:15
                                    ETA: 00:46:28

################################################################################
[1m                           Learning iteration 84/1000                           [0m 

                               Run name: dynamic-gate-4096x1000-20260901
                            Total steps: 8355840 
                       Steps per second: 32958 
                        Collection time: 2.787s 
                          Learning time: 0.195s 
                        Mean value loss: 0.4402
                    Mean surrogate loss: -0.0025
                      Mean entropy loss: 5.5902
                            Mean reward: 36.70
                    Mean episode length: 374.23
                        Mean action std: 0.36
                 Episode_Reward/upright: 0.6699
            Episode_Reward/body_ang_vel: -0.0691
        Episode_Reward/angular_momentum: -0.0000
          Episode_Reward/action_rate_l2: -0.7022
       Episode_Reward/crouch_glide_pose: 1.3906
    Episode_Reward/crouch_glide_pose_l1: -0.2817
           Episode_Reward/forward_speed: 0.3564
  Episode_Reward/forward_speed_tracking: 0.3968
            Episode_Reward/heading_hold: 0.2299
     Episode_Reward/crouch_forward_lean: 0.0780
               Episode_Reward/feet_flat: -0.0409
         Episode_Reward/self_collisions: -0.0076
     Episode_Reward/neck_action_rate_l2: -0.1330
        Episode_Reward/joint_torques_l2: -0.0003
        Episode_Metrics/mean_action_acc: 0.6344
          Curriculum/action_rate_weight: -0.5000
                   Curriculum/com_range: 0.0030
              Curriculum/head_com_range: 0.0030
           Episode_Termination/time_out: 0.0000
          Episode_Termination/fell_over: 4.0417
Episode_Termination/out_of_terrain_bounds: 0.0000
          Episode_Termination/nan_state: 0.0000
          Metrics/angular_momentum_mean: 0.0047
--------------------------------------------------------------------------------
                         Iteration time: 2.98s
                           Time elapsed: 00:04:18
                                    ETA: 00:46:24

################################################################################
[1m                           Learning iteration 85/1000                           [0m 

                               Run name: dynamic-gate-4096x1000-20260901
                            Total steps: 8454144 
                       Steps per second: 31651 
                        Collection time: 2.918s 
                          Learning time: 0.187s 
                        Mean value loss: 0.4381
                    Mean surrogate loss: -0.0044
                      Mean entropy loss: 5.5573
                            Mean reward: 38.75
                    Mean episode length: 384.08
                        Mean action std: 0.36
                 Episode_Reward/upright: 0.6881
            Episode_Reward/body_ang_vel: -0.0669
        Episode_Reward/angular_momentum: -0.0000
          Episode_Reward/action_rate_l2: -0.7147
       Episode_Reward/crouch_glide_pose: 1.4258
    Episode_Reward/crouch_glide_pose_l1: -0.2849
           Episode_Reward/forward_speed: 0.3638
  Episode_Reward/forward_speed_tracking: 0.4185
            Episode_Reward/heading_hold: 0.2600
     Episode_Reward/crouch_forward_lean: 0.0791
               Episode_Reward/feet_flat: -0.0428
         Episode_Reward/self_collisions: -0.0083
     Episode_Reward/neck_action_rate_l2: -0.1365
        Episode_Reward/joint_torques_l2: -0.0003
        Episode_Metrics/mean_action_acc: 0.6368
          Curriculum/action_rate_weight: -0.5000
                   Curriculum/com_range: 0.0030
              Curriculum/head_com_range: 0.0030
           Episode_Termination/time_out: 0.0000
          Episode_Termination/fell_over: 4.2500
Episode_Termination/out_of_terrain_bounds: 0.0000
          Episode_Termination/nan_state: 0.0000
          Metrics/angular_momentum_mean: 0.0048
--------------------------------------------------------------------------------
                         Iteration time: 3.11s
                           Time elapsed: 00:04:21
                                    ETA: 00:46:22

################################################################################
[1m                           Learning iteration 86/1000                           [0m 

                               Run name: dynamic-gate-4096x1000-20260901
                            Total steps: 8552448 
                       Steps per second: 32972 
                        Collection time: 2.796s 
                          Learning time: 0.185s 
                        Mean value loss: 0.4008
                    Mean surrogate loss: -0.0048
                      Mean entropy loss: 5.5252
                            Mean reward: 38.97
                    Mean episode length: 391.73
                        Mean action std: 0.36
                 Episode_Reward/upright: 0.7019
            Episode_Reward/body_ang_vel: -0.0689
        Episode_Reward/angular_momentum: -0.0000
          Episode_Reward/action_rate_l2: -0.7269
       Episode_Reward/crouch_glide_pose: 1.4484
    Episode_Reward/crouch_glide_pose_l1: -0.2891
           Episode_Reward/forward_speed: 0.3674
  Episode_Reward/forward_speed_tracking: 0.4211
            Episode_Reward/heading_hold: 0.2155
     Episode_Reward/crouch_forward_lean: 0.0794
               Episode_Reward/feet_flat: -0.0440
         Episode_Reward/self_collisions: -0.0071
     Episode_Reward/neck_action_rate_l2: -0.1378
        Episode_Reward/joint_torques_l2: -0.0003
        Episode_Metrics/mean_action_acc: 0.6352
          Curriculum/action_rate_weight: -0.5000
                   Curriculum/com_range: 0.0030
              Curriculum/head_com_range: 0.0030
           Episode_Termination/time_out: 0.0000
          Episode_Termination/fell_over: 4.6667
Episode_Termination/out_of_terrain_bounds: 0.0000
          Episode_Termination/nan_state: 0.0000
          Metrics/angular_momentum_mean: 0.0048
--------------------------------------------------------------------------------
                         Iteration time: 2.98s
                           Time elapsed: 00:04:24
                                    ETA: 00:46:18

################################################################################
[1m                           Learning iteration 87/1000                           [0m 

                               Run name: dynamic-gate-4096x1000-20260901
                            Total steps: 8650752 
                       Steps per second: 32896 
                        Collection time: 2.799s 
                          Learning time: 0.189s 
                        Mean value loss: 0.3932
                    Mean surrogate loss: -0.0052
                      Mean entropy loss: 5.4952
                            Mean reward: 35.37
                    Mean episode length: 342.28
                        Mean action std: 0.36
                 Episode_Reward/upright: 0.5879
            Episode_Reward/body_ang_vel: -0.0615
        Episode_Reward/angular_momentum: -0.0000
          Episode_Reward/action_rate_l2: -0.6146
       Episode_Reward/crouch_glide_pose: 1.2299
    Episode_Reward/crouch_glide_pose_l1: -0.2441
           Episode_Reward/forward_speed: 0.3393
  Episode_Reward/forward_speed_tracking: 0.4313
            Episode_Reward/heading_hold: 0.1602
     Episode_Reward/crouch_forward_lean: 0.0705
               Episode_Reward/feet_flat: -0.0399
         Episode_Reward/self_collisions: -0.0068
     Episode_Reward/neck_action_rate_l2: -0.1167
        Episode_Reward/joint_torques_l2: -0.0002
        Episode_Metrics/mean_action_acc: 0.6320
          Curriculum/action_rate_weight: -0.5000
                   Curriculum/com_range: 0.0030
              Curriculum/head_com_range: 0.0030
           Episode_Termination/time_out: 0.0000
          Episode_Termination/fell_over: 4.2083
Episode_Termination/out_of_terrain_bounds: 0.0000
          Episode_Termination/nan_state: 0.0000
          Metrics/angular_momentum_mean: 0.0048
--------------------------------------------------------------------------------
                         Iteration time: 2.99s
                           Time elapsed: 00:04:27
                                    ETA: 00:46:15

################################################################################
[1m                           Learning iteration 88/1000                           [0m 

                               Run name: dynamic-gate-4096x1000-20260901
                            Total steps: 8749056 
                       Steps per second: 33712 
                        Collection time: 2.723s 
                          Learning time: 0.193s 
                        Mean value loss: 0.4776
                    Mean surrogate loss: -0.0041
                      Mean entropy loss: 5.4648
                            Mean reward: 38.84
                    Mean episode length: 373.94
                        Mean action std: 0.36
                 Episode_Reward/upright: 0.6186
            Episode_Reward/body_ang_vel: -0.0624
        Episode_Reward/angular_momentum: -0.0000
          Episode_Reward/action_rate_l2: -0.6420
       Episode_Reward/crouch_glide_pose: 1.2800
    Episode_Reward/crouch_glide_pose_l1: -0.2512
           Episode_Reward/forward_speed: 0.3586
  Episode_Reward/forward_speed_tracking: 0.4564
            Episode_Reward/heading_hold: 0.1854
     Episode_Reward/crouch_forward_lean: 0.0735
               Episode_Reward/feet_flat: -0.0402
         Episode_Reward/self_collisions: -0.0078
     Episode_Reward/neck_action_rate_l2: -0.1208
        Episode_Reward/joint_torques_l2: -0.0002
        Episode_Metrics/mean_action_acc: 0.6354
          Curriculum/action_rate_weight: -0.5000
                   Curriculum/com_range: 0.0030
              Curriculum/head_com_range: 0.0030
           Episode_Termination/time_out: 0.0000
          Episode_Termination/fell_over: 4.0000
Episode_Termination/out_of_terrain_bounds: 0.0000
          Episode_Termination/nan_state: 0.0000
          Metrics/angular_momentum_mean: 0.0048
--------------------------------------------------------------------------------
                         Iteration time: 2.92s
                           Time elapsed: 00:04:30
                                    ETA: 00:46:10

################################################################################
[1m                           Learning iteration 89/1000                           [0m 

                               Run name: dynamic-gate-4096x1000-20260901
                            Total steps: 8847360 
                       Steps per second: 32734 
                        Collection time: 2.807s 
                          Learning time: 0.196s 
                        Mean value loss: 0.4327
                    Mean surrogate loss: -0.0030
                      Mean entropy loss: 5.4339
                            Mean reward: 47.17
                    Mean episode length: 450.99
                        Mean action std: 0.36
                 Episode_Reward/upright: 0.7237
            Episode_Reward/body_ang_vel: -0.0704
        Episode_Reward/angular_momentum: -0.0000
          Episode_Reward/action_rate_l2: -0.7504
       Episode_Reward/crouch_glide_pose: 1.4978
    Episode_Reward/crouch_glide_pose_l1: -0.2957
           Episode_Reward/forward_speed: 0.4196
  Episode_Reward/forward_speed_tracking: 0.5430
            Episode_Reward/heading_hold: 0.2154
     Episode_Reward/crouch_forward_lean: 0.0852
               Episode_Reward/feet_flat: -0.0445
         Episode_Reward/self_collisions: -0.0087
     Episode_Reward/neck_action_rate_l2: -0.1412
        Episode_Reward/joint_torques_l2: -0.0003
        Episode_Metrics/mean_action_acc: 0.6335
          Curriculum/action_rate_weight: -0.5000
                   Curriculum/com_range: 0.0030
              Curriculum/head_com_range: 0.0030
           Episode_Termination/time_out: 0.0000
          Episode_Termination/fell_over: 4.7083
Episode_Termination/out_of_terrain_bounds: 0.0000
          Episode_Termination/nan_state: 0.0000
          Metrics/angular_momentum_mean: 0.0049
--------------------------------------------------------------------------------
                         Iteration time: 3.00s
                           Time elapsed: 00:04:33
                                    ETA: 00:46:07

################################################################################
[1m                           Learning iteration 90/1000                           [0m 

                               Run name: dynamic-gate-4096x1000-20260901
                            Total steps: 8945664 
                       Steps per second: 32042 
                        Collection time: 2.879s 
                          Learning time: 0.189s 
                        Mean value loss: 0.4681
                    Mean surrogate loss: -0.0072
                      Mean entropy loss: 5.3814
                            Mean reward: 45.53
                    Mean episode length: 424.72
                        Mean action std: 0.36
                 Episode_Reward/upright: 0.7941
            Episode_Reward/body_ang_vel: -0.0767
        Episode_Reward/angular_momentum: -0.0000
          Episode_Reward/action_rate_l2: -0.8165
       Episode_Reward/crouch_glide_pose: 1.6252
    Episode_Reward/crouch_glide_pose_l1: -0.3205
           Episode_Reward/forward_speed: 0.4579
  Episode_Reward/forward_speed_tracking: 0.5886
            Episode_Reward/heading_hold: 0.2603
     Episode_Reward/crouch_forward_lean: 0.1000
               Episode_Reward/feet_flat: -0.0457
         Episode_Reward/self_collisions: -0.0096
     Episode_Reward/neck_action_rate_l2: -0.1538
        Episode_Reward/joint_torques_l2: -0.0003
        Episode_Metrics/mean_action_acc: 0.6327
          Curriculum/action_rate_weight: -0.5000
                   Curriculum/com_range: 0.0030
              Curriculum/head_com_range: 0.0030
           Episode_Termination/time_out: 0.0000
          Episode_Termination/fell_over: 3.2500
Episode_Termination/out_of_terrain_bounds: 0.0000
          Episode_Termination/nan_state: 0.0000
          Metrics/angular_momentum_mean: 0.0049
--------------------------------------------------------------------------------
                         Iteration time: 3.07s
                           Time elapsed: 00:04:36
                                    ETA: 00:46:04

################################################################################
[1m                           Learning iteration 91/1000                           [0m 

                               Run name: dynamic-gate-4096x1000-20260901
                            Total steps: 9043968 
                       Steps per second: 33898 
                        Collection time: 2.708s 
                          Learning time: 0.192s 
                        Mean value loss: 0.5253
                    Mean surrogate loss: -0.0030
                      Mean entropy loss: 5.3520
                            Mean reward: 46.26
                    Mean episode length: 436.63
                        Mean action std: 0.36
                 Episode_Reward/upright: 0.7852
            Episode_Reward/body_ang_vel: -0.0730
        Episode_Reward/angular_momentum: -0.0000
          Episode_Reward/action_rate_l2: -0.8013
       Episode_Reward/crouch_glide_pose: 1.6128
    Episode_Reward/crouch_glide_pose_l1: -0.3132
           Episode_Reward/forward_speed: 0.4458
  Episode_Reward/forward_speed_tracking: 0.5638
            Episode_Reward/heading_hold: 0.2115
     Episode_Reward/crouch_forward_lean: 0.0972
               Episode_Reward/feet_flat: -0.0474
         Episode_Reward/self_collisions: -0.0085
     Episode_Reward/neck_action_rate_l2: -0.1500
        Episode_Reward/joint_torques_l2: -0.0003
        Episode_Metrics/mean_action_acc: 0.6351
          Curriculum/action_rate_weight: -0.5000
                   Curriculum/com_range: 0.0030
              Curriculum/head_com_range: 0.0030
           Episode_Termination/time_out: 0.0000
          Episode_Termination/fell_over: 3.6250
Episode_Termination/out_of_terrain_bounds: 0.0000
          Episode_Termination/nan_state: 0.0000
          Metrics/angular_momentum_mean: 0.0050
--------------------------------------------------------------------------------
                         Iteration time: 2.90s
                           Time elapsed: 00:04:39
                                    ETA: 00:46:00

################################################################################
[1m                           Learning iteration 92/1000                           [0m 

                               Run name: dynamic-gate-4096x1000-20260901
                            Total steps: 9142272 
                       Steps per second: 32979 
                        Collection time: 2.791s 
                          Learning time: 0.189s 
                        Mean value loss: 0.5407
                    Mean surrogate loss: -0.0041
                      Mean entropy loss: 5.3286
                            Mean reward: 50.74
                    Mean episode length: 478.13
                        Mean action std: 0.35
                 Episode_Reward/upright: 0.7755
            Episode_Reward/body_ang_vel: -0.0754
        Episode_Reward/angular_momentum: -0.0000
          Episode_Reward/action_rate_l2: -0.7941
       Episode_Reward/crouch_glide_pose: 1.5948
    Episode_Reward/crouch_glide_pose_l1: -0.3092
           Episode_Reward/forward_speed: 0.4693
  Episode_Reward/forward_speed_tracking: 0.6292
            Episode_Reward/heading_hold: 0.1907
     Episode_Reward/crouch_forward_lean: 0.0974
               Episode_Reward/feet_flat: -0.0461
         Episode_Reward/self_collisions: -0.0092
     Episode_Reward/neck_action_rate_l2: -0.1477
        Episode_Reward/joint_torques_l2: -0.0003
        Episode_Metrics/mean_action_acc: 0.6290
          Curriculum/action_rate_weight: -0.5000
                   Curriculum/com_range: 0.0030
              Curriculum/head_com_range: 0.0030
           Episode_Termination/time_out: 0.0000
          Episode_Termination/fell_over: 3.6250
Episode_Termination/out_of_terrain_bounds: 0.0000
          Episode_Termination/nan_state: 0.0000
          Metrics/angular_momentum_mean: 0.0050
--------------------------------------------------------------------------------
                         Iteration time: 2.98s
                           Time elapsed: 00:04:42
                                    ETA: 00:45:56

################################################################################
[1m                           Learning iteration 93/1000                           [0m 

                               Run name: dynamic-gate-4096x1000-20260901
                            Total steps: 9240576 
                       Steps per second: 34187 
                        Collection time: 2.690s 
                          Learning time: 0.186s 
                        Mean value loss: 0.5989
                    Mean surrogate loss: -0.0041
                      Mean entropy loss: 5.3004
                            Mean reward: 49.77
                    Mean episode length: 471.59
                        Mean action std: 0.35
                 Episode_Reward/upright: 0.8781
            Episode_Reward/body_ang_vel: -0.0818
        Episode_Reward/angular_momentum: -0.0000
          Episode_Reward/action_rate_l2: -0.8913
       Episode_Reward/crouch_glide_pose: 1.7958
    Episode_Reward/crouch_glide_pose_l1: -0.3498
           Episode_Reward/forward_speed: 0.5051
  Episode_Reward/forward_speed_tracking: 0.6525
            Episode_Reward/heading_hold: 0.2015
     Episode_Reward/crouch_forward_lean: 0.1004
               Episode_Reward/feet_flat: -0.0528
         Episode_Reward/self_collisions: -0.0109
     Episode_Reward/neck_action_rate_l2: -0.1665
        Episode_Reward/joint_torques_l2: -0.0003
        Episode_Metrics/mean_action_acc: 0.6315
          Curriculum/action_rate_weight: -0.5000
                   Curriculum/com_range: 0.0030
              Curriculum/head_com_range: 0.0030
           Episode_Termination/time_out: 0.0000
          Episode_Termination/fell_over: 3.8750
Episode_Termination/out_of_terrain_bounds: 0.0000
          Episode_Termination/nan_state: 0.0000
          Metrics/angular_momentum_mean: 0.0051
--------------------------------------------------------------------------------
                         Iteration time: 2.88s
                           Time elapsed: 00:04:45
                                    ETA: 00:45:51

################################################################################
[1m                           Learning iteration 94/1000                           [0m 

                               Run name: dynamic-gate-4096x1000-20260901
                            Total steps: 9338880 
                       Steps per second: 32600 
                        Collection time: 2.821s 
                          Learning time: 0.195s 
                        Mean value loss: 0.6200
                    Mean surrogate loss: -0.0062
                      Mean entropy loss: 5.2436
                            Mean reward: 54.41
                    Mean episode length: 499.99
                        Mean action std: 0.35
                 Episode_Reward/upright: 0.8787
            Episode_Reward/body_ang_vel: -0.0826
        Episode_Reward/angular_momentum: -0.0000
          Episode_Reward/action_rate_l2: -0.8932
       Episode_Reward/crouch_glide_pose: 1.7913
    Episode_Reward/crouch_glide_pose_l1: -0.3489
           Episode_Reward/forward_speed: 0.5398
  Episode_Reward/forward_speed_tracking: 0.7300
            Episode_Reward/heading_hold: 0.1832
     Episode_Reward/crouch_forward_lean: 0.1116
               Episode_Reward/feet_flat: -0.0514
         Episode_Reward/self_collisions: -0.0111
     Episode_Reward/neck_action_rate_l2: -0.1661
        Episode_Reward/joint_torques_l2: -0.0003
        Episode_Metrics/mean_action_acc: 0.6295
          Curriculum/action_rate_weight: -0.5000
                   Curriculum/com_range: 0.0030
              Curriculum/head_com_range: 0.0030
           Episode_Termination/time_out: 0.0000
          Episode_Termination/fell_over: 3.6250
Episode_Termination/out_of_terrain_bounds: 0.0000
          Episode_Termination/nan_state: 0.0000
          Metrics/angular_momentum_mean: 0.0051
--------------------------------------------------------------------------------
                         Iteration time: 3.02s
                           Time elapsed: 00:04:48
                                    ETA: 00:45:48

################################################################################
[1m                           Learning iteration 95/1000                           [0m 

                               Run name: dynamic-gate-4096x1000-20260901
                            Total steps: 9437184 
                       Steps per second: 33899 
                        Collection time: 2.709s 
                          Learning time: 0.191s 
                        Mean value loss: 0.6021
                    Mean surrogate loss: -0.0027
                      Mean entropy loss: 5.2076
                            Mean reward: 63.85
                    Mean episode length: 581.15
                        Mean action std: 0.35
                 Episode_Reward/upright: 0.9967
            Episode_Reward/body_ang_vel: -0.0919
        Episode_Reward/angular_momentum: -0.0000
          Episode_Reward/action_rate_l2: -1.0192
       Episode_Reward/crouch_glide_pose: 2.0298
    Episode_Reward/crouch_glide_pose_l1: -0.3927
           Episode_Reward/forward_speed: 0.6051
  Episode_Reward/forward_speed_tracking: 0.8417
            Episode_Reward/heading_hold: 0.2430
     Episode_Reward/crouch_forward_lean: 0.1206
               Episode_Reward/feet_flat: -0.0551
         Episode_Reward/self_collisions: -0.0127
     Episode_Reward/neck_action_rate_l2: -0.1895
        Episode_Reward/joint_torques_l2: -0.0004
        Episode_Metrics/mean_action_acc: 0.6344
          Curriculum/action_rate_weight: -0.5000
                   Curriculum/com_range: 0.0030
              Curriculum/head_com_range: 0.0030
           Episode_Termination/time_out: 0.0833
          Episode_Termination/fell_over: 3.5000
Episode_Termination/out_of_terrain_bounds: 0.0000
          Episode_Termination/nan_state: 0.0000
          Metrics/angular_momentum_mean: 0.0051
--------------------------------------------------------------------------------
                         Iteration time: 2.90s
                           Time elapsed: 00:04:51
                                    ETA: 00:45:44

################################################################################
[1m                           Learning iteration 96/1000                           [0m 

                               Run name: dynamic-gate-4096x1000-20260901
                            Total steps: 9535488 
                       Steps per second: 33342 
                        Collection time: 2.753s 
                          Learning time: 0.196s 
                        Mean value loss: 0.5950
                    Mean surrogate loss: -0.0063
                      Mean entropy loss: 5.1618
                            Mean reward: 68.94
                    Mean episode length: 640.03
                        Mean action std: 0.35
                 Episode_Reward/upright: 1.0381
            Episode_Reward/body_ang_vel: -0.0894
        Episode_Reward/angular_momentum: -0.0000
          Episode_Reward/action_rate_l2: -1.0621
       Episode_Reward/crouch_glide_pose: 2.1118
    Episode_Reward/crouch_glide_pose_l1: -0.4128
           Episode_Reward/forward_speed: 0.6129
  Episode_Reward/forward_speed_tracking: 0.8296
            Episode_Reward/heading_hold: 0.2609
     Episode_Reward/crouch_forward_lean: 0.1231
               Episode_Reward/feet_flat: -0.0574
         Episode_Reward/self_collisions: -0.0127
     Episode_Reward/neck_action_rate_l2: -0.1980
        Episode_Reward/joint_torques_l2: -0.0004
        Episode_Metrics/mean_action_acc: 0.6351
          Curriculum/action_rate_weight: -0.5000
                   Curriculum/com_range: 0.0030
              Curriculum/head_com_range: 0.0030
           Episode_Termination/time_out: 1.0417
          Episode_Termination/fell_over: 3.6250
Episode_Termination/out_of_terrain_bounds: 0.0000
          Episode_Termination/nan_state: 0.0000
          Metrics/angular_momentum_mean: 0.0051
--------------------------------------------------------------------------------
                         Iteration time: 2.95s
                           Time elapsed: 00:04:54
                                    ETA: 00:45:40

################################################################################
[1m                           Learning iteration 97/1000                           [0m 

                               Run name: dynamic-gate-4096x1000-20260901
                            Total steps: 9633792 
                       Steps per second: 33849 
                        Collection time: 2.712s 
                          Learning time: 0.193s 
                        Mean value loss: 0.5939
                    Mean surrogate loss: -0.0038
                      Mean entropy loss: 5.1299
                            Mean reward: 79.07
                    Mean episode length: 750.45
                        Mean action std: 0.35
                 Episode_Reward/upright: 1.3814
            Episode_Reward/body_ang_vel: -0.1017
        Episode_Reward/angular_momentum: -0.0000
          Episode_Reward/action_rate_l2: -1.3868
       Episode_Reward/crouch_glide_pose: 2.7778
    Episode_Reward/crouch_glide_pose_l1: -0.5450
           Episode_Reward/forward_speed: 0.7526
  Episode_Reward/forward_speed_tracking: 0.9677
            Episode_Reward/heading_hold: 0.3137
     Episode_Reward/crouch_forward_lean: 0.1490
               Episode_Reward/feet_flat: -0.0667
         Episode_Reward/self_collisions: -0.0146
     Episode_Reward/neck_action_rate_l2: -0.2588
        Episode_Reward/joint_torques_l2: -0.0005
        Episode_Metrics/mean_action_acc: 0.6359
          Curriculum/action_rate_weight: -0.5000
                   Curriculum/com_range: 0.0030
              Curriculum/head_com_range: 0.0030
           Episode_Termination/time_out: 2.9583
          Episode_Termination/fell_over: 3.0000
Episode_Termination/out_of_terrain_bounds: 0.0000
          Episode_Termination/nan_state: 0.0000
          Metrics/angular_momentum_mean: 0.0051
--------------------------------------------------------------------------------
                         Iteration time: 2.90s
                           Time elapsed: 00:04:57
                                    ETA: 00:45:36

################################################################################
[1m                           Learning iteration 98/1000                           [0m 

                               Run name: dynamic-gate-4096x1000-20260901
                            Total steps: 9732096 
                       Steps per second: 32719 
                        Collection time: 2.815s 
                          Learning time: 0.190s 
                        Mean value loss: 0.5635
                    Mean surrogate loss: -0.0051
                      Mean entropy loss: 5.0743
                            Mean reward: 85.77
                    Mean episode length: 811.45
                        Mean action std: 0.35
                 Episode_Reward/upright: 1.5010
            Episode_Reward/body_ang_vel: -0.1052
        Episode_Reward/angular_momentum: -0.0000
          Episode_Reward/action_rate_l2: -1.5059
       Episode_Reward/crouch_glide_pose: 3.0136
    Episode_Reward/crouch_glide_pose_l1: -0.5883
           Episode_Reward/forward_speed: 0.8258
  Episode_Reward/forward_speed_tracking: 1.0794
            Episode_Reward/heading_hold: 0.3485
     Episode_Reward/crouch_forward_lean: 0.1590
               Episode_Reward/feet_flat: -0.0688
         Episode_Reward/self_collisions: -0.0158
     Episode_Reward/neck_action_rate_l2: -0.2811
        Episode_Reward/joint_torques_l2: -0.0005
        Episode_Metrics/mean_action_acc: 0.6365
          Curriculum/action_rate_weight: -0.5000
                   Curriculum/com_range: 0.0030
              Curriculum/head_com_range: 0.0030
           Episode_Termination/time_out: 5.6250
          Episode_Termination/fell_over: 2.9167
Episode_Termination/out_of_terrain_bounds: 0.0000
          Episode_Termination/nan_state: 0.0000
          Metrics/angular_momentum_mean: 0.0051
--------------------------------------------------------------------------------
                         Iteration time: 3.00s
                           Time elapsed: 00:05:00
                                    ETA: 00:45:32

################################################################################
[1m                           Learning iteration 99/1000                           [0m 

                               Run name: dynamic-gate-4096x1000-20260901
                            Total steps: 9830400 
                       Steps per second: 33063 
                        Collection time: 2.768s 
                          Learning time: 0.205s 
                        Mean value loss: 0.5198
                    Mean surrogate loss: -0.0042
                      Mean entropy loss: 5.0427
                            Mean reward: 93.07
                    Mean episode length: 867.98
                        Mean action std: 0.35
                 Episode_Reward/upright: 1.5737
            Episode_Reward/body_ang_vel: -0.1120
        Episode_Reward/angular_momentum: -0.0000
          Episode_Reward/action_rate_l2: -1.5770
       Episode_Reward/crouch_glide_pose: 3.1429
    Episode_Reward/crouch_glide_pose_l1: -0.6118
           Episode_Reward/forward_speed: 0.8864
  Episode_Reward/forward_speed_tracking: 1.1997
            Episode_Reward/heading_hold: 0.3577
     Episode_Reward/crouch_forward_lean: 0.1639
               Episode_Reward/feet_flat: -0.0699
         Episode_Reward/self_collisions: -0.0172
     Episode_Reward/neck_action_rate_l2: -0.2931
        Episode_Reward/joint_torques_l2: -0.0006
        Episode_Metrics/mean_action_acc: 0.6373
          Curriculum/action_rate_weight: -0.5000
                   Curriculum/com_range: 0.0030
              Curriculum/head_com_range: 0.0030
           Episode_Termination/time_out: 6.6250
          Episode_Termination/fell_over: 2.3750
Episode_Termination/out_of_terrain_bounds: 0.0000
          Episode_Termination/nan_state: 0.0000
          Metrics/angular_momentum_mean: 0.0051
--------------------------------------------------------------------------------
                         Iteration time: 2.97s
                           Time elapsed: 00:05:03
                                    ETA: 00:45:29

################################################################################
[1m                          Learning iteration 100/1000                           [0m 

                               Run name: dynamic-gate-4096x1000-20260901
                            Total steps: 9928704 
                       Steps per second: 32986 
                        Collection time: 2.788s 
                          Learning time: 0.192s 
                        Mean value loss: 0.5220
                    Mean surrogate loss: -0.0045
                      Mean entropy loss: 4.9740
                            Mean reward: 96.77
                    Mean episode length: 889.56
                        Mean action std: 0.35
                 Episode_Reward/upright: 1.5845
            Episode_Reward/body_ang_vel: -0.1089
        Episode_Reward/angular_momentum: -0.0000
          Episode_Reward/action_rate_l2: -1.5804
       Episode_Reward/crouch_glide_pose: 3.1582
    Episode_Reward/crouch_glide_pose_l1: -0.6128
           Episode_Reward/forward_speed: 0.8974
  Episode_Reward/forward_speed_tracking: 1.2286
            Episode_Reward/heading_hold: 0.3444
     Episode_Reward/crouch_forward_lean: 0.1614
               Episode_Reward/feet_flat: -0.0693
         Episode_Reward/self_collisions: -0.0172
     Episode_Reward/neck_action_rate_l2: -0.2938
        Episode_Reward/joint_torques_l2: -0.0006
        Episode_Metrics/mean_action_acc: 0.6356
          Curriculum/action_rate_weight: -0.5000
                   Curriculum/com_range: 0.0030
              Curriculum/head_com_range: 0.0030
           Episode_Termination/time_out: 10.1250
          Episode_Termination/fell_over: 2.2500
Episode_Termination/out_of_terrain_bounds: 0.0000
          Episode_Termination/nan_state: 0.0000
          Metrics/angular_momentum_mean: 0.0051
--------------------------------------------------------------------------------
                         Iteration time: 2.98s
                           Time elapsed: 00:05:06
                                    ETA: 00:45:25

################################################################################
[1m                          Learning iteration 101/1000                           [0m 

                               Run name: dynamic-gate-4096x1000-20260901
                            Total steps: 10027008 
                       Steps per second: 32742 
                        Collection time: 2.815s 
                          Learning time: 0.187s 
                        Mean value loss: 0.4775
                    Mean surrogate loss: -0.0037
                      Mean entropy loss: 4.9302
                            Mean reward: 96.22
                    Mean episode length: 845.55
                        Mean action std: 0.34
                 Episode_Reward/upright: 1.6213
            Episode_Reward/body_ang_vel: -0.1130
        Episode_Reward/angular_momentum: -0.0000
          Episode_Reward/action_rate_l2: -1.6173
       Episode_Reward/crouch_glide_pose: 3.2236
    Episode_Reward/crouch_glide_pose_l1: -0.6217
           Episode_Reward/forward_speed: 0.9518
  Episode_Reward/forward_speed_tracking: 1.3507
            Episode_Reward/heading_hold: 0.3810
     Episode_Reward/crouch_forward_lean: 0.1642
               Episode_Reward/feet_flat: -0.0722
         Episode_Reward/self_collisions: -0.0176
     Episode_Reward/neck_action_rate_l2: -0.2983
        Episode_Reward/joint_torques_l2: -0.0006
        Episode_Metrics/mean_action_acc: 0.6367
          Curriculum/action_rate_weight: -0.5000
                   Curriculum/com_range: 0.0030
              Curriculum/head_com_range: 0.0030
           Episode_Termination/time_out: 9.2917
          Episode_Termination/fell_over: 2.2500
Episode_Termination/out_of_terrain_bounds: 0.0000
          Episode_Termination/nan_state: 0.0000
          Metrics/angular_momentum_mean: 0.0050
--------------------------------------------------------------------------------
                         Iteration time: 3.00s
                           Time elapsed: 00:05:09
                                    ETA: 00:45:22

################################################################################
[1m                          Learning iteration 102/1000                           [0m 

                               Run name: dynamic-gate-4096x1000-20260901
                            Total steps: 10125312 
                       Steps per second: 32631 
                        Collection time: 2.816s 
                          Learning time: 0.197s 
                        Mean value loss: 0.6070
                    Mean surrogate loss: -0.0024
                      Mean entropy loss: 4.9051
                            Mean reward: 99.35
                    Mean episode length: 878.38
                        Mean action std: 0.34
                 Episode_Reward/upright: 1.6106
            Episode_Reward/body_ang_vel: -0.1133
        Episode_Reward/angular_momentum: -0.0000
          Episode_Reward/action_rate_l2: -1.6020
       Episode_Reward/crouch_glide_pose: 3.1876
    Episode_Reward/crouch_glide_pose_l1: -0.6124
           Episode_Reward/forward_speed: 0.9659
  Episode_Reward/forward_speed_tracking: 1.3995
            Episode_Reward/heading_hold: 0.3362
     Episode_Reward/crouch_forward_lean: 0.1698
               Episode_Reward/feet_flat: -0.0707
         Episode_Reward/self_collisions: -0.0184
     Episode_Reward/neck_action_rate_l2: -0.2946
        Episode_Reward/joint_torques_l2: -0.0006
        Episode_Metrics/mean_action_acc: 0.6360
          Curriculum/action_rate_weight: -0.5000
                   Curriculum/com_range: 0.0030
              Curriculum/head_com_range: 0.0030
           Episode_Termination/time_out: 9.1667
          Episode_Termination/fell_over: 2.0000
Episode_Termination/out_of_terrain_bounds: 0.0000
          Episode_Termination/nan_state: 0.0000
          Metrics/angular_momentum_mean: 0.0050
--------------------------------------------------------------------------------
                         Iteration time: 3.01s
                           Time elapsed: 00:05:12
                                    ETA: 00:45:19

################################################################################
[1m                          Learning iteration 103/1000                           [0m 

                               Run name: dynamic-gate-4096x1000-20260901
                            Total steps: 10223616 
                       Steps per second: 32989 
                        Collection time: 2.779s 
                          Learning time: 0.201s 
                        Mean value loss: 0.5885
                    Mean surrogate loss: -0.0062
                      Mean entropy loss: 4.8689
                            Mean reward: 101.35
                    Mean episode length: 870.19
                        Mean action std: 0.34
                 Episode_Reward/upright: 1.5979
            Episode_Reward/body_ang_vel: -0.1124
        Episode_Reward/angular_momentum: -0.0000
          Episode_Reward/action_rate_l2: -1.5876
       Episode_Reward/crouch_glide_pose: 3.1568
    Episode_Reward/crouch_glide_pose_l1: -0.6042
           Episode_Reward/forward_speed: 0.9841
  Episode_Reward/forward_speed_tracking: 1.4694
            Episode_Reward/heading_hold: 0.3459
     Episode_Reward/crouch_forward_lean: 0.1665
               Episode_Reward/feet_flat: -0.0720
         Episode_Reward/self_collisions: -0.0176
     Episode_Reward/neck_action_rate_l2: -0.2901
        Episode_Reward/joint_torques_l2: -0.0006
        Episode_Metrics/mean_action_acc: 0.6344
          Curriculum/action_rate_weight: -0.5000
                   Curriculum/com_range: 0.0030
              Curriculum/head_com_range: 0.0030
           Episode_Termination/time_out: 8.5417
          Episode_Termination/fell_over: 2.0000
Episode_Termination/out_of_terrain_bounds: 0.0000
          Episode_Termination/nan_state: 0.0000
          Metrics/angular_momentum_mean: 0.0050
--------------------------------------------------------------------------------
                         Iteration time: 2.98s
                           Time elapsed: 00:05:15
                                    ETA: 00:45:15

################################################################################
[1m                          Learning iteration 104/1000                           [0m 

                               Run name: dynamic-gate-4096x1000-20260901
                            Total steps: 10321920 
                       Steps per second: 32726 
                        Collection time: 2.817s 
                          Learning time: 0.187s 
                        Mean value loss: 0.4962
                    Mean surrogate loss: -0.0031
                      Mean entropy loss: 4.8329
                            Mean reward: 106.49
                    Mean episode length: 895.47
                        Mean action std: 0.34
                 Episode_Reward/upright: 1.6173
            Episode_Reward/body_ang_vel: -0.1119
        Episode_Reward/angular_momentum: -0.0000
          Episode_Reward/action_rate_l2: -1.5953
       Episode_Reward/crouch_glide_pose: 3.1810
    Episode_Reward/crouch_glide_pose_l1: -0.6060
           Episode_Reward/forward_speed: 1.0152
  Episode_Reward/forward_speed_tracking: 1.5402
            Episode_Reward/heading_hold: 0.3389
     Episode_Reward/crouch_forward_lean: 0.1765
               Episode_Reward/feet_flat: -0.0726
         Episode_Reward/self_collisions: -0.0188
     Episode_Reward/neck_action_rate_l2: -0.2916
        Episode_Reward/joint_torques_l2: -0.0006
        Episode_Metrics/mean_action_acc: 0.6346
          Curriculum/action_rate_weight: -0.5000
                   Curriculum/com_range: 0.0030
              Curriculum/head_com_range: 0.0030
           Episode_Termination/time_out: 6.8333
          Episode_Termination/fell_over: 1.6667
Episode_Termination/out_of_terrain_bounds: 0.0000
          Episode_Termination/nan_state: 0.0000
          Metrics/angular_momentum_mean: 0.0050
--------------------------------------------------------------------------------
                         Iteration time: 3.00s
                           Time elapsed: 00:05:18
                                    ETA: 00:45:12

################################################################################
[1m                          Learning iteration 105/1000                           [0m 

                               Run name: dynamic-gate-4096x1000-20260901
                            Total steps: 10420224 
                       Steps per second: 33409 
                        Collection time: 2.748s 
                          Learning time: 0.194s 
                        Mean value loss: 0.4900
                    Mean surrogate loss: -0.0067
                      Mean entropy loss: 4.7902
                            Mean reward: 103.24
                    Mean episode length: 849.70
                        Mean action std: 0.34
                 Episode_Reward/upright: 1.6288
            Episode_Reward/body_ang_vel: -0.1186
        Episode_Reward/angular_momentum: -0.0000
          Episode_Reward/action_rate_l2: -1.6148
       Episode_Reward/crouch_glide_pose: 3.2035
    Episode_Reward/crouch_glide_pose_l1: -0.6112
           Episode_Reward/forward_speed: 1.0621
  Episode_Reward/forward_speed_tracking: 1.6605
            Episode_Reward/heading_hold: 0.3412
     Episode_Reward/crouch_forward_lean: 0.1797
               Episode_Reward/feet_flat: -0.0750
         Episode_Reward/self_collisions: -0.0193
     Episode_Reward/neck_action_rate_l2: -0.2920
        Episode_Reward/joint_torques_l2: -0.0006
        Episode_Metrics/mean_action_acc: 0.6334
          Curriculum/action_rate_weight: -0.5000
                   Curriculum/com_range: 0.0030
              Curriculum/head_com_range: 0.0030
           Episode_Termination/time_out: 7.7083
          Episode_Termination/fell_over: 1.7917
Episode_Termination/out_of_terrain_bounds: 0.0000
          Episode_Termination/nan_state: 0.0000
          Metrics/angular_momentum_mean: 0.0050
--------------------------------------------------------------------------------
                         Iteration time: 2.94s
                           Time elapsed: 00:05:21
                                    ETA: 00:45:08

################################################################################
[1m                          Learning iteration 106/1000                           [0m 

                               Run name: dynamic-gate-4096x1000-20260901
                            Total steps: 10518528 
                       Steps per second: 32093 
                        Collection time: 2.858s 
                          Learning time: 0.205s 
                        Mean value loss: 0.5332
                    Mean surrogate loss: -0.0045
                      Mean entropy loss: 4.7364
                            Mean reward: 98.76
                    Mean episode length: 798.69
                        Mean action std: 0.34
                 Episode_Reward/upright: 1.5854
            Episode_Reward/body_ang_vel: -0.1131
        Episode_Reward/angular_momentum: -0.0000
          Episode_Reward/action_rate_l2: -1.5661
       Episode_Reward/crouch_glide_pose: 3.1045
    Episode_Reward/crouch_glide_pose_l1: -0.5889
           Episode_Reward/forward_speed: 1.0379
  Episode_Reward/forward_speed_tracking: 1.6476
            Episode_Reward/heading_hold: 0.3148
     Episode_Reward/crouch_forward_lean: 0.1734
               Episode_Reward/feet_flat: -0.0737
         Episode_Reward/self_collisions: -0.0187
     Episode_Reward/neck_action_rate_l2: -0.2819
        Episode_Reward/joint_torques_l2: -0.0006
        Episode_Metrics/mean_action_acc: 0.6340
          Curriculum/action_rate_weight: -0.5000
                   Curriculum/com_range: 0.0030
              Curriculum/head_com_range: 0.0030
           Episode_Termination/time_out: 6.6250
          Episode_Termination/fell_over: 1.5833
Episode_Termination/out_of_terrain_bounds: 0.0000
          Episode_Termination/nan_state: 0.0000
          Metrics/angular_momentum_mean: 0.0050
--------------------------------------------------------------------------------
                         Iteration time: 3.06s
                           Time elapsed: 00:05:24
                                    ETA: 00:45:06

################################################################################
[1m                          Learning iteration 107/1000                           [0m 

                               Run name: dynamic-gate-4096x1000-20260901
                            Total steps: 10616832 
                       Steps per second: 33208 
                        Collection time: 2.772s 
                          Learning time: 0.188s 
                        Mean value loss: 0.4287
                    Mean surrogate loss: -0.0050
                      Mean entropy loss: 4.6993
                            Mean reward: 106.45
                    Mean episode length: 837.09
                        Mean action std: 0.34
                 Episode_Reward/upright: 1.5751
            Episode_Reward/body_ang_vel: -0.1183
        Episode_Reward/angular_momentum: -0.0000
          Episode_Reward/action_rate_l2: -1.5630
       Episode_Reward/crouch_glide_pose: 3.0882
    Episode_Reward/crouch_glide_pose_l1: -0.5850
           Episode_Reward/forward_speed: 1.0768
  Episode_Reward/forward_speed_tracking: 1.7716
            Episode_Reward/heading_hold: 0.3140
     Episode_Reward/crouch_forward_lean: 0.1734
               Episode_Reward/feet_flat: -0.0754
         Episode_Reward/self_collisions: -0.0198
     Episode_Reward/neck_action_rate_l2: -0.2798
        Episode_Reward/joint_torques_l2: -0.0006
        Episode_Metrics/mean_action_acc: 0.6327
          Curriculum/action_rate_weight: -0.5000
                   Curriculum/com_range: 0.0030
              Curriculum/head_com_range: 0.0030
           Episode_Termination/time_out: 5.1250
          Episode_Termination/fell_over: 1.6250
Episode_Termination/out_of_terrain_bounds: 0.0000
          Episode_Termination/nan_state: 0.0000
          Metrics/angular_momentum_mean: 0.0050
--------------------------------------------------------------------------------
                         Iteration time: 2.96s
                           Time elapsed: 00:05:27
                                    ETA: 00:45:02

################################################################################
[1m                          Learning iteration 108/1000                           [0m 

                               Run name: dynamic-gate-4096x1000-20260901
                            Total steps: 10715136 
                       Steps per second: 32225 
                        Collection time: 2.843s 
                          Learning time: 0.208s 
                        Mean value loss: 0.4154
                    Mean surrogate loss: -0.0046
                      Mean entropy loss: 4.6535
                            Mean reward: 110.82
                    Mean episode length: 851.74
                        Mean action std: 0.34
                 Episode_Reward/upright: 1.5570
            Episode_Reward/body_ang_vel: -0.1182
        Episode_Reward/angular_momentum: -0.0000
          Episode_Reward/action_rate_l2: -1.5505
       Episode_Reward/crouch_glide_pose: 3.0477
    Episode_Reward/crouch_glide_pose_l1: -0.5743
           Episode_Reward/forward_speed: 1.0968
  Episode_Reward/forward_speed_tracking: 1.8410
            Episode_Reward/heading_hold: 0.3127
     Episode_Reward/crouch_forward_lean: 0.1780
               Episode_Reward/feet_flat: -0.0731
         Episode_Reward/self_collisions: -0.0190
     Episode_Reward/neck_action_rate_l2: -0.2755
        Episode_Reward/joint_torques_l2: -0.0006
        Episode_Metrics/mean_action_acc: 0.6339
          Curriculum/action_rate_weight: -0.5000
                   Curriculum/com_range: 0.0030
              Curriculum/head_com_range: 0.0030
           Episode_Termination/time_out: 3.4167
          Episode_Termination/fell_over: 0.9583
Episode_Termination/out_of_terrain_bounds: 0.0000
          Episode_Termination/nan_state: 0.0000
          Metrics/angular_momentum_mean: 0.0050
--------------------------------------------------------------------------------
                         Iteration time: 3.05s
                           Time elapsed: 00:05:30
                                    ETA: 00:44:59

################################################################################
[1m                          Learning iteration 109/1000                           [0m 

                               Run name: dynamic-gate-4096x1000-20260901
                            Total steps: 10813440 
                       Steps per second: 33665 
                        Collection time: 2.711s 
                          Learning time: 0.209s 
                        Mean value loss: 0.4058
                    Mean surrogate loss: -0.0059
                      Mean entropy loss: 4.5699
                            Mean reward: 107.86
                    Mean episode length: 823.81
                        Mean action std: 0.34
                 Episode_Reward/upright: 1.5291
            Episode_Reward/body_ang_vel: -0.1207
        Episode_Reward/angular_momentum: -0.0000
          Episode_Reward/action_rate_l2: -1.5372
       Episode_Reward/crouch_glide_pose: 3.0114
    Episode_Reward/crouch_glide_pose_l1: -0.5650
           Episode_Reward/forward_speed: 1.1072
  Episode_Reward/forward_speed_tracking: 1.9139
            Episode_Reward/heading_hold: 0.2699
     Episode_Reward/crouch_forward_lean: 0.1650
               Episode_Reward/feet_flat: -0.0775
         Episode_Reward/self_collisions: -0.0206
     Episode_Reward/neck_action_rate_l2: -0.2716
        Episode_Reward/joint_torques_l2: -0.0006
        Episode_Metrics/mean_action_acc: 0.6340
          Curriculum/action_rate_weight: -0.5000
                   Curriculum/com_range: 0.0030
              Curriculum/head_com_range: 0.0030
           Episode_Termination/time_out: 3.3750
          Episode_Termination/fell_over: 0.9583
Episode_Termination/out_of_terrain_bounds: 0.0000
          Episode_Termination/nan_state: 0.0000
          Metrics/angular_momentum_mean: 0.0050
--------------------------------------------------------------------------------
                         Iteration time: 2.92s
                           Time elapsed: 00:05:33
                                    ETA: 00:44:55

################################################################################
[1m                          Learning iteration 110/1000                           [0m 

                               Run name: dynamic-gate-4096x1000-20260901
                            Total steps: 10911744 
                       Steps per second: 32418 
                        Collection time: 2.836s 
                          Learning time: 0.196s 
                        Mean value loss: 0.3887
                    Mean surrogate loss: -0.0050
                      Mean entropy loss: 4.5038
                            Mean reward: 112.45
                    Mean episode length: 846.82
                        Mean action std: 0.33
                 Episode_Reward/upright: 1.5343
            Episode_Reward/body_ang_vel: -0.1178
        Episode_Reward/angular_momentum: -0.0000
          Episode_Reward/action_rate_l2: -1.5308
       Episode_Reward/crouch_glide_pose: 3.0098
    Episode_Reward/crouch_glide_pose_l1: -0.5649
           Episode_Reward/forward_speed: 1.1108
  Episode_Reward/forward_speed_tracking: 1.9145
            Episode_Reward/heading_hold: 0.2706
     Episode_Reward/crouch_forward_lean: 0.1520
               Episode_Reward/feet_flat: -0.0781
         Episode_Reward/self_collisions: -0.0190
     Episode_Reward/neck_action_rate_l2: -0.2705
        Episode_Reward/joint_torques_l2: -0.0006
        Episode_Metrics/mean_action_acc: 0.6309
          Curriculum/action_rate_weight: -0.5000
                   Curriculum/com_range: 0.0030
              Curriculum/head_com_range: 0.0030
           Episode_Termination/time_out: 2.5000
          Episode_Termination/fell_over: 0.7083
Episode_Termination/out_of_terrain_bounds: 0.0000
          Episode_Termination/nan_state: 0.0000
          Metrics/angular_momentum_mean: 0.0050
--------------------------------------------------------------------------------
                         Iteration time: 3.03s
                           Time elapsed: 00:05:36
                                    ETA: 00:44:52

################################################################################
[1m                          Learning iteration 111/1000                           [0m 

                               Run name: dynamic-gate-4096x1000-20260901
                            Total steps: 11010048 
                       Steps per second: 32839 
                        Collection time: 2.793s 
                          Learning time: 0.200s 
                        Mean value loss: 0.4086
                    Mean surrogate loss: -0.0036
                      Mean entropy loss: 4.4424
                            Mean reward: 111.19
                    Mean episode length: 823.33
                        Mean action std: 0.33
                 Episode_Reward/upright: 1.4417
            Episode_Reward/body_ang_vel: -0.1163
        Episode_Reward/angular_momentum: -0.0000
          Episode_Reward/action_rate_l2: -1.4506
       Episode_Reward/crouch_glide_pose: 2.8265
    Episode_Reward/crouch_glide_pose_l1: -0.5281
           Episode_Reward/forward_speed: 1.0932
  Episode_Reward/forward_speed_tracking: 1.9275
            Episode_Reward/heading_hold: 0.2724
     Episode_Reward/crouch_forward_lean: 0.1595
               Episode_Reward/feet_flat: -0.0749
         Episode_Reward/self_collisions: -0.0197
     Episode_Reward/neck_action_rate_l2: -0.2546
        Episode_Reward/joint_torques_l2: -0.0006
        Episode_Metrics/mean_action_acc: 0.6328
          Curriculum/action_rate_weight: -0.5000
                   Curriculum/com_range: 0.0030
              Curriculum/head_com_range: 0.0030
           Episode_Termination/time_out: 2.3333
          Episode_Termination/fell_over: 0.8333
Episode_Termination/out_of_terrain_bounds: 0.0000
          Episode_Termination/nan_state: 0.0000
          Metrics/angular_momentum_mean: 0.0049
--------------------------------------------------------------------------------
                         Iteration time: 2.99s
                           Time elapsed: 00:05:39
                                    ETA: 00:44:49

################################################################################
[1m                          Learning iteration 112/1000                           [0m 

                               Run name: dynamic-gate-4096x1000-20260901
                            Total steps: 11108352 
                       Steps per second: 32272 
                        Collection time: 2.847s 
                          Learning time: 0.199s 
                        Mean value loss: 0.4196
                    Mean surrogate loss: -0.0045
                      Mean entropy loss: 4.3918
                            Mean reward: 103.73
                    Mean episode length: 754.49
                        Mean action std: 0.33
                 Episode_Reward/upright: 1.4467
            Episode_Reward/body_ang_vel: -0.1091
        Episode_Reward/angular_momentum: -0.0000
          Episode_Reward/action_rate_l2: -1.4414
       Episode_Reward/crouch_glide_pose: 2.8311
    Episode_Reward/crouch_glide_pose_l1: -0.5244
           Episode_Reward/forward_speed: 1.0904
  Episode_Reward/forward_speed_tracking: 1.9495
            Episode_Reward/heading_hold: 0.2801
     Episode_Reward/crouch_forward_lean: 0.1631
               Episode_Reward/feet_flat: -0.0750
         Episode_Reward/self_collisions: -0.0175
     Episode_Reward/neck_action_rate_l2: -0.2511
        Episode_Reward/joint_torques_l2: -0.0006
        Episode_Metrics/mean_action_acc: 0.6327
          Curriculum/action_rate_weight: -0.5000
                   Curriculum/com_range: 0.0030
              Curriculum/head_com_range: 0.0030
           Episode_Termination/time_out: 1.7500
          Episode_Termination/fell_over: 1.1250
Episode_Termination/out_of_terrain_bounds: 0.0000
          Episode_Termination/nan_state: 0.0000
          Metrics/angular_momentum_mean: 0.0049
--------------------------------------------------------------------------------
                         Iteration time: 3.05s
                           Time elapsed: 00:05:42
                                    ETA: 00:44:46

################################################################################
[1m                          Learning iteration 113/1000                           [0m 

                               Run name: dynamic-gate-4096x1000-20260901
                            Total steps: 11206656 
                       Steps per second: 33175 
                        Collection time: 2.752s 
                          Learning time: 0.211s 
                        Mean value loss: 0.3640
                    Mean surrogate loss: -0.0049
                      Mean entropy loss: 4.3390
                            Mean reward: 105.93
                    Mean episode length: 752.20
                        Mean action std: 0.33
                 Episode_Reward/upright: 1.3311
            Episode_Reward/body_ang_vel: -0.1152
        Episode_Reward/angular_momentum: -0.0000
          Episode_Reward/action_rate_l2: -1.3411
       Episode_Reward/crouch_glide_pose: 2.6291
    Episode_Reward/crouch_glide_pose_l1: -0.4849
           Episode_Reward/forward_speed: 1.0649
  Episode_Reward/forward_speed_tracking: 1.9537
            Episode_Reward/heading_hold: 0.2291
     Episode_Reward/crouch_forward_lean: 0.1666
               Episode_Reward/feet_flat: -0.0717
         Episode_Reward/self_collisions: -0.0198
     Episode_Reward/neck_action_rate_l2: -0.2334
        Episode_Reward/joint_torques_l2: -0.0005
        Episode_Metrics/mean_action_acc: 0.6305
          Curriculum/action_rate_weight: -0.5000
                   Curriculum/com_range: 0.0030
              Curriculum/head_com_range: 0.0030
           Episode_Termination/time_out: 1.6667
          Episode_Termination/fell_over: 1.2083
Episode_Termination/out_of_terrain_bounds: 0.0000
          Episode_Termination/nan_state: 0.0000
          Metrics/angular_momentum_mean: 0.0049
--------------------------------------------------------------------------------
                         Iteration time: 2.96s
                           Time elapsed: 00:05:45
                                    ETA: 00:44:42

################################################################################
[1m                          Learning iteration 114/1000                           [0m 

                               Run name: dynamic-gate-4096x1000-20260901
                            Total steps: 11304960 
                       Steps per second: 31830 
                        Collection time: 2.861s 
                          Learning time: 0.228s 
                        Mean value loss: 0.4464
                    Mean surrogate loss: -0.0036
                      Mean entropy loss: 4.2890
                            Mean reward: 113.08
                    Mean episode length: 796.85
                        Mean action std: 0.33
                 Episode_Reward/upright: 1.5211
            Episode_Reward/body_ang_vel: -0.1221
        Episode_Reward/angular_momentum: -0.0000
          Episode_Reward/action_rate_l2: -1.5190
       Episode_Reward/crouch_glide_pose: 2.9677
    Episode_Reward/crouch_glide_pose_l1: -0.5518
           Episode_Reward/forward_speed: 1.2071
  Episode_Reward/forward_speed_tracking: 2.2383
            Episode_Reward/heading_hold: 0.2309
     Episode_Reward/crouch_forward_lean: 0.1826
               Episode_Reward/feet_flat: -0.0787
         Episode_Reward/self_collisions: -0.0215
     Episode_Reward/neck_action_rate_l2: -0.2634
        Episode_Reward/joint_torques_l2: -0.0006
        Episode_Metrics/mean_action_acc: 0.6284
          Curriculum/action_rate_weight: -0.5000
                   Curriculum/com_range: 0.0030
              Curriculum/head_com_range: 0.0030
           Episode_Termination/time_out: 1.9167
          Episode_Termination/fell_over: 0.6667
Episode_Termination/out_of_terrain_bounds: 0.0000
          Episode_Termination/nan_state: 0.0000
          Metrics/angular_momentum_mean: 0.0048
--------------------------------------------------------------------------------
                         Iteration time: 3.09s
                           Time elapsed: 00:05:48
                                    ETA: 00:44:40

################################################################################
[1m                          Learning iteration 115/1000                           [0m 

                               Run name: dynamic-gate-4096x1000-20260901
                            Total steps: 11403264 
                       Steps per second: 32972 
                        Collection time: 2.771s 
                          Learning time: 0.211s 
                        Mean value loss: 0.3719
                    Mean surrogate loss: -0.0047
                      Mean entropy loss: 4.2473
                            Mean reward: 109.61
                    Mean episode length: 757.55
                        Mean action std: 0.33
                 Episode_Reward/upright: 1.4168
            Episode_Reward/body_ang_vel: -0.1116
        Episode_Reward/angular_momentum: -0.0000
          Episode_Reward/action_rate_l2: -1.3964
       Episode_Reward/crouch_glide_pose: 2.7653
    Episode_Reward/crouch_glide_pose_l1: -0.5070
           Episode_Reward/forward_speed: 1.1266
  Episode_Reward/forward_speed_tracking: 2.1108
            Episode_Reward/heading_hold: 0.2662
     Episode_Reward/crouch_forward_lean: 0.1790
               Episode_Reward/feet_flat: -0.0708
         Episode_Reward/self_collisions: -0.0177
     Episode_Reward/neck_action_rate_l2: -0.2441
        Episode_Reward/joint_torques_l2: -0.0006
        Episode_Metrics/mean_action_acc: 0.6251
          Curriculum/action_rate_weight: -0.5000
                   Curriculum/com_range: 0.0030
              Curriculum/head_com_range: 0.0030
           Episode_Termination/time_out: 1.7500
          Episode_Termination/fell_over: 1.0417
Episode_Termination/out_of_terrain_bounds: 0.0000
          Episode_Termination/nan_state: 0.0000
          Metrics/angular_momentum_mean: 0.0048
--------------------------------------------------------------------------------
                         Iteration time: 2.98s
                           Time elapsed: 00:05:51
                                    ETA: 00:44:36

################################################################################
[1m                          Learning iteration 116/1000                           [0m 

                               Run name: dynamic-gate-4096x1000-20260901
                            Total steps: 11501568 
                       Steps per second: 33645 
                        Collection time: 2.720s 
                          Learning time: 0.202s 
                        Mean value loss: 0.3955
                    Mean surrogate loss: -0.0042
                      Mean entropy loss: 4.1826
                            Mean reward: 118.19
                    Mean episode length: 801.09
                        Mean action std: 0.33
                 Episode_Reward/upright: 1.6667
            Episode_Reward/body_ang_vel: -0.1243
        Episode_Reward/angular_momentum: -0.0000
          Episode_Reward/action_rate_l2: -1.6480
       Episode_Reward/crouch_glide_pose: 3.2362
    Episode_Reward/crouch_glide_pose_l1: -0.5944
           Episode_Reward/forward_speed: 1.3421
  Episode_Reward/forward_speed_tracking: 2.5476
            Episode_Reward/heading_hold: 0.2623
     Episode_Reward/crouch_forward_lean: 0.1982
               Episode_Reward/feet_flat: -0.0854
         Episode_Reward/self_collisions: -0.0192
     Episode_Reward/neck_action_rate_l2: -0.2843
        Episode_Reward/joint_torques_l2: -0.0006
        Episode_Metrics/mean_action_acc: 0.6302
          Curriculum/action_rate_weight: -0.5000
                   Curriculum/com_range: 0.0030
              Curriculum/head_com_range: 0.0030
           Episode_Termination/time_out: 2.2500
          Episode_Termination/fell_over: 0.7083
Episode_Termination/out_of_terrain_bounds: 0.0000
          Episode_Termination/nan_state: 0.0000
          Metrics/angular_momentum_mean: 0.0048
--------------------------------------------------------------------------------
                         Iteration time: 2.92s
                           Time elapsed: 00:05:54
                                    ETA: 00:44:33

################################################################################
[1m                          Learning iteration 117/1000                           [0m 

                               Run name: dynamic-gate-4096x1000-20260901
                            Total steps: 11599872 
                       Steps per second: 34128 
                        Collection time: 2.674s 
                          Learning time: 0.206s 
                        Mean value loss: 0.3685
                    Mean surrogate loss: -0.0037
                      Mean entropy loss: 4.1379
                            Mean reward: 124.68
                    Mean episode length: 840.06
                        Mean action std: 0.33
                 Episode_Reward/upright: 1.5094
            Episode_Reward/body_ang_vel: -0.1257
        Episode_Reward/angular_momentum: -0.0000
          Episode_Reward/action_rate_l2: -1.5302
       Episode_Reward/crouch_glide_pose: 2.9578
    Episode_Reward/crouch_glide_pose_l1: -0.5429
           Episode_Reward/forward_speed: 1.2648
  Episode_Reward/forward_speed_tracking: 2.4347
            Episode_Reward/heading_hold: 0.2448
     Episode_Reward/crouch_forward_lean: 0.1770
               Episode_Reward/feet_flat: -0.0830
         Episode_Reward/self_collisions: -0.0226
     Episode_Reward/neck_action_rate_l2: -0.2625
        Episode_Reward/joint_torques_l2: -0.0006
        Episode_Metrics/mean_action_acc: 0.6309
          Curriculum/action_rate_weight: -0.5000
                   Curriculum/com_range: 0.0030
              Curriculum/head_com_range: 0.0030
           Episode_Termination/time_out: 1.9167
          Episode_Termination/fell_over: 0.6667
Episode_Termination/out_of_terrain_bounds: 0.0000
          Episode_Termination/nan_state: 0.0000
          Metrics/angular_momentum_mean: 0.0047
--------------------------------------------------------------------------------
                         Iteration time: 2.88s
                           Time elapsed: 00:05:57
                                    ETA: 00:44:29

################################################################################
[1m                          Learning iteration 118/1000                           [0m 

                               Run name: dynamic-gate-4096x1000-20260901
                            Total steps: 11698176 
                       Steps per second: 33383 
                        Collection time: 2.722s 
                          Learning time: 0.223s 
                        Mean value loss: 0.3172
                    Mean surrogate loss: -0.0002
                      Mean entropy loss: 4.1084
                            Mean reward: 125.89
                    Mean episode length: 832.56
                        Mean action std: 0.32
                 Episode_Reward/upright: 1.6215
            Episode_Reward/body_ang_vel: -0.1282
        Episode_Reward/angular_momentum: -0.0000
          Episode_Reward/action_rate_l2: -1.6222
       Episode_Reward/crouch_glide_pose: 3.1654
    Episode_Reward/crouch_glide_pose_l1: -0.5769
           Episode_Reward/forward_speed: 1.3631
  Episode_Reward/forward_speed_tracking: 2.6610
            Episode_Reward/heading_hold: 0.2679
     Episode_Reward/crouch_forward_lean: 0.2078
               Episode_Reward/feet_flat: -0.0820
         Episode_Reward/self_collisions: -0.0239
     Episode_Reward/neck_action_rate_l2: -0.2782
        Episode_Reward/joint_torques_l2: -0.0006
        Episode_Metrics/mean_action_acc: 0.6277
          Curriculum/action_rate_weight: -0.5000
                   Curriculum/com_range: 0.0030
              Curriculum/head_com_range: 0.0030
           Episode_Termination/time_out: 1.9167
          Episode_Termination/fell_over: 0.7083
Episode_Termination/out_of_terrain_bounds: 0.0000
          Episode_Termination/nan_state: 0.0000
          Metrics/angular_momentum_mean: 0.0047
--------------------------------------------------------------------------------
                         Iteration time: 2.94s
                           Time elapsed: 00:06:00
                                    ETA: 00:44:25

################################################################################
[1m                          Learning iteration 119/1000                           [0m 

                               Run name: dynamic-gate-4096x1000-20260901
                            Total steps: 11796480 
                       Steps per second: 34129 
                        Collection time: 2.687s 
                          Learning time: 0.193s 
                        Mean value loss: 0.3074
                    Mean surrogate loss: -0.0048
                      Mean entropy loss: 4.0627
                            Mean reward: 132.65
                    Mean episode length: 859.72
                        Mean action std: 0.32
                 Episode_Reward/upright: 1.6575
            Episode_Reward/body_ang_vel: -0.1356
        Episode_Reward/angular_momentum: -0.0000
          Episode_Reward/action_rate_l2: -1.6624
       Episode_Reward/crouch_glide_pose: 3.2355
    Episode_Reward/crouch_glide_pose_l1: -0.5885
           Episode_Reward/forward_speed: 1.4258
  Episode_Reward/forward_speed_tracking: 2.8402
            Episode_Reward/heading_hold: 0.2505
     Episode_Reward/crouch_forward_lean: 0.2004
               Episode_Reward/feet_flat: -0.0868
         Episode_Reward/self_collisions: -0.0219
     Episode_Reward/neck_action_rate_l2: -0.2828
        Episode_Reward/joint_torques_l2: -0.0007
        Episode_Metrics/mean_action_acc: 0.6279
          Curriculum/action_rate_weight: -0.5000
                   Curriculum/com_range: 0.0030
              Curriculum/head_com_range: 0.0030
           Episode_Termination/time_out: 1.7083
          Episode_Termination/fell_over: 0.5833
Episode_Termination/out_of_terrain_bounds: 0.0000
          Episode_Termination/nan_state: 0.0000
          Metrics/angular_momentum_mean: 0.0046
--------------------------------------------------------------------------------
                         Iteration time: 2.88s
                           Time elapsed: 00:06:02
                                    ETA: 00:44:21

################################################################################
[1m                          Learning iteration 120/1000                           [0m 

                               Run name: dynamic-gate-4096x1000-20260901
                            Total steps: 11894784 
                       Steps per second: 32970 
                        Collection time: 2.784s 
                          Learning time: 0.198s 
                        Mean value loss: 0.3359
                    Mean surrogate loss: -0.0040
                      Mean entropy loss: 4.0010
                            Mean reward: 138.85
                    Mean episode length: 890.37
                        Mean action std: 0.32
                 Episode_Reward/upright: 1.6889
            Episode_Reward/body_ang_vel: -0.1348
        Episode_Reward/angular_momentum: -0.0000
          Episode_Reward/action_rate_l2: -1.6914
       Episode_Reward/crouch_glide_pose: 3.2910
    Episode_Reward/crouch_glide_pose_l1: -0.5977
           Episode_Reward/forward_speed: 1.4454
  Episode_Reward/forward_speed_tracking: 2.8907
            Episode_Reward/heading_hold: 0.2688
     Episode_Reward/crouch_forward_lean: 0.1978
               Episode_Reward/feet_flat: -0.0903
         Episode_Reward/self_collisions: -0.0244
     Episode_Reward/neck_action_rate_l2: -0.2876
        Episode_Reward/joint_torques_l2: -0.0007
        Episode_Metrics/mean_action_acc: 0.6268
          Curriculum/action_rate_weight: -0.5000
                   Curriculum/com_range: 0.0030
              Curriculum/head_com_range: 0.0030
           Episode_Termination/time_out: 2.7083
          Episode_Termination/fell_over: 0.6250
Episode_Termination/out_of_terrain_bounds: 0.0000
          Episode_Termination/nan_state: 0.0000
          Metrics/angular_momentum_mean: 0.0046
--------------------------------------------------------------------------------
                         Iteration time: 2.98s
                           Time elapsed: 00:06:05
                                    ETA: 00:44:17

################################################################################
[1m                          Learning iteration 121/1000                           [0m 

                               Run name: dynamic-gate-4096x1000-20260901
                            Total steps: 11993088 
                       Steps per second: 33233 
                        Collection time: 2.757s 
                          Learning time: 0.201s 
                        Mean value loss: 0.2713
                    Mean surrogate loss: -0.0044
                      Mean entropy loss: 3.9579
                            Mean reward: 140.77
                    Mean episode length: 894.11
                        Mean action std: 0.32
                 Episode_Reward/upright: 1.6237
            Episode_Reward/body_ang_vel: -0.1315
        Episode_Reward/angular_momentum: -0.0000
          Episode_Reward/action_rate_l2: -1.6291
       Episode_Reward/crouch_glide_pose: 3.1705
    Episode_Reward/crouch_glide_pose_l1: -0.5715
           Episode_Reward/forward_speed: 1.4151
  Episode_Reward/forward_speed_tracking: 2.8617
            Episode_Reward/heading_hold: 0.2339
     Episode_Reward/crouch_forward_lean: 0.2112
               Episode_Reward/feet_flat: -0.0859
         Episode_Reward/self_collisions: -0.0230
     Episode_Reward/neck_action_rate_l2: -0.2775
        Episode_Reward/joint_torques_l2: -0.0007
        Episode_Metrics/mean_action_acc: 0.6277
          Curriculum/action_rate_weight: -0.5000
                   Curriculum/com_range: 0.0030
              Curriculum/head_com_range: 0.0030
           Episode_Termination/time_out: 2.8750
          Episode_Termination/fell_over: 0.5833
Episode_Termination/out_of_terrain_bounds: 0.0000
          Episode_Termination/nan_state: 0.0000
          Metrics/angular_momentum_mean: 0.0046
--------------------------------------------------------------------------------
                         Iteration time: 2.96s
                           Time elapsed: 00:06:08
                                    ETA: 00:44:14

################################################################################
[1m                          Learning iteration 122/1000                           [0m 

                               Run name: dynamic-gate-4096x1000-20260901
                            Total steps: 12091392 
                       Steps per second: 33147 
                        Collection time: 2.764s 
                          Learning time: 0.201s 
                        Mean value loss: 0.2704
                    Mean surrogate loss: -0.0035
                      Mean entropy loss: 3.9022
                            Mean reward: 145.62
                    Mean episode length: 913.52
                        Mean action std: 0.32
                 Episode_Reward/upright: 1.7045
            Episode_Reward/body_ang_vel: -0.1360
        Episode_Reward/angular_momentum: -0.0000
          Episode_Reward/action_rate_l2: -1.7074
       Episode_Reward/crouch_glide_pose: 3.3252
    Episode_Reward/crouch_glide_pose_l1: -0.6002
           Episode_Reward/forward_speed: 1.4968
  Episode_Reward/forward_speed_tracking: 3.0398
            Episode_Reward/heading_hold: 0.2730
     Episode_Reward/crouch_forward_lean: 0.2236
               Episode_Reward/feet_flat: -0.0885
         Episode_Reward/self_collisions: -0.0249
     Episode_Reward/neck_action_rate_l2: -0.2892
        Episode_Reward/joint_torques_l2: -0.0007
        Episode_Metrics/mean_action_acc: 0.6284
          Curriculum/action_rate_weight: -0.5000
                   Curriculum/com_range: 0.0030
              Curriculum/head_com_range: 0.0030
           Episode_Termination/time_out: 2.7500
          Episode_Termination/fell_over: 0.5417
Episode_Termination/out_of_terrain_bounds: 0.0000
          Episode_Termination/nan_state: 0.0000
          Metrics/angular_momentum_mean: 0.0045
--------------------------------------------------------------------------------
                         Iteration time: 2.97s
                           Time elapsed: 00:06:11
                                    ETA: 00:44:11

################################################################################
[1m                          Learning iteration 123/1000                           [0m 

                               Run name: dynamic-gate-4096x1000-20260901
                            Total steps: 12189696 
                       Steps per second: 33003 
                        Collection time: 2.767s 
                          Learning time: 0.211s 
                        Mean value loss: 0.3012
                    Mean surrogate loss: -0.0024
                      Mean entropy loss: 3.8529
                            Mean reward: 146.05
                    Mean episode length: 908.81
                        Mean action std: 0.32
                 Episode_Reward/upright: 1.7432
            Episode_Reward/body_ang_vel: -0.1441
        Episode_Reward/angular_momentum: -0.0000
          Episode_Reward/action_rate_l2: -1.7512
       Episode_Reward/crouch_glide_pose: 3.4032
    Episode_Reward/crouch_glide_pose_l1: -0.6137
           Episode_Reward/forward_speed: 1.5466
  Episode_Reward/forward_speed_tracking: 3.1893
            Episode_Reward/heading_hold: 0.2530
     Episode_Reward/crouch_forward_lean: 0.2132
               Episode_Reward/feet_flat: -0.0960
         Episode_Reward/self_collisions: -0.0255
     Episode_Reward/neck_action_rate_l2: -0.2960
        Episode_Reward/joint_torques_l2: -0.0007
        Episode_Metrics/mean_action_acc: 0.6282
          Curriculum/action_rate_weight: -0.5000
                   Curriculum/com_range: 0.0030
              Curriculum/head_com_range: 0.0030
           Episode_Termination/time_out: 2.7500
          Episode_Termination/fell_over: 0.5000
Episode_Termination/out_of_terrain_bounds: 0.0000
          Episode_Termination/nan_state: 0.0000
          Metrics/angular_momentum_mean: 0.0046
--------------------------------------------------------------------------------
                         Iteration time: 2.98s
                           Time elapsed: 00:06:14
                                    ETA: 00:44:07

################################################################################
[1m                          Learning iteration 124/1000                           [0m 

                               Run name: dynamic-gate-4096x1000-20260901
                            Total steps: 12288000 
                       Steps per second: 32188 
                        Collection time: 2.768s 
                          Learning time: 0.286s 
                        Mean value loss: 0.2441
                    Mean surrogate loss: -0.0041
                      Mean entropy loss: 3.8013
                            Mean reward: 145.42
                    Mean episode length: 895.56
                        Mean action std: 0.32
                 Episode_Reward/upright: 1.6925
            Episode_Reward/body_ang_vel: -0.1306
        Episode_Reward/angular_momentum: -0.0000
          Episode_Reward/action_rate_l2: -1.6857
       Episode_Reward/crouch_glide_pose: 3.3120
    Episode_Reward/crouch_glide_pose_l1: -0.5882
           Episode_Reward/forward_speed: 1.5095
  Episode_Reward/forward_speed_tracking: 3.1116
            Episode_Reward/heading_hold: 0.2133
     Episode_Reward/crouch_forward_lean: 0.2323
               Episode_Reward/feet_flat: -0.0865
         Episode_Reward/self_collisions: -0.0216
     Episode_Reward/neck_action_rate_l2: -0.2839
        Episode_Reward/joint_torques_l2: -0.0007
        Episode_Metrics/mean_action_acc: 0.6254
          Curriculum/action_rate_weight: -0.5000
                   Curriculum/com_range: 0.0030
              Curriculum/head_com_range: 0.0030
           Episode_Termination/time_out: 2.7083
          Episode_Termination/fell_over: 0.5417
Episode_Termination/out_of_terrain_bounds: 0.0000
          Episode_Termination/nan_state: 0.0000
          Metrics/angular_momentum_mean: 0.0046
--------------------------------------------------------------------------------
                         Iteration time: 3.05s
                           Time elapsed: 00:06:17
                                    ETA: 00:44:04

################################################################################
[1m                          Learning iteration 125/1000                           [0m 

                               Run name: dynamic-gate-4096x1000-20260901
                            Total steps: 12386304 
                       Steps per second: 32767 
                        Collection time: 2.797s 
                          Learning time: 0.203s 
                        Mean value loss: 0.3207
                    Mean surrogate loss: -0.0046
                      Mean entropy loss: 3.7329
                            Mean reward: 150.48
                    Mean episode length: 916.47
                        Mean action std: 0.32
                 Episode_Reward/upright: 1.7689
            Episode_Reward/body_ang_vel: -0.1370
        Episode_Reward/angular_momentum: -0.0000
          Episode_Reward/action_rate_l2: -1.7625
       Episode_Reward/crouch_glide_pose: 3.4498
    Episode_Reward/crouch_glide_pose_l1: -0.6151
           Episode_Reward/forward_speed: 1.5852
  Episode_Reward/forward_speed_tracking: 3.3464
            Episode_Reward/heading_hold: 0.2469
     Episode_Reward/crouch_forward_lean: 0.2403
               Episode_Reward/feet_flat: -0.0914
         Episode_Reward/self_collisions: -0.0276
     Episode_Reward/neck_action_rate_l2: -0.2990
        Episode_Reward/joint_torques_l2: -0.0007
        Episode_Metrics/mean_action_acc: 0.6248
          Curriculum/action_rate_weight: -0.5000
                   Curriculum/com_range: 0.0030
              Curriculum/head_com_range: 0.0030
           Episode_Termination/time_out: 2.0833
          Episode_Termination/fell_over: 0.2083
Episode_Termination/out_of_terrain_bounds: 0.0000
          Episode_Termination/nan_state: 0.0000
          Metrics/angular_momentum_mean: 0.0045
--------------------------------------------------------------------------------
                         Iteration time: 3.00s
                           Time elapsed: 00:06:20
                                    ETA: 00:44:01

################################################################################
[1m                          Learning iteration 126/1000                           [0m 

                               Run name: dynamic-gate-4096x1000-20260901
                            Total steps: 12484608 
                       Steps per second: 33517 
                        Collection time: 2.739s 
                          Learning time: 0.194s 
                        Mean value loss: 0.3505
                    Mean surrogate loss: -0.0032
                      Mean entropy loss: 3.6903
                            Mean reward: 153.22
                    Mean episode length: 917.43
                        Mean action std: 0.31
                 Episode_Reward/upright: 1.7458
            Episode_Reward/body_ang_vel: -0.1352
        Episode_Reward/angular_momentum: -0.0000
          Episode_Reward/action_rate_l2: -1.7445
       Episode_Reward/crouch_glide_pose: 3.4199
    Episode_Reward/crouch_glide_pose_l1: -0.6030
           Episode_Reward/forward_speed: 1.5901
  Episode_Reward/forward_speed_tracking: 3.3797
            Episode_Reward/heading_hold: 0.2447
     Episode_Reward/crouch_forward_lean: 0.2351
               Episode_Reward/feet_flat: -0.0923
         Episode_Reward/self_collisions: -0.0260
     Episode_Reward/neck_action_rate_l2: -0.2917
        Episode_Reward/joint_torques_l2: -0.0007
        Episode_Metrics/mean_action_acc: 0.6242
          Curriculum/action_rate_weight: -0.5000
                   Curriculum/com_range: 0.0030
              Curriculum/head_com_range: 0.0030
           Episode_Termination/time_out: 2.8750
          Episode_Termination/fell_over: 0.4167
Episode_Termination/out_of_terrain_bounds: 0.0000
          Episode_Termination/nan_state: 0.0000
          Metrics/angular_momentum_mean: 0.0045
--------------------------------------------------------------------------------
                         Iteration time: 2.93s
                           Time elapsed: 00:06:23
                                    ETA: 00:43:58

################################################################################
[1m                          Learning iteration 127/1000                           [0m 

                               Run name: dynamic-gate-4096x1000-20260901
                            Total steps: 12582912 
                       Steps per second: 32180 
                        Collection time: 2.855s 
                          Learning time: 0.200s 
                        Mean value loss: 0.2923
                    Mean surrogate loss: -0.0004
                      Mean entropy loss: 3.6506
                            Mean reward: 148.24
                    Mean episode length: 879.44
                        Mean action std: 0.31
                 Episode_Reward/upright: 1.6149
            Episode_Reward/body_ang_vel: -0.1304
        Episode_Reward/angular_momentum: -0.0000
          Episode_Reward/action_rate_l2: -1.6182
       Episode_Reward/crouch_glide_pose: 3.1813
    Episode_Reward/crouch_glide_pose_l1: -0.5594
           Episode_Reward/forward_speed: 1.4832
  Episode_Reward/forward_speed_tracking: 3.1962
            Episode_Reward/heading_hold: 0.2347
     Episode_Reward/crouch_forward_lean: 0.2038
               Episode_Reward/feet_flat: -0.0913
         Episode_Reward/self_collisions: -0.0226
     Episode_Reward/neck_action_rate_l2: -0.2700
        Episode_Reward/joint_torques_l2: -0.0007
        Episode_Metrics/mean_action_acc: 0.6219
          Curriculum/action_rate_weight: -0.5000
                   Curriculum/com_range: 0.0030
              Curriculum/head_com_range: 0.0030
           Episode_Termination/time_out: 2.2083
          Episode_Termination/fell_over: 0.9167
Episode_Termination/out_of_terrain_bounds: 0.0000
          Episode_Termination/nan_state: 0.0000
          Metrics/angular_momentum_mean: 0.0045
--------------------------------------------------------------------------------
                         Iteration time: 3.05s
                           Time elapsed: 00:06:26
                                    ETA: 00:43:55

################################################################################
[1m                          Learning iteration 128/1000                           [0m 

                               Run name: dynamic-gate-4096x1000-20260901
                            Total steps: 12681216 
                       Steps per second: 31861 
                        Collection time: 2.890s 
                          Learning time: 0.196s 
                        Mean value loss: 0.2482
                    Mean surrogate loss: -0.0054
                      Mean entropy loss: 3.6062
                            Mean reward: 148.71
                    Mean episode length: 877.89
                        Mean action std: 0.31
                 Episode_Reward/upright: 1.7381
            Episode_Reward/body_ang_vel: -0.1362
        Episode_Reward/angular_momentum: -0.0000
          Episode_Reward/action_rate_l2: -1.7348
       Episode_Reward/crouch_glide_pose: 3.4122
    Episode_Reward/crouch_glide_pose_l1: -0.5985
           Episode_Reward/forward_speed: 1.5977
  Episode_Reward/forward_speed_tracking: 3.4598
            Episode_Reward/heading_hold: 0.2440
     Episode_Reward/crouch_forward_lean: 0.2218
               Episode_Reward/feet_flat: -0.0961
         Episode_Reward/self_collisions: -0.0271
     Episode_Reward/neck_action_rate_l2: -0.2892
        Episode_Reward/joint_torques_l2: -0.0007
        Episode_Metrics/mean_action_acc: 0.6241
          Curriculum/action_rate_weight: -0.5000
                   Curriculum/com_range: 0.0030
              Curriculum/head_com_range: 0.0030
           Episode_Termination/time_out: 2.5000
          Episode_Termination/fell_over: 0.5833
Episode_Termination/out_of_terrain_bounds: 0.0000
          Episode_Termination/nan_state: 0.0000
          Metrics/angular_momentum_mean: 0.0045
--------------------------------------------------------------------------------
                         Iteration time: 3.09s
                           Time elapsed: 00:06:29
                                    ETA: 00:43:52

################################################################################
[1m                          Learning iteration 129/1000                           [0m 

                               Run name: dynamic-gate-4096x1000-20260901
                            Total steps: 12779520 
                       Steps per second: 33948 
                        Collection time: 2.686s 
                          Learning time: 0.210s 
                        Mean value loss: 0.2823
                    Mean surrogate loss: -0.0047
                      Mean entropy loss: 3.5280
                            Mean reward: 153.98
                    Mean episode length: 896.81
                        Mean action std: 0.31
                 Episode_Reward/upright: 1.7250
            Episode_Reward/body_ang_vel: -0.1350
        Episode_Reward/angular_momentum: -0.0000
          Episode_Reward/action_rate_l2: -1.7213
       Episode_Reward/crouch_glide_pose: 3.3813
    Episode_Reward/crouch_glide_pose_l1: -0.5905
           Episode_Reward/forward_speed: 1.5991
  Episode_Reward/forward_speed_tracking: 3.4924
            Episode_Reward/heading_hold: 0.2240
     Episode_Reward/crouch_forward_lean: 0.2458
               Episode_Reward/feet_flat: -0.0935
         Episode_Reward/self_collisions: -0.0245
     Episode_Reward/neck_action_rate_l2: -0.2877
        Episode_Reward/joint_torques_l2: -0.0007
        Episode_Metrics/mean_action_acc: 0.6241
          Curriculum/action_rate_weight: -0.5000
                   Curriculum/com_range: 0.0030
              Curriculum/head_com_range: 0.0030
           Episode_Termination/time_out: 2.7083
          Episode_Termination/fell_over: 0.4583
Episode_Termination/out_of_terrain_bounds: 0.0000
          Episode_Termination/nan_state: 0.0000
          Metrics/angular_momentum_mean: 0.0045
--------------------------------------------------------------------------------
                         Iteration time: 2.90s
                           Time elapsed: 00:06:32
                                    ETA: 00:43:48

################################################################################
[1m                          Learning iteration 130/1000                           [0m 

                               Run name: dynamic-gate-4096x1000-20260901
                            Total steps: 12877824 
                       Steps per second: 33285 
                        Collection time: 2.741s 
                          Learning time: 0.212s 
                        Mean value loss: 0.3157
                    Mean surrogate loss: -0.0015
                      Mean entropy loss: 3.5171
                            Mean reward: 155.69
                    Mean episode length: 903.79
                        Mean action std: 0.31
                 Episode_Reward/upright: 1.6518
            Episode_Reward/body_ang_vel: -0.1335
        Episode_Reward/angular_momentum: -0.0000
          Episode_Reward/action_rate_l2: -1.6506
       Episode_Reward/crouch_glide_pose: 3.2454
    Episode_Reward/crouch_glide_pose_l1: -0.5668
           Episode_Reward/forward_speed: 1.5427
  Episode_Reward/forward_speed_tracking: 3.3637
            Episode_Reward/heading_hold: 0.2313
     Episode_Reward/crouch_forward_lean: 0.2273
               Episode_Reward/feet_flat: -0.0935
         Episode_Reward/self_collisions: -0.0260
     Episode_Reward/neck_action_rate_l2: -0.2743
        Episode_Reward/joint_torques_l2: -0.0007
        Episode_Metrics/mean_action_acc: 0.6216
          Curriculum/action_rate_weight: -0.5000
                   Curriculum/com_range: 0.0030
              Curriculum/head_com_range: 0.0030
           Episode_Termination/time_out: 2.7083
          Episode_Termination/fell_over: 0.4583
Episode_Termination/out_of_terrain_bounds: 0.0000
          Episode_Termination/nan_state: 0.0000
          Metrics/angular_momentum_mean: 0.0044
--------------------------------------------------------------------------------
                         Iteration time: 2.95s
                           Time elapsed: 00:06:35
                                    ETA: 00:43:45

################################################################################
[1m                          Learning iteration 131/1000                           [0m 

                               Run name: dynamic-gate-4096x1000-20260901
                            Total steps: 12976128 
                       Steps per second: 27426 
                        Collection time: 3.360s 
                          Learning time: 0.224s 
                        Mean value loss: 0.1886
                    Mean surrogate loss: -0.0040
                      Mean entropy loss: 3.4779
                            Mean reward: 156.63
                    Mean episode length: 896.53
                        Mean action std: 0.31
                 Episode_Reward/upright: 1.7821
            Episode_Reward/body_ang_vel: -0.1383
        Episode_Reward/angular_momentum: -0.0000
          Episode_Reward/action_rate_l2: -1.7656
       Episode_Reward/crouch_glide_pose: 3.4984
    Episode_Reward/crouch_glide_pose_l1: -0.6044
           Episode_Reward/forward_speed: 1.6699
  Episode_Reward/forward_speed_tracking: 3.7081
            Episode_Reward/heading_hold: 0.2419
     Episode_Reward/crouch_forward_lean: 0.2460
               Episode_Reward/feet_flat: -0.0958
         Episode_Reward/self_collisions: -0.0266
     Episode_Reward/neck_action_rate_l2: -0.2925
        Episode_Reward/joint_torques_l2: -0.0007
        Episode_Metrics/mean_action_acc: 0.6228
          Curriculum/action_rate_weight: -0.5000
                   Curriculum/com_range: 0.0030
              Curriculum/head_com_range: 0.0030
           Episode_Termination/time_out: 2.8333
          Episode_Termination/fell_over: 0.5000
Episode_Termination/out_of_terrain_bounds: 0.0000
          Episode_Termination/nan_state: 0.0000
          Metrics/angular_momentum_mean: 0.0044
--------------------------------------------------------------------------------
                         Iteration time: 3.58s
                           Time elapsed: 00:06:39
                                    ETA: 00:43:46

################################################################################
[1m                          Learning iteration 132/1000                           [0m 

                               Run name: dynamic-gate-4096x1000-20260901
                            Total steps: 13074432 
                       Steps per second: 32150 
                        Collection time: 2.847s 
                          Learning time: 0.211s 
                        Mean value loss: 0.2209
                    Mean surrogate loss: -0.0034
                      Mean entropy loss: 3.4066
                            Mean reward: 159.56
                    Mean episode length: 905.94
                        Mean action std: 0.31
                 Episode_Reward/upright: 1.5856
            Episode_Reward/body_ang_vel: -0.1237
        Episode_Reward/angular_momentum: -0.0000
          Episode_Reward/action_rate_l2: -1.5715
       Episode_Reward/crouch_glide_pose: 3.1263
    Episode_Reward/crouch_glide_pose_l1: -0.5373
           Episode_Reward/forward_speed: 1.4917
  Episode_Reward/forward_speed_tracking: 3.3395
            Episode_Reward/heading_hold: 0.1809
     Episode_Reward/crouch_forward_lean: 0.2215
               Episode_Reward/feet_flat: -0.0863
         Episode_Reward/self_collisions: -0.0240
     Episode_Reward/neck_action_rate_l2: -0.2615
        Episode_Reward/joint_torques_l2: -0.0007
        Episode_Metrics/mean_action_acc: 0.6169
          Curriculum/action_rate_weight: -0.5000
                   Curriculum/com_range: 0.0030
              Curriculum/head_com_range: 0.0030
           Episode_Termination/time_out: 1.9167
          Episode_Termination/fell_over: 0.2917
Episode_Termination/out_of_terrain_bounds: 0.0000
          Episode_Termination/nan_state: 0.0000
          Metrics/angular_momentum_mean: 0.0044
--------------------------------------------------------------------------------
                         Iteration time: 3.06s
                           Time elapsed: 00:06:42
                                    ETA: 00:43:43

################################################################################
[1m                          Learning iteration 133/1000                           [0m 

                               Run name: dynamic-gate-4096x1000-20260901
                            Total steps: 13172736 
                       Steps per second: 31929 
                        Collection time: 2.885s 
                          Learning time: 0.194s 
                        Mean value loss: 0.2009
                    Mean surrogate loss: 0.0026
                      Mean entropy loss: 3.3572
                            Mean reward: 159.65
                    Mean episode length: 899.46
                        Mean action std: 0.31
                 Episode_Reward/upright: 1.7685
            Episode_Reward/body_ang_vel: -0.1340
        Episode_Reward/angular_momentum: -0.0000
          Episode_Reward/action_rate_l2: -1.7450
       Episode_Reward/crouch_glide_pose: 3.4870
    Episode_Reward/crouch_glide_pose_l1: -0.5946
           Episode_Reward/forward_speed: 1.6743
  Episode_Reward/forward_speed_tracking: 3.7745
            Episode_Reward/heading_hold: 0.2321
     Episode_Reward/crouch_forward_lean: 0.2548
               Episode_Reward/feet_flat: -0.0947
         Episode_Reward/self_collisions: -0.0264
     Episode_Reward/neck_action_rate_l2: -0.2898
        Episode_Reward/joint_torques_l2: -0.0007
        Episode_Metrics/mean_action_acc: 0.6195
          Curriculum/action_rate_weight: -0.5000
                   Curriculum/com_range: 0.0030
              Curriculum/head_com_range: 0.0030
           Episode_Termination/time_out: 2.8333
          Episode_Termination/fell_over: 0.3333
Episode_Termination/out_of_terrain_bounds: 0.0000
          Episode_Termination/nan_state: 0.0000
          Metrics/angular_momentum_mean: 0.0044
--------------------------------------------------------------------------------
                         Iteration time: 3.08s
                           Time elapsed: 00:06:45
                                    ETA: 00:43:40

################################################################################
[1m                          Learning iteration 134/1000                           [0m 

                               Run name: dynamic-gate-4096x1000-20260901
                            Total steps: 13271040 
                       Steps per second: 32518 
                        Collection time: 2.824s 
                          Learning time: 0.199s 
                        Mean value loss: 0.1673
                    Mean surrogate loss: -0.0051
                      Mean entropy loss: 3.3166
                            Mean reward: 167.40
                    Mean episode length: 940.16
                        Mean action std: 0.31
                 Episode_Reward/upright: 1.7502
            Episode_Reward/body_ang_vel: -0.1310
        Episode_Reward/angular_momentum: -0.0000
          Episode_Reward/action_rate_l2: -1.7238
       Episode_Reward/crouch_glide_pose: 3.4435
    Episode_Reward/crouch_glide_pose_l1: -0.5873
           Episode_Reward/forward_speed: 1.6570
  Episode_Reward/forward_speed_tracking: 3.7472
            Episode_Reward/heading_hold: 0.2338
     Episode_Reward/crouch_forward_lean: 0.2561
               Episode_Reward/feet_flat: -0.0943
         Episode_Reward/self_collisions: -0.0265
     Episode_Reward/neck_action_rate_l2: -0.2847
        Episode_Reward/joint_torques_l2: -0.0007
        Episode_Metrics/mean_action_acc: 0.6168
          Curriculum/action_rate_weight: -0.5000
                   Curriculum/com_range: 0.0030
              Curriculum/head_com_range: 0.0030
           Episode_Termination/time_out: 2.7500
          Episode_Termination/fell_over: 0.2500
Episode_Termination/out_of_terrain_bounds: 0.0000
          Episode_Termination/nan_state: 0.0000
          Metrics/angular_momentum_mean: 0.0043
--------------------------------------------------------------------------------
                         Iteration time: 3.02s
                           Time elapsed: 00:06:48
                                    ETA: 00:43:37

################################################################################
[1m                          Learning iteration 135/1000                           [0m 

                               Run name: dynamic-gate-4096x1000-20260901
                            Total steps: 13369344 
                       Steps per second: 32765 
                        Collection time: 2.813s 
                          Learning time: 0.188s 
                        Mean value loss: 0.1961
                    Mean surrogate loss: -0.0059
                      Mean entropy loss: 3.2231
                            Mean reward: 165.24
                    Mean episode length: 920.51
                        Mean action std: 0.30
                 Episode_Reward/upright: 1.7588
            Episode_Reward/body_ang_vel: -0.1320
        Episode_Reward/angular_momentum: -0.0000
          Episode_Reward/action_rate_l2: -1.7257
       Episode_Reward/crouch_glide_pose: 3.4657
    Episode_Reward/crouch_glide_pose_l1: -0.5863
           Episode_Reward/forward_speed: 1.6714
  Episode_Reward/forward_speed_tracking: 3.7852
            Episode_Reward/heading_hold: 0.2262
     Episode_Reward/crouch_forward_lean: 0.2488
               Episode_Reward/feet_flat: -0.0975
         Episode_Reward/self_collisions: -0.0259
     Episode_Reward/neck_action_rate_l2: -0.2836
        Episode_Reward/joint_torques_l2: -0.0007
        Episode_Metrics/mean_action_acc: 0.6161
          Curriculum/action_rate_weight: -0.5000
                   Curriculum/com_range: 0.0030
              Curriculum/head_com_range: 0.0030
           Episode_Termination/time_out: 2.4583
          Episode_Termination/fell_over: 0.2917
Episode_Termination/out_of_terrain_bounds: 0.0000
          Episode_Termination/nan_state: 0.0000
          Metrics/angular_momentum_mean: 0.0043
--------------------------------------------------------------------------------
                         Iteration time: 3.00s
                           Time elapsed: 00:06:51
                                    ETA: 00:43:34

################################################################################
[1m                          Learning iteration 136/1000                           [0m 

                               Run name: dynamic-gate-4096x1000-20260901
                            Total steps: 13467648 
                       Steps per second: 33771 
                        Collection time: 2.725s 
                          Learning time: 0.186s 
                        Mean value loss: 0.1775
                    Mean surrogate loss: -0.0061
                      Mean entropy loss: 3.1463
                            Mean reward: 173.25
                    Mean episode length: 953.45
                        Mean action std: 0.30
                 Episode_Reward/upright: 1.7327
            Episode_Reward/body_ang_vel: -0.1326
        Episode_Reward/angular_momentum: -0.0000
          Episode_Reward/action_rate_l2: -1.7046
       Episode_Reward/crouch_glide_pose: 3.4370
    Episode_Reward/crouch_glide_pose_l1: -0.5720
           Episode_Reward/forward_speed: 1.6627
  Episode_Reward/forward_speed_tracking: 3.8064
            Episode_Reward/heading_hold: 0.2268
     Episode_Reward/crouch_forward_lean: 0.2437
               Episode_Reward/feet_flat: -0.0964
         Episode_Reward/self_collisions: -0.0263
     Episode_Reward/neck_action_rate_l2: -0.2813
        Episode_Reward/joint_torques_l2: -0.0007
        Episode_Metrics/mean_action_acc: 0.6179
          Curriculum/action_rate_weight: -0.5000
                   Curriculum/com_range: 0.0030
              Curriculum/head_com_range: 0.0030
           Episode_Termination/time_out: 2.7500
          Episode_Termination/fell_over: 0.3750
Episode_Termination/out_of_terrain_bounds: 0.0000
          Episode_Termination/nan_state: 0.0000
          Metrics/angular_momentum_mean: 0.0043
--------------------------------------------------------------------------------
                         Iteration time: 2.91s
                           Time elapsed: 00:06:54
                                    ETA: 00:43:30

################################################################################
[1m                          Learning iteration 137/1000                           [0m 

                               Run name: dynamic-gate-4096x1000-20260901
                            Total steps: 13565952 
                       Steps per second: 33696 
                        Collection time: 2.728s 
                          Learning time: 0.190s 
                        Mean value loss: 0.2028
                    Mean surrogate loss: -0.0050
                      Mean entropy loss: 3.0593
                            Mean reward: 170.89
                    Mean episode length: 930.58
                        Mean action std: 0.30
                 Episode_Reward/upright: 1.7739
            Episode_Reward/body_ang_vel: -0.1270
        Episode_Reward/angular_momentum: -0.0000
          Episode_Reward/action_rate_l2: -1.7292
       Episode_Reward/crouch_glide_pose: 3.5054
    Episode_Reward/crouch_glide_pose_l1: -0.5832
           Episode_Reward/forward_speed: 1.6939
  Episode_Reward/forward_speed_tracking: 3.9165
            Episode_Reward/heading_hold: 0.2412
     Episode_Reward/crouch_forward_lean: 0.2601
               Episode_Reward/feet_flat: -0.0949
         Episode_Reward/self_collisions: -0.0263
     Episode_Reward/neck_action_rate_l2: -0.2857
        Episode_Reward/joint_torques_l2: -0.0007
        Episode_Metrics/mean_action_acc: 0.6142
          Curriculum/action_rate_weight: -0.5000
                   Curriculum/com_range: 0.0030
              Curriculum/head_com_range: 0.0030
           Episode_Termination/time_out: 2.8333
          Episode_Termination/fell_over: 0.3750
Episode_Termination/out_of_terrain_bounds: 0.0000
          Episode_Termination/nan_state: 0.0000
          Metrics/angular_momentum_mean: 0.0043
--------------------------------------------------------------------------------
                         Iteration time: 2.92s
                           Time elapsed: 00:06:57
                                    ETA: 00:43:26

################################################################################
[1m                          Learning iteration 138/1000                           [0m 

                               Run name: dynamic-gate-4096x1000-20260901
                            Total steps: 13664256 
                       Steps per second: 32796 
                        Collection time: 2.805s 
                          Learning time: 0.193s 
                        Mean value loss: 0.2036
                    Mean surrogate loss: -0.0029
                      Mean entropy loss: 2.9960
                            Mean reward: 170.97
                    Mean episode length: 927.27
                        Mean action std: 0.30
                 Episode_Reward/upright: 1.7678
            Episode_Reward/body_ang_vel: -0.1261
        Episode_Reward/angular_momentum: -0.0000
          Episode_Reward/action_rate_l2: -1.7181
       Episode_Reward/crouch_glide_pose: 3.5029
    Episode_Reward/crouch_glide_pose_l1: -0.5796
           Episode_Reward/forward_speed: 1.6899
  Episode_Reward/forward_speed_tracking: 3.9301
            Episode_Reward/heading_hold: 0.2359
     Episode_Reward/crouch_forward_lean: 0.2635
               Episode_Reward/feet_flat: -0.0936
         Episode_Reward/self_collisions: -0.0247
     Episode_Reward/neck_action_rate_l2: -0.2813
        Episode_Reward/joint_torques_l2: -0.0007
        Episode_Metrics/mean_action_acc: 0.6132
          Curriculum/action_rate_weight: -0.5000
                   Curriculum/com_range: 0.0030
              Curriculum/head_com_range: 0.0030
           Episode_Termination/time_out: 4.0000
          Episode_Termination/fell_over: 0.5000
Episode_Termination/out_of_terrain_bounds: 0.0000
          Episode_Termination/nan_state: 0.0000
          Metrics/angular_momentum_mean: 0.0042
--------------------------------------------------------------------------------
                         Iteration time: 3.00s
                           Time elapsed: 00:07:00
                                    ETA: 00:43:23

################################################################################
[1m                          Learning iteration 139/1000                           [0m 

                               Run name: dynamic-gate-4096x1000-20260901
                            Total steps: 13762560 
                       Steps per second: 33305 
                        Collection time: 2.757s 
                          Learning time: 0.194s 
                        Mean value loss: 0.1907
                    Mean surrogate loss: -0.0023
                      Mean entropy loss: 2.9368
                            Mean reward: 176.55
                    Mean episode length: 946.78
                        Mean action std: 0.30
                 Episode_Reward/upright: 1.8362
            Episode_Reward/body_ang_vel: -0.1273
        Episode_Reward/angular_momentum: -0.0000
          Episode_Reward/action_rate_l2: -1.7784
       Episode_Reward/crouch_glide_pose: 3.6450
    Episode_Reward/crouch_glide_pose_l1: -0.5983
           Episode_Reward/forward_speed: 1.7602
  Episode_Reward/forward_speed_tracking: 4.1165
            Episode_Reward/heading_hold: 0.2471
     Episode_Reward/crouch_forward_lean: 0.2783
               Episode_Reward/feet_flat: -0.0950
         Episode_Reward/self_collisions: -0.0254
     Episode_Reward/neck_action_rate_l2: -0.2909
        Episode_Reward/joint_torques_l2: -0.0007
        Episode_Metrics/mean_action_acc: 0.6141
          Curriculum/action_rate_weight: -0.5000
                   Curriculum/com_range: 0.0030
              Curriculum/head_com_range: 0.0030
           Episode_Termination/time_out: 5.1667
          Episode_Termination/fell_over: 0.2917
Episode_Termination/out_of_terrain_bounds: 0.0000
          Episode_Termination/nan_state: 0.0000
          Metrics/angular_momentum_mean: 0.0042
--------------------------------------------------------------------------------
                         Iteration time: 2.95s
                           Time elapsed: 00:07:03
                                    ETA: 00:43:20

################################################################################
[1m                          Learning iteration 140/1000                           [0m 

                               Run name: dynamic-gate-4096x1000-20260901
                            Total steps: 13860864 
                       Steps per second: 31186 
                        Collection time: 2.964s 
                          Learning time: 0.188s 
                        Mean value loss: 0.2225
                    Mean surrogate loss: -0.0018
                      Mean entropy loss: 2.8875
                            Mean reward: 177.85
                    Mean episode length: 951.80
                        Mean action std: 0.30
                 Episode_Reward/upright: 1.8456
            Episode_Reward/body_ang_vel: -0.1245
        Episode_Reward/angular_momentum: -0.0000
          Episode_Reward/action_rate_l2: -1.7722
       Episode_Reward/crouch_glide_pose: 3.6608
    Episode_Reward/crouch_glide_pose_l1: -0.5962
           Episode_Reward/forward_speed: 1.7649
  Episode_Reward/forward_speed_tracking: 4.1504
            Episode_Reward/heading_hold: 0.2337
     Episode_Reward/crouch_forward_lean: 0.2785
               Episode_Reward/feet_flat: -0.0948
         Episode_Reward/self_collisions: -0.0253
     Episode_Reward/neck_action_rate_l2: -0.2888
        Episode_Reward/joint_torques_l2: -0.0007
        Episode_Metrics/mean_action_acc: 0.6116
          Curriculum/action_rate_weight: -0.5000
                   Curriculum/com_range: 0.0030
              Curriculum/head_com_range: 0.0030
           Episode_Termination/time_out: 7.4583
          Episode_Termination/fell_over: 0.3333
Episode_Termination/out_of_terrain_bounds: 0.0000
          Episode_Termination/nan_state: 0.0000
          Metrics/angular_momentum_mean: 0.0042
--------------------------------------------------------------------------------
                         Iteration time: 3.15s
                           Time elapsed: 00:07:06
                                    ETA: 00:43:17

################################################################################
[1m                          Learning iteration 141/1000                           [0m 

                               Run name: dynamic-gate-4096x1000-20260901
                            Total steps: 13959168 
                       Steps per second: 33990 
                        Collection time: 2.682s 
                          Learning time: 0.210s 
                        Mean value loss: 0.2415
                    Mean surrogate loss: -0.0038
                      Mean entropy loss: 2.8315
                            Mean reward: 173.96
                    Mean episode length: 925.29
                        Mean action std: 0.30
                 Episode_Reward/upright: 1.8055
            Episode_Reward/body_ang_vel: -0.1234
        Episode_Reward/angular_momentum: -0.0000
          Episode_Reward/action_rate_l2: -1.7251
       Episode_Reward/crouch_glide_pose: 3.5860
    Episode_Reward/crouch_glide_pose_l1: -0.5801
           Episode_Reward/forward_speed: 1.7296
  Episode_Reward/forward_speed_tracking: 4.1077
            Episode_Reward/heading_hold: 0.2342
     Episode_Reward/crouch_forward_lean: 0.2678
               Episode_Reward/feet_flat: -0.0935
         Episode_Reward/self_collisions: -0.0235
     Episode_Reward/neck_action_rate_l2: -0.2830
        Episode_Reward/joint_torques_l2: -0.0007
        Episode_Metrics/mean_action_acc: 0.6100
          Curriculum/action_rate_weight: -0.5000
                   Curriculum/com_range: 0.0030
              Curriculum/head_com_range: 0.0030
           Episode_Termination/time_out: 8.1667
          Episode_Termination/fell_over: 0.5833
Episode_Termination/out_of_terrain_bounds: 0.0000
          Episode_Termination/nan_state: 0.0000
          Metrics/angular_momentum_mean: 0.0042
--------------------------------------------------------------------------------
                         Iteration time: 2.89s
                           Time elapsed: 00:07:09
                                    ETA: 00:43:14

################################################################################
[1m                          Learning iteration 142/1000                           [0m 

                               Run name: dynamic-gate-4096x1000-20260901
                            Total steps: 14057472 
                       Steps per second: 33925 
                        Collection time: 2.699s 
                          Learning time: 0.198s 
                        Mean value loss: 0.3925
                    Mean surrogate loss: -0.0032
                      Mean entropy loss: 2.8260
                            Mean reward: 180.72
                    Mean episode length: 951.75
                        Mean action std: 0.30
                 Episode_Reward/upright: 1.8265
            Episode_Reward/body_ang_vel: -0.1222
        Episode_Reward/angular_momentum: -0.0000
          Episode_Reward/action_rate_l2: -1.7392
       Episode_Reward/crouch_glide_pose: 3.6279
    Episode_Reward/crouch_glide_pose_l1: -0.5841
           Episode_Reward/forward_speed: 1.7496
  Episode_Reward/forward_speed_tracking: 4.1848
            Episode_Reward/heading_hold: 0.2449
     Episode_Reward/crouch_forward_lean: 0.2671
               Episode_Reward/feet_flat: -0.0947
         Episode_Reward/self_collisions: -0.0252
     Episode_Reward/neck_action_rate_l2: -0.2844
        Episode_Reward/joint_torques_l2: -0.0007
        Episode_Metrics/mean_action_acc: 0.6100
          Curriculum/action_rate_weight: -0.5000
                   Curriculum/com_range: 0.0030
              Curriculum/head_com_range: 0.0030
           Episode_Termination/time_out: 10.8333
          Episode_Termination/fell_over: 0.5000
Episode_Termination/out_of_terrain_bounds: 0.0000
          Episode_Termination/nan_state: 0.0000
          Metrics/angular_momentum_mean: 0.0042
--------------------------------------------------------------------------------
                         Iteration time: 2.90s
                           Time elapsed: 00:07:12
                                    ETA: 00:43:10

################################################################################
[1m                          Learning iteration 143/1000                           [0m 

                               Run name: dynamic-gate-4096x1000-20260901
                            Total steps: 14155776 
                       Steps per second: 33357 
                        Collection time: 2.753s 
                          Learning time: 0.194s 
                        Mean value loss: 0.2463
                    Mean surrogate loss: -0.0010
                      Mean entropy loss: 2.7791
                            Mean reward: 178.12
                    Mean episode length: 931.61
                        Mean action std: 0.30
                 Episode_Reward/upright: 1.7311
            Episode_Reward/body_ang_vel: -0.1192
        Episode_Reward/angular_momentum: -0.0000
          Episode_Reward/action_rate_l2: -1.6415
       Episode_Reward/crouch_glide_pose: 3.4531
    Episode_Reward/crouch_glide_pose_l1: -0.5519
           Episode_Reward/forward_speed: 1.6642
  Episode_Reward/forward_speed_tracking: 3.9765
            Episode_Reward/heading_hold: 0.2351
     Episode_Reward/crouch_forward_lean: 0.2503
               Episode_Reward/feet_flat: -0.0913
         Episode_Reward/self_collisions: -0.0228
     Episode_Reward/neck_action_rate_l2: -0.2678
        Episode_Reward/joint_torques_l2: -0.0007
        Episode_Metrics/mean_action_acc: 0.6037
          Curriculum/action_rate_weight: -0.5000
                   Curriculum/com_range: 0.0030
              Curriculum/head_com_range: 0.0030
           Episode_Termination/time_out: 9.8750
          Episode_Termination/fell_over: 1.1667
Episode_Termination/out_of_terrain_bounds: 0.0000
          Episode_Termination/nan_state: 0.0000
          Metrics/angular_momentum_mean: 0.0042
--------------------------------------------------------------------------------
                         Iteration time: 2.95s
                           Time elapsed: 00:07:15
                                    ETA: 00:43:06

################################################################################
[1m                          Learning iteration 144/1000                           [0m 

                               Run name: dynamic-gate-4096x1000-20260901
                            Total steps: 14254080 
                       Steps per second: 31729 
                        Collection time: 2.891s 
                          Learning time: 0.207s 
                        Mean value loss: 0.2988
                    Mean surrogate loss: -0.0017
                      Mean entropy loss: 2.7530
                            Mean reward: 184.18
                    Mean episode length: 960.22
                        Mean action std: 0.30
                 Episode_Reward/upright: 1.8187
            Episode_Reward/body_ang_vel: -0.1209
        Episode_Reward/angular_momentum: -0.0000
          Episode_Reward/action_rate_l2: -1.7171
       Episode_Reward/crouch_glide_pose: 3.6287
    Episode_Reward/crouch_glide_pose_l1: -0.5764
           Episode_Reward/forward_speed: 1.7484
  Episode_Reward/forward_speed_tracking: 4.2032
            Episode_Reward/heading_hold: 0.2295
     Episode_Reward/crouch_forward_lean: 0.2704
               Episode_Reward/feet_flat: -0.0936
         Episode_Reward/self_collisions: -0.0234
     Episode_Reward/neck_action_rate_l2: -0.2791
        Episode_Reward/joint_torques_l2: -0.0007
        Episode_Metrics/mean_action_acc: 0.6058
          Curriculum/action_rate_weight: -0.5000
                   Curriculum/com_range: 0.0030
              Curriculum/head_com_range: 0.0030
           Episode_Termination/time_out: 9.5417
          Episode_Termination/fell_over: 0.5000
Episode_Termination/out_of_terrain_bounds: 0.0000
          Episode_Termination/nan_state: 0.0000
          Metrics/angular_momentum_mean: 0.0042
--------------------------------------------------------------------------------
                         Iteration time: 3.10s
                           Time elapsed: 00:07:18
                                    ETA: 00:43:04

################################################################################
[1m                          Learning iteration 145/1000                           [0m 

                               Run name: dynamic-gate-4096x1000-20260901
                            Total steps: 14352384 
                       Steps per second: 33122 
                        Collection time: 2.761s 
                          Learning time: 0.207s 
                        Mean value loss: 0.2725
                    Mean surrogate loss: -0.0042
                      Mean entropy loss: 2.7279
                            Mean reward: 176.78
                    Mean episode length: 925.79
                        Mean action std: 0.29
                 Episode_Reward/upright: 1.7988
            Episode_Reward/body_ang_vel: -0.1227
        Episode_Reward/angular_momentum: -0.0000
          Episode_Reward/action_rate_l2: -1.6948
       Episode_Reward/crouch_glide_pose: 3.6041
    Episode_Reward/crouch_glide_pose_l1: -0.5695
           Episode_Reward/forward_speed: 1.7340
  Episode_Reward/forward_speed_tracking: 4.1739
            Episode_Reward/heading_hold: 0.2415
     Episode_Reward/crouch_forward_lean: 0.2571
               Episode_Reward/feet_flat: -0.0941
         Episode_Reward/self_collisions: -0.0240
     Episode_Reward/neck_action_rate_l2: -0.2760
        Episode_Reward/joint_torques_l2: -0.0007
        Episode_Metrics/mean_action_acc: 0.6043
          Curriculum/action_rate_weight: -0.5000
                   Curriculum/com_range: 0.0030
              Curriculum/head_com_range: 0.0030
           Episode_Termination/time_out: 8.5833
          Episode_Termination/fell_over: 0.6667
Episode_Termination/out_of_terrain_bounds: 0.0000
          Episode_Termination/nan_state: 0.0000
          Metrics/angular_momentum_mean: 0.0042
--------------------------------------------------------------------------------
                         Iteration time: 2.97s
                           Time elapsed: 00:07:21
                                    ETA: 00:43:00

################################################################################
[1m                          Learning iteration 146/1000                           [0m 

                               Run name: dynamic-gate-4096x1000-20260901
                            Total steps: 14450688 
                       Steps per second: 33361 
                        Collection time: 2.749s 
                          Learning time: 0.198s 
                        Mean value loss: 0.2932
                    Mean surrogate loss: -0.0034
                      Mean entropy loss: 2.7067
                            Mean reward: 177.71
                    Mean episode length: 920.51
                        Mean action std: 0.29
                 Episode_Reward/upright: 1.7888
            Episode_Reward/body_ang_vel: -0.1191
        Episode_Reward/angular_momentum: -0.0000
          Episode_Reward/action_rate_l2: -1.6761
       Episode_Reward/crouch_glide_pose: 3.5918
    Episode_Reward/crouch_glide_pose_l1: -0.5609
           Episode_Reward/forward_speed: 1.7265
  Episode_Reward/forward_speed_tracking: 4.1809
            Episode_Reward/heading_hold: 0.2261
     Episode_Reward/crouch_forward_lean: 0.2655
               Episode_Reward/feet_flat: -0.0933
         Episode_Reward/self_collisions: -0.0236
     Episode_Reward/neck_action_rate_l2: -0.2735
        Episode_Reward/joint_torques_l2: -0.0007
        Episode_Metrics/mean_action_acc: 0.6016
          Curriculum/action_rate_weight: -0.5000
                   Curriculum/com_range: 0.0030
              Curriculum/head_com_range: 0.0030
           Episode_Termination/time_out: 7.9583
          Episode_Termination/fell_over: 0.6667
Episode_Termination/out_of_terrain_bounds: 0.0000
          Episode_Termination/nan_state: 0.0000
          Metrics/angular_momentum_mean: 0.0041
--------------------------------------------------------------------------------
                         Iteration time: 2.95s
                           Time elapsed: 00:07:24
                                    ETA: 00:42:57

################################################################################
[1m                          Learning iteration 147/1000                           [0m 

                               Run name: dynamic-gate-4096x1000-20260901
                            Total steps: 14548992 
                       Steps per second: 33324 
                        Collection time: 2.755s 
                          Learning time: 0.195s 
                        Mean value loss: 0.3060
                    Mean surrogate loss: -0.0041
                      Mean entropy loss: 2.7027
                            Mean reward: 183.71
                    Mean episode length: 942.92
                        Mean action std: 0.29
                 Episode_Reward/upright: 1.8115
            Episode_Reward/body_ang_vel: -0.1211
        Episode_Reward/angular_momentum: -0.0000
          Episode_Reward/action_rate_l2: -1.6936
       Episode_Reward/crouch_glide_pose: 3.6482
    Episode_Reward/crouch_glide_pose_l1: -0.5645
           Episode_Reward/forward_speed: 1.7500
  Episode_Reward/forward_speed_tracking: 4.2344
            Episode_Reward/heading_hold: 0.2436
     Episode_Reward/crouch_forward_lean: 0.2717
               Episode_Reward/feet_flat: -0.0939
         Episode_Reward/self_collisions: -0.0238
     Episode_Reward/neck_action_rate_l2: -0.2755
        Episode_Reward/joint_torques_l2: -0.0007
        Episode_Metrics/mean_action_acc: 0.6024
          Curriculum/action_rate_weight: -0.5000
                   Curriculum/com_range: 0.0030
              Curriculum/head_com_range: 0.0030
           Episode_Termination/time_out: 7.2083
          Episode_Termination/fell_over: 0.5000
Episode_Termination/out_of_terrain_bounds: 0.0000
          Episode_Termination/nan_state: 0.0000
          Metrics/angular_momentum_mean: 0.0041
--------------------------------------------------------------------------------
                         Iteration time: 2.95s
                           Time elapsed: 00:07:27
                                    ETA: 00:42:54

################################################################################
[1m                          Learning iteration 148/1000                           [0m 

                               Run name: dynamic-gate-4096x1000-20260901
                            Total steps: 14647296 
                       Steps per second: 33609 
                        Collection time: 2.736s 
                          Learning time: 0.189s 
                        Mean value loss: 0.2423
                    Mean surrogate loss: -0.0039
                      Mean entropy loss: 2.6889
                            Mean reward: 177.19
                    Mean episode length: 908.85
                        Mean action std: 0.29
                 Episode_Reward/upright: 1.7488
            Episode_Reward/body_ang_vel: -0.1164
        Episode_Reward/angular_momentum: -0.0000
          Episode_Reward/action_rate_l2: -1.6251
       Episode_Reward/crouch_glide_pose: 3.5343
    Episode_Reward/crouch_glide_pose_l1: -0.5405
           Episode_Reward/forward_speed: 1.6887
  Episode_Reward/forward_speed_tracking: 4.1155
            Episode_Reward/heading_hold: 0.2365
     Episode_Reward/crouch_forward_lean: 0.2564
               Episode_Reward/feet_flat: -0.0903
         Episode_Reward/self_collisions: -0.0229
     Episode_Reward/neck_action_rate_l2: -0.2642
        Episode_Reward/joint_torques_l2: -0.0007
        Episode_Metrics/mean_action_acc: 0.5989
          Curriculum/action_rate_weight: -0.5000
                   Curriculum/com_range: 0.0030
              Curriculum/head_com_range: 0.0030
           Episode_Termination/time_out: 7.3333
          Episode_Termination/fell_over: 0.9583
Episode_Termination/out_of_terrain_bounds: 0.0000
          Episode_Termination/nan_state: 0.0000
          Metrics/angular_momentum_mean: 0.0041
--------------------------------------------------------------------------------
                         Iteration time: 2.92s
                           Time elapsed: 00:07:30
                                    ETA: 00:42:50

################################################################################
[1m                          Learning iteration 149/1000                           [0m 

                               Run name: dynamic-gate-4096x1000-20260901
                            Total steps: 14745600 
                       Steps per second: 33408 
                        Collection time: 2.754s 
                          Learning time: 0.188s 
                        Mean value loss: 0.2623
                    Mean surrogate loss: -0.0045
                      Mean entropy loss: 2.6352
                            Mean reward: 183.10
                    Mean episode length: 935.67
                        Mean action std: 0.29
                 Episode_Reward/upright: 1.8060
            Episode_Reward/body_ang_vel: -0.1198
        Episode_Reward/angular_momentum: -0.0000
          Episode_Reward/action_rate_l2: -1.6727
       Episode_Reward/crouch_glide_pose: 3.6622
    Episode_Reward/crouch_glide_pose_l1: -0.5556
           Episode_Reward/forward_speed: 1.7458
  Episode_Reward/forward_speed_tracking: 4.2462
            Episode_Reward/heading_hold: 0.2244
     Episode_Reward/crouch_forward_lean: 0.2780
               Episode_Reward/feet_flat: -0.0938
         Episode_Reward/self_collisions: -0.0226
     Episode_Reward/neck_action_rate_l2: -0.2723
        Episode_Reward/joint_torques_l2: -0.0007
        Episode_Metrics/mean_action_acc: 0.5985
          Curriculum/action_rate_weight: -0.5000
                   Curriculum/com_range: 0.0030
              Curriculum/head_com_range: 0.0030
           Episode_Termination/time_out: 4.9583
          Episode_Termination/fell_over: 0.4583
Episode_Termination/out_of_terrain_bounds: 0.0000
          Episode_Termination/nan_state: 0.0000
          Metrics/angular_momentum_mean: 0.0041
--------------------------------------------------------------------------------
                         Iteration time: 2.94s
                           Time elapsed: 00:07:33
                                    ETA: 00:42:47

################################################################################
[1m                          Learning iteration 150/1000                           [0m 

                               Run name: dynamic-gate-4096x1000-20260901
                            Total steps: 14843904 
                       Steps per second: 34061 
                        Collection time: 2.682s 
                          Learning time: 0.204s 
                        Mean value loss: 0.1835
                    Mean surrogate loss: -0.0035
                      Mean entropy loss: 2.5804
                            Mean reward: 171.97
                    Mean episode length: 876.98
                        Mean action std: 0.29
                 Episode_Reward/upright: 1.6512
            Episode_Reward/body_ang_vel: -0.1124
        Episode_Reward/angular_momentum: -0.0000
          Episode_Reward/action_rate_l2: -1.5297
       Episode_Reward/crouch_glide_pose: 3.3604
    Episode_Reward/crouch_glide_pose_l1: -0.5084
           Episode_Reward/forward_speed: 1.6031
  Episode_Reward/forward_speed_tracking: 3.9047
            Episode_Reward/heading_hold: 0.2294
     Episode_Reward/crouch_forward_lean: 0.2430
               Episode_Reward/feet_flat: -0.0867
         Episode_Reward/self_collisions: -0.0219
     Episode_Reward/neck_action_rate_l2: -0.2483
        Episode_Reward/joint_torques_l2: -0.0006
        Episode_Metrics/mean_action_acc: 0.5952
          Curriculum/action_rate_weight: -0.5000
                   Curriculum/com_range: 0.0030
              Curriculum/head_com_range: 0.0030
           Episode_Termination/time_out: 3.6667
          Episode_Termination/fell_over: 0.5417
Episode_Termination/out_of_terrain_bounds: 0.0000
          Episode_Termination/nan_state: 0.0000
          Metrics/angular_momentum_mean: 0.0041
--------------------------------------------------------------------------------
                         Iteration time: 2.89s
                           Time elapsed: 00:07:35
                                    ETA: 00:42:43

################################################################################
[1m                          Learning iteration 151/1000                           [0m 

                               Run name: dynamic-gate-4096x1000-20260901
                            Total steps: 14942208 
                       Steps per second: 34171 
                        Collection time: 2.687s 
                          Learning time: 0.190s 
                        Mean value loss: 0.2548
                    Mean surrogate loss: -0.0036
                      Mean entropy loss: 2.5181
                            Mean reward: 180.26
                    Mean episode length: 919.45
                        Mean action std: 0.29
                 Episode_Reward/upright: 1.7058
            Episode_Reward/body_ang_vel: -0.1151
        Episode_Reward/angular_momentum: -0.0000
          Episode_Reward/action_rate_l2: -1.5795
       Episode_Reward/crouch_glide_pose: 3.4775
    Episode_Reward/crouch_glide_pose_l1: -0.5230
           Episode_Reward/forward_speed: 1.6540
  Episode_Reward/forward_speed_tracking: 4.0352
            Episode_Reward/heading_hold: 0.2198
     Episode_Reward/crouch_forward_lean: 0.2340
               Episode_Reward/feet_flat: -0.0939
         Episode_Reward/self_collisions: -0.0230
     Episode_Reward/neck_action_rate_l2: -0.2549
        Episode_Reward/joint_torques_l2: -0.0007
        Episode_Metrics/mean_action_acc: 0.5978
          Curriculum/action_rate_weight: -0.5000
                   Curriculum/com_range: 0.0030
              Curriculum/head_com_range: 0.0030
           Episode_Termination/time_out: 3.5000
          Episode_Termination/fell_over: 0.3750
Episode_Termination/out_of_terrain_bounds: 0.0000
          Episode_Termination/nan_state: 0.0000
          Metrics/angular_momentum_mean: 0.0041
--------------------------------------------------------------------------------
                         Iteration time: 2.88s
                           Time elapsed: 00:07:38
                                    ETA: 00:42:39

################################################################################
[1m                          Learning iteration 152/1000                           [0m 

                               Run name: dynamic-gate-4096x1000-20260901
                            Total steps: 15040512 
                       Steps per second: 33373 
                        Collection time: 2.759s 
                          Learning time: 0.187s 
                        Mean value loss: 0.2389
                    Mean surrogate loss: -0.0027
                      Mean entropy loss: 2.4942
                            Mean reward: 167.81
                    Mean episode length: 850.14
                        Mean action std: 0.29
                 Episode_Reward/upright: 1.5105
            Episode_Reward/body_ang_vel: -0.1046
        Episode_Reward/angular_momentum: -0.0000
          Episode_Reward/action_rate_l2: -1.3787
       Episode_Reward/crouch_glide_pose: 3.0874
    Episode_Reward/crouch_glide_pose_l1: -0.4615
           Episode_Reward/forward_speed: 1.4577
  Episode_Reward/forward_speed_tracking: 3.5796
            Episode_Reward/heading_hold: 0.2113
     Episode_Reward/crouch_forward_lean: 0.1969
               Episode_Reward/feet_flat: -0.0833
         Episode_Reward/self_collisions: -0.0229
     Episode_Reward/neck_action_rate_l2: -0.2246
        Episode_Reward/joint_torques_l2: -0.0006
        Episode_Metrics/mean_action_acc: 0.5838
          Curriculum/action_rate_weight: -0.5000
                   Curriculum/com_range: 0.0030
              Curriculum/head_com_range: 0.0030
           Episode_Termination/time_out: 2.5833
          Episode_Termination/fell_over: 0.6250
Episode_Termination/out_of_terrain_bounds: 0.0000
          Episode_Termination/nan_state: 0.0000
          Metrics/angular_momentum_mean: 0.0041
--------------------------------------------------------------------------------
                         Iteration time: 2.95s
                           Time elapsed: 00:07:41
                                    ETA: 00:42:36

################################################################################
[1m                          Learning iteration 153/1000                           [0m 

                               Run name: dynamic-gate-4096x1000-20260901
                            Total steps: 15138816 
                       Steps per second: 34497 
                        Collection time: 2.659s 
                          Learning time: 0.191s 
                        Mean value loss: 0.1719
                    Mean surrogate loss: -0.0047
                      Mean entropy loss: 2.4276
                            Mean reward: 176.51
                    Mean episode length: 891.08
                        Mean action std: 0.29
                 Episode_Reward/upright: 1.6726
            Episode_Reward/body_ang_vel: -0.1112
        Episode_Reward/angular_momentum: -0.0000
          Episode_Reward/action_rate_l2: -1.5166
       Episode_Reward/crouch_glide_pose: 3.4242
    Episode_Reward/crouch_glide_pose_l1: -0.5067
           Episode_Reward/forward_speed: 1.6151
  Episode_Reward/forward_speed_tracking: 3.9576
            Episode_Reward/heading_hold: 0.2555
     Episode_Reward/crouch_forward_lean: 0.2515
               Episode_Reward/feet_flat: -0.0861
         Episode_Reward/self_collisions: -0.0244
     Episode_Reward/neck_action_rate_l2: -0.2474
        Episode_Reward/joint_torques_l2: -0.0006
        Episode_Metrics/mean_action_acc: 0.5922
          Curriculum/action_rate_weight: -0.5000
                   Curriculum/com_range: 0.0030
              Curriculum/head_com_range: 0.0030
           Episode_Termination/time_out: 2.5000
          Episode_Termination/fell_over: 0.5833
Episode_Termination/out_of_terrain_bounds: 0.0000
          Episode_Termination/nan_state: 0.0000
          Metrics/angular_momentum_mean: 0.0041
--------------------------------------------------------------------------------
                         Iteration time: 2.85s
                           Time elapsed: 00:07:44
                                    ETA: 00:42:32

################################################################################
[1m                          Learning iteration 154/1000                           [0m 

                               Run name: dynamic-gate-4096x1000-20260901
                            Total steps: 15237120 
                       Steps per second: 34187 
                        Collection time: 2.682s 
                          Learning time: 0.194s 
                        Mean value loss: 0.1383
                    Mean surrogate loss: -0.0031
                      Mean entropy loss: 2.3494
                            Mean reward: 175.07
                    Mean episode length: 878.26
                        Mean action std: 0.29
                 Episode_Reward/upright: 1.6325
            Episode_Reward/body_ang_vel: -0.1087
        Episode_Reward/angular_momentum: -0.0000
          Episode_Reward/action_rate_l2: -1.4799
       Episode_Reward/crouch_glide_pose: 3.3597
    Episode_Reward/crouch_glide_pose_l1: -0.4935
           Episode_Reward/forward_speed: 1.5909
  Episode_Reward/forward_speed_tracking: 3.9159
            Episode_Reward/heading_hold: 0.2120
     Episode_Reward/crouch_forward_lean: 0.2512
               Episode_Reward/feet_flat: -0.0838
         Episode_Reward/self_collisions: -0.0220
     Episode_Reward/neck_action_rate_l2: -0.2426
        Episode_Reward/joint_torques_l2: -0.0006
        Episode_Metrics/mean_action_acc: 0.5870
          Curriculum/action_rate_weight: -0.5000
                   Curriculum/com_range: 0.0030
              Curriculum/head_com_range: 0.0030
           Episode_Termination/time_out: 2.6667
          Episode_Termination/fell_over: 0.3750
Episode_Termination/out_of_terrain_bounds: 0.0000
          Episode_Termination/nan_state: 0.0000
          Metrics/angular_momentum_mean: 0.0041
--------------------------------------------------------------------------------
                         Iteration time: 2.88s
                           Time elapsed: 00:07:47
                                    ETA: 00:42:28

################################################################################
[1m                          Learning iteration 155/1000                           [0m 

                               Run name: dynamic-gate-4096x1000-20260901
                            Total steps: 15335424 
                       Steps per second: 33718 
                        Collection time: 2.719s 
                          Learning time: 0.197s 
                        Mean value loss: 0.1486
                    Mean surrogate loss: -0.0058
                      Mean entropy loss: 2.2292
                            Mean reward: 180.97
                    Mean episode length: 902.38
                        Mean action std: 0.28
                 Episode_Reward/upright: 1.7978
            Episode_Reward/body_ang_vel: -0.1167
        Episode_Reward/angular_momentum: -0.0000
          Episode_Reward/action_rate_l2: -1.6235
       Episode_Reward/crouch_glide_pose: 3.7223
    Episode_Reward/crouch_glide_pose_l1: -0.5386
           Episode_Reward/forward_speed: 1.7567
  Episode_Reward/forward_speed_tracking: 4.3164
            Episode_Reward/heading_hold: 0.2395
     Episode_Reward/crouch_forward_lean: 0.2912
               Episode_Reward/feet_flat: -0.0890
         Episode_Reward/self_collisions: -0.0207
     Episode_Reward/neck_action_rate_l2: -0.2664
        Episode_Reward/joint_torques_l2: -0.0007
        Episode_Metrics/mean_action_acc: 0.5888
          Curriculum/action_rate_weight: -0.5000
                   Curriculum/com_range: 0.0030
              Curriculum/head_com_range: 0.0030
           Episode_Termination/time_out: 2.5417
          Episode_Termination/fell_over: 0.2083
Episode_Termination/out_of_terrain_bounds: 0.0000
          Episode_Termination/nan_state: 0.0000
          Metrics/angular_momentum_mean: 0.0040
--------------------------------------------------------------------------------
                         Iteration time: 2.92s
                           Time elapsed: 00:07:50
                                    ETA: 00:42:24

################################################################################
[1m                          Learning iteration 156/1000                           [0m 

                               Run name: dynamic-gate-4096x1000-20260901
                            Total steps: 15433728 
                       Steps per second: 33016 
                        Collection time: 2.786s 
                          Learning time: 0.191s 
                        Mean value loss: 0.1376
                    Mean surrogate loss: -0.0051
                      Mean entropy loss: 2.1465
                            Mean reward: 193.26
                    Mean episode length: 958.08
                        Mean action std: 0.28
                 Episode_Reward/upright: 1.8530
            Episode_Reward/body_ang_vel: -0.1180
        Episode_Reward/angular_momentum: -0.0000
          Episode_Reward/action_rate_l2: -1.6599
       Episode_Reward/crouch_glide_pose: 3.8288
    Episode_Reward/crouch_glide_pose_l1: -0.5474
           Episode_Reward/forward_speed: 1.8013
  Episode_Reward/forward_speed_tracking: 4.4670
            Episode_Reward/heading_hold: 0.2701
     Episode_Reward/crouch_forward_lean: 0.2856
               Episode_Reward/feet_flat: -0.0921
         Episode_Reward/self_collisions: -0.0204
     Episode_Reward/neck_action_rate_l2: -0.2695
        Episode_Reward/joint_torques_l2: -0.0007
        Episode_Metrics/mean_action_acc: 0.5903
          Curriculum/action_rate_weight: -0.5000
                   Curriculum/com_range: 0.0030
              Curriculum/head_com_range: 0.0030
           Episode_Termination/time_out: 2.7083
          Episode_Termination/fell_over: 0.2083
Episode_Termination/out_of_terrain_bounds: 0.0000
          Episode_Termination/nan_state: 0.0000
          Metrics/angular_momentum_mean: 0.0040
--------------------------------------------------------------------------------
                         Iteration time: 2.98s
                           Time elapsed: 00:07:53
                                    ETA: 00:42:21

################################################################################
[1m                          Learning iteration 157/1000                           [0m 

                               Run name: dynamic-gate-4096x1000-20260901
                            Total steps: 15532032 
                       Steps per second: 34106 
                        Collection time: 2.694s 
                          Learning time: 0.189s 
                        Mean value loss: 0.1765
                    Mean surrogate loss: -0.0034
                      Mean entropy loss: 2.0646
                            Mean reward: 185.85
                    Mean episode length: 919.96
                        Mean action std: 0.28
                 Episode_Reward/upright: 1.7536
            Episode_Reward/body_ang_vel: -0.1094
        Episode_Reward/angular_momentum: -0.0000
          Episode_Reward/action_rate_l2: -1.5652
       Episode_Reward/crouch_glide_pose: 3.6352
    Episode_Reward/crouch_glide_pose_l1: -0.5143
           Episode_Reward/forward_speed: 1.7041
  Episode_Reward/forward_speed_tracking: 4.2548
            Episode_Reward/heading_hold: 0.2149
     Episode_Reward/crouch_forward_lean: 0.2748
               Episode_Reward/feet_flat: -0.0871
         Episode_Reward/self_collisions: -0.0174
     Episode_Reward/neck_action_rate_l2: -0.2554
        Episode_Reward/joint_torques_l2: -0.0007
        Episode_Metrics/mean_action_acc: 0.5891
          Curriculum/action_rate_weight: -0.5000
                   Curriculum/com_range: 0.0030
              Curriculum/head_com_range: 0.0030
           Episode_Termination/time_out: 2.4167
          Episode_Termination/fell_over: 0.2917
Episode_Termination/out_of_terrain_bounds: 0.0000
          Episode_Termination/nan_state: 0.0000
          Metrics/angular_momentum_mean: 0.0040
--------------------------------------------------------------------------------
                         Iteration time: 2.88s
                           Time elapsed: 00:07:56
                                    ETA: 00:42:17

################################################################################
[1m                          Learning iteration 158/1000                           [0m 

                               Run name: dynamic-gate-4096x1000-20260901
                            Total steps: 15630336 
                       Steps per second: 34354 
                        Collection time: 2.673s 
                          Learning time: 0.189s 
                        Mean value loss: 0.1313
                    Mean surrogate loss: -0.0030
                      Mean entropy loss: 2.0119
                            Mean reward: 186.90
                    Mean episode length: 919.53
                        Mean action std: 0.28
                 Episode_Reward/upright: 1.7517
            Episode_Reward/body_ang_vel: -0.1152
        Episode_Reward/angular_momentum: -0.0000
          Episode_Reward/action_rate_l2: -1.5583
       Episode_Reward/crouch_glide_pose: 3.6379
    Episode_Reward/crouch_glide_pose_l1: -0.5102
           Episode_Reward/forward_speed: 1.7006
  Episode_Reward/forward_speed_tracking: 4.2363
            Episode_Reward/heading_hold: 0.2300
     Episode_Reward/crouch_forward_lean: 0.2601
               Episode_Reward/feet_flat: -0.0904
         Episode_Reward/self_collisions: -0.0209
     Episode_Reward/neck_action_rate_l2: -0.2518
        Episode_Reward/joint_torques_l2: -0.0007
        Episode_Metrics/mean_action_acc: 0.5870
          Curriculum/action_rate_weight: -0.5000
                   Curriculum/com_range: 0.0030
              Curriculum/head_com_range: 0.0030
           Episode_Termination/time_out: 2.3333
          Episode_Termination/fell_over: 0.2500
Episode_Termination/out_of_terrain_bounds: 0.0000
          Episode_Termination/nan_state: 0.0000
          Metrics/angular_momentum_mean: 0.0040
--------------------------------------------------------------------------------
                         Iteration time: 2.86s
                           Time elapsed: 00:07:59
                                    ETA: 00:42:13

################################################################################
[1m                          Learning iteration 159/1000                           [0m 

                               Run name: dynamic-gate-4096x1000-20260901
                            Total steps: 15728640 
                       Steps per second: 34925 
                        Collection time: 2.626s 
                          Learning time: 0.189s 
                        Mean value loss: 0.1526
                    Mean surrogate loss: -0.0040
                      Mean entropy loss: 1.9344
                            Mean reward: 181.94
                    Mean episode length: 892.54
                        Mean action std: 0.28
                 Episode_Reward/upright: 1.5270
            Episode_Reward/body_ang_vel: -0.0962
        Episode_Reward/angular_momentum: -0.0000
          Episode_Reward/action_rate_l2: -1.3530
       Episode_Reward/crouch_glide_pose: 3.2044
    Episode_Reward/crouch_glide_pose_l1: -0.4456
           Episode_Reward/forward_speed: 1.4895
  Episode_Reward/forward_speed_tracking: 3.7223
            Episode_Reward/heading_hold: 0.1999
     Episode_Reward/crouch_forward_lean: 0.2349
               Episode_Reward/feet_flat: -0.0770
         Episode_Reward/self_collisions: -0.0179
     Episode_Reward/neck_action_rate_l2: -0.2203
        Episode_Reward/joint_torques_l2: -0.0006
        Episode_Metrics/mean_action_acc: 0.5776
          Curriculum/action_rate_weight: -0.5000
                   Curriculum/com_range: 0.0030
              Curriculum/head_com_range: 0.0030
           Episode_Termination/time_out: 2.2500
          Episode_Termination/fell_over: 0.4167
Episode_Termination/out_of_terrain_bounds: 0.0000
          Episode_Termination/nan_state: 0.0000
          Metrics/angular_momentum_mean: 0.0040
--------------------------------------------------------------------------------
                         Iteration time: 2.81s
                           Time elapsed: 00:08:01
                                    ETA: 00:42:09

################################################################################
[1m                          Learning iteration 160/1000                           [0m 

                               Run name: dynamic-gate-4096x1000-20260901
                            Total steps: 15826944 
                       Steps per second: 34782 
                        Collection time: 2.640s 
                          Learning time: 0.186s 
                        Mean value loss: 0.1447
                    Mean surrogate loss: -0.0042
                      Mean entropy loss: 1.8732
                            Mean reward: 182.51
                    Mean episode length: 893.72
                        Mean action std: 0.28
                 Episode_Reward/upright: 1.7611
            Episode_Reward/body_ang_vel: -0.1060
        Episode_Reward/angular_momentum: -0.0000
          Episode_Reward/action_rate_l2: -1.5380
       Episode_Reward/crouch_glide_pose: 3.6807
    Episode_Reward/crouch_glide_pose_l1: -0.5065
           Episode_Reward/forward_speed: 1.7192
  Episode_Reward/forward_speed_tracking: 4.3187
            Episode_Reward/heading_hold: 0.1833
     Episode_Reward/crouch_forward_lean: 0.2745
               Episode_Reward/feet_flat: -0.0859
         Episode_Reward/self_collisions: -0.0165
     Episode_Reward/neck_action_rate_l2: -0.2494
        Episode_Reward/joint_torques_l2: -0.0007
        Episode_Metrics/mean_action_acc: 0.5795
          Curriculum/action_rate_weight: -0.5000
                   Curriculum/com_range: 0.0030
              Curriculum/head_com_range: 0.0030
           Episode_Termination/time_out: 2.3750
          Episode_Termination/fell_over: 0.3333
Episode_Termination/out_of_terrain_bounds: 0.0000
          Episode_Termination/nan_state: 0.0000
          Metrics/angular_momentum_mean: 0.0040
--------------------------------------------------------------------------------
                         Iteration time: 2.83s
                           Time elapsed: 00:08:04
                                    ETA: 00:42:05

################################################################################
[1m                          Learning iteration 161/1000                           [0m 

                               Run name: dynamic-gate-4096x1000-20260901
                            Total steps: 15925248 
                       Steps per second: 34585 
                        Collection time: 2.655s 
                          Learning time: 0.187s 
                        Mean value loss: 0.1227
                    Mean surrogate loss: -0.0028
                      Mean entropy loss: 1.7889
                            Mean reward: 188.77
                    Mean episode length: 918.12
                        Mean action std: 0.28
                 Episode_Reward/upright: 1.7541
            Episode_Reward/body_ang_vel: -0.1071
        Episode_Reward/angular_momentum: -0.0000
          Episode_Reward/action_rate_l2: -1.5366
       Episode_Reward/crouch_glide_pose: 3.6889
    Episode_Reward/crouch_glide_pose_l1: -0.5050
           Episode_Reward/forward_speed: 1.7211
  Episode_Reward/forward_speed_tracking: 4.3069
            Episode_Reward/heading_hold: 0.2287
     Episode_Reward/crouch_forward_lean: 0.2762
               Episode_Reward/feet_flat: -0.0870
         Episode_Reward/self_collisions: -0.0175
     Episode_Reward/neck_action_rate_l2: -0.2488
        Episode_Reward/joint_torques_l2: -0.0007
        Episode_Metrics/mean_action_acc: 0.5785
          Curriculum/action_rate_weight: -0.5000
                   Curriculum/com_range: 0.0030
              Curriculum/head_com_range: 0.0030
           Episode_Termination/time_out: 2.8750
          Episode_Termination/fell_over: 0.2917
Episode_Termination/out_of_terrain_bounds: 0.0000
          Episode_Termination/nan_state: 0.0000
          Metrics/angular_momentum_mean: 0.0040
--------------------------------------------------------------------------------
                         Iteration time: 2.84s
                           Time elapsed: 00:08:07
                                    ETA: 00:42:02

################################################################################
[1m                          Learning iteration 162/1000                           [0m 

                               Run name: dynamic-gate-4096x1000-20260901
                            Total steps: 16023552 
                       Steps per second: 34074 
                        Collection time: 2.684s 
                          Learning time: 0.201s 
                        Mean value loss: 0.1598
                    Mean surrogate loss: -0.0028
                      Mean entropy loss: 1.7449
                            Mean reward: 201.52
                    Mean episode length: 975.48
                        Mean action std: 0.27
                 Episode_Reward/upright: 1.8966
            Episode_Reward/body_ang_vel: -0.1166
        Episode_Reward/angular_momentum: -0.0000
          Episode_Reward/action_rate_l2: -1.6434
       Episode_Reward/crouch_glide_pose: 3.9727
    Episode_Reward/crouch_glide_pose_l1: -0.5393
           Episode_Reward/forward_speed: 1.8465
  Episode_Reward/forward_speed_tracking: 4.6511
            Episode_Reward/heading_hold: 0.2323
     Episode_Reward/crouch_forward_lean: 0.2913
               Episode_Reward/feet_flat: -0.0916
         Episode_Reward/self_collisions: -0.0198
     Episode_Reward/neck_action_rate_l2: -0.2663
        Episode_Reward/joint_torques_l2: -0.0007
        Episode_Metrics/mean_action_acc: 0.5806
          Curriculum/action_rate_weight: -0.5000
                   Curriculum/com_range: 0.0030
              Curriculum/head_com_range: 0.0030
           Episode_Termination/time_out: 3.0833
          Episode_Termination/fell_over: 0.0833
Episode_Termination/out_of_terrain_bounds: 0.0000
          Episode_Termination/nan_state: 0.0000
          Metrics/angular_momentum_mean: 0.0040
--------------------------------------------------------------------------------
                         Iteration time: 2.88s
                           Time elapsed: 00:08:10
                                    ETA: 00:41:58

################################################################################
[1m                          Learning iteration 163/1000                           [0m 

                               Run name: dynamic-gate-4096x1000-20260901
                            Total steps: 16121856 
                       Steps per second: 34077 
                        Collection time: 2.686s 
                          Learning time: 0.198s 
                        Mean value loss: 0.1531
                    Mean surrogate loss: -0.0040
                      Mean entropy loss: 1.6810
                            Mean reward: 199.36
                    Mean episode length: 961.64
                        Mean action std: 0.27
                 Episode_Reward/upright: 1.8304
            Episode_Reward/body_ang_vel: -0.1115
        Episode_Reward/angular_momentum: -0.0000
          Episode_Reward/action_rate_l2: -1.5876
       Episode_Reward/crouch_glide_pose: 3.8632
    Episode_Reward/crouch_glide_pose_l1: -0.5181
           Episode_Reward/forward_speed: 1.7908
  Episode_Reward/forward_speed_tracking: 4.5264
            Episode_Reward/heading_hold: 0.2290
     Episode_Reward/crouch_forward_lean: 0.2987
               Episode_Reward/feet_flat: -0.0879
         Episode_Reward/self_collisions: -0.0196
     Episode_Reward/neck_action_rate_l2: -0.2565
        Episode_Reward/joint_torques_l2: -0.0007
        Episode_Metrics/mean_action_acc: 0.5789
          Curriculum/action_rate_weight: -0.5000
                   Curriculum/com_range: 0.0030
              Curriculum/head_com_range: 0.0030
           Episode_Termination/time_out: 2.8333
          Episode_Termination/fell_over: 0.2500
Episode_Termination/out_of_terrain_bounds: 0.0000
          Episode_Termination/nan_state: 0.0000
          Metrics/angular_momentum_mean: 0.0039
--------------------------------------------------------------------------------
                         Iteration time: 2.88s
                           Time elapsed: 00:08:13
                                    ETA: 00:41:54

################################################################################
[1m                          Learning iteration 164/1000                           [0m 

                               Run name: dynamic-gate-4096x1000-20260901
                            Total steps: 16220160 
                       Steps per second: 31519 
                        Collection time: 2.913s 
                          Learning time: 0.205s 
                        Mean value loss: 0.1492
                    Mean surrogate loss: -0.0024
                      Mean entropy loss: 1.6368
                            Mean reward: 197.99
                    Mean episode length: 946.00
                        Mean action std: 0.27
                 Episode_Reward/upright: 1.8194
            Episode_Reward/body_ang_vel: -0.1088
        Episode_Reward/angular_momentum: -0.0000
          Episode_Reward/action_rate_l2: -1.5637
       Episode_Reward/crouch_glide_pose: 3.8521
    Episode_Reward/crouch_glide_pose_l1: -0.5135
           Episode_Reward/forward_speed: 1.7831
  Episode_Reward/forward_speed_tracking: 4.5129
            Episode_Reward/heading_hold: 0.2306
     Episode_Reward/crouch_forward_lean: 0.2999
               Episode_Reward/feet_flat: -0.0878
         Episode_Reward/self_collisions: -0.0183
     Episode_Reward/neck_action_rate_l2: -0.2539
        Episode_Reward/joint_torques_l2: -0.0007
        Episode_Metrics/mean_action_acc: 0.5757
          Curriculum/action_rate_weight: -0.5000
                   Curriculum/com_range: 0.0030
              Curriculum/head_com_range: 0.0030
           Episode_Termination/time_out: 3.2500
          Episode_Termination/fell_over: 0.2083
Episode_Termination/out_of_terrain_bounds: 0.0000
          Episode_Termination/nan_state: 0.0000
          Metrics/angular_momentum_mean: 0.0039
--------------------------------------------------------------------------------
                         Iteration time: 3.12s
                           Time elapsed: 00:08:16
                                    ETA: 00:41:52

################################################################################
[1m                          Learning iteration 165/1000                           [0m 

                               Run name: dynamic-gate-4096x1000-20260901
                            Total steps: 16318464 
                       Steps per second: 32525 
                        Collection time: 2.829s 
                          Learning time: 0.194s 
                        Mean value loss: 0.1800
                    Mean surrogate loss: -0.0038
                      Mean entropy loss: 1.5922
                            Mean reward: 198.59
                    Mean episode length: 945.58
                        Mean action std: 0.27
                 Episode_Reward/upright: 1.8133
            Episode_Reward/body_ang_vel: -0.1130
        Episode_Reward/angular_momentum: -0.0000
          Episode_Reward/action_rate_l2: -1.5465
       Episode_Reward/crouch_glide_pose: 3.8385
    Episode_Reward/crouch_glide_pose_l1: -0.5042
           Episode_Reward/forward_speed: 1.7712
  Episode_Reward/forward_speed_tracking: 4.4966
            Episode_Reward/heading_hold: 0.2118
     Episode_Reward/crouch_forward_lean: 0.2864
               Episode_Reward/feet_flat: -0.0915
         Episode_Reward/self_collisions: -0.0166
     Episode_Reward/neck_action_rate_l2: -0.2515
        Episode_Reward/joint_torques_l2: -0.0007
        Episode_Metrics/mean_action_acc: 0.5725
          Curriculum/action_rate_weight: -0.5000
                   Curriculum/com_range: 0.0030
              Curriculum/head_com_range: 0.0030
           Episode_Termination/time_out: 2.5000
          Episode_Termination/fell_over: 0.2500
Episode_Termination/out_of_terrain_bounds: 0.0000
          Episode_Termination/nan_state: 0.0000
          Metrics/angular_momentum_mean: 0.0039
--------------------------------------------------------------------------------
                         Iteration time: 3.02s
                           Time elapsed: 00:08:19
                                    ETA: 00:41:49

################################################################################
[1m                          Learning iteration 166/1000                           [0m 

                               Run name: dynamic-gate-4096x1000-20260901
                            Total steps: 16416768 
                       Steps per second: 33776 
                        Collection time: 2.719s 
                          Learning time: 0.191s 
                        Mean value loss: 0.1607
                    Mean surrogate loss: -0.0037
                      Mean entropy loss: 1.5223
                            Mean reward: 195.51
                    Mean episode length: 932.05
                        Mean action std: 0.27
                 Episode_Reward/upright: 1.7308
            Episode_Reward/body_ang_vel: -0.1024
        Episode_Reward/angular_momentum: -0.0000
          Episode_Reward/action_rate_l2: -1.4767
       Episode_Reward/crouch_glide_pose: 3.6882
    Episode_Reward/crouch_glide_pose_l1: -0.4833
           Episode_Reward/forward_speed: 1.6970
  Episode_Reward/forward_speed_tracking: 4.3072
            Episode_Reward/heading_hold: 0.1920
     Episode_Reward/crouch_forward_lean: 0.2856
               Episode_Reward/feet_flat: -0.0853
         Episode_Reward/self_collisions: -0.0162
     Episode_Reward/neck_action_rate_l2: -0.2397
        Episode_Reward/joint_torques_l2: -0.0006
        Episode_Metrics/mean_action_acc: 0.5704
          Curriculum/action_rate_weight: -0.5000
                   Curriculum/com_range: 0.0030
              Curriculum/head_com_range: 0.0030
           Episode_Termination/time_out: 2.8750
          Episode_Termination/fell_over: 0.2500
Episode_Termination/out_of_terrain_bounds: 0.0000
          Episode_Termination/nan_state: 0.0000
          Metrics/angular_momentum_mean: 0.0038
--------------------------------------------------------------------------------
                         Iteration time: 2.91s
                           Time elapsed: 00:08:22
                                    ETA: 00:41:45

################################################################################
[1m                          Learning iteration 167/1000                           [0m 

                               Run name: dynamic-gate-4096x1000-20260901
                            Total steps: 16515072 
                       Steps per second: 33212 
                        Collection time: 2.770s 
                          Learning time: 0.190s 
                        Mean value loss: 0.1485
                    Mean surrogate loss: -0.0037
                      Mean entropy loss: 1.4547
                            Mean reward: 197.72
                    Mean episode length: 941.45
                        Mean action std: 0.27
                 Episode_Reward/upright: 1.7304
            Episode_Reward/body_ang_vel: -0.1014
        Episode_Reward/angular_momentum: -0.0000
          Episode_Reward/action_rate_l2: -1.4541
       Episode_Reward/crouch_glide_pose: 3.6936
    Episode_Reward/crouch_glide_pose_l1: -0.4822
           Episode_Reward/forward_speed: 1.6958
  Episode_Reward/forward_speed_tracking: 4.3200
            Episode_Reward/heading_hold: 0.2392
     Episode_Reward/crouch_forward_lean: 0.2801
               Episode_Reward/feet_flat: -0.0839
         Episode_Reward/self_collisions: -0.0154
     Episode_Reward/neck_action_rate_l2: -0.2372
        Episode_Reward/joint_torques_l2: -0.0006
        Episode_Metrics/mean_action_acc: 0.5622
          Curriculum/action_rate_weight: -0.5000
                   Curriculum/com_range: 0.0030
              Curriculum/head_com_range: 0.0030
           Episode_Termination/time_out: 1.6667
          Episode_Termination/fell_over: 0.2083
Episode_Termination/out_of_terrain_bounds: 0.0000
          Episode_Termination/nan_state: 0.0000
          Metrics/angular_momentum_mean: 0.0038
--------------------------------------------------------------------------------
                         Iteration time: 2.96s
                           Time elapsed: 00:08:25
                                    ETA: 00:41:42

################################################################################
[1m                          Learning iteration 168/1000                           [0m 

                               Run name: dynamic-gate-4096x1000-20260901
                            Total steps: 16613376 
                       Steps per second: 33989 
                        Collection time: 2.705s 
                          Learning time: 0.187s 
                        Mean value loss: 0.2121
                    Mean surrogate loss: -0.0027
                      Mean entropy loss: 1.4035
                            Mean reward: 197.43
                    Mean episode length: 934.17
                        Mean action std: 0.27
                 Episode_Reward/upright: 1.8134
            Episode_Reward/body_ang_vel: -0.1068
        Episode_Reward/angular_momentum: -0.0000
          Episode_Reward/action_rate_l2: -1.5242
       Episode_Reward/crouch_glide_pose: 3.8769
    Episode_Reward/crouch_glide_pose_l1: -0.4987
           Episode_Reward/forward_speed: 1.7767
  Episode_Reward/forward_speed_tracking: 4.5207
            Episode_Reward/heading_hold: 0.2255
     Episode_Reward/crouch_forward_lean: 0.2871
               Episode_Reward/feet_flat: -0.0880
         Episode_Reward/self_collisions: -0.0175
     Episode_Reward/neck_action_rate_l2: -0.2470
        Episode_Reward/joint_torques_l2: -0.0007
        Episode_Metrics/mean_action_acc: 0.5665
          Curriculum/action_rate_weight: -0.5000
                   Curriculum/com_range: 0.0030
              Curriculum/head_com_range: 0.0030
           Episode_Termination/time_out: 3.4583
          Episode_Termination/fell_over: 0.2083
Episode_Termination/out_of_terrain_bounds: 0.0000
          Episode_Termination/nan_state: 0.0000
          Metrics/angular_momentum_mean: 0.0038
--------------------------------------------------------------------------------
                         Iteration time: 2.89s
                           Time elapsed: 00:08:28
                                    ETA: 00:41:39

################################################################################
[1m                          Learning iteration 169/1000                           [0m 

                               Run name: dynamic-gate-4096x1000-20260901
                            Total steps: 16711680 
                       Steps per second: 32452 
                        Collection time: 2.839s 
                          Learning time: 0.191s 
                        Mean value loss: 0.1243
                    Mean surrogate loss: -0.0043
                      Mean entropy loss: 1.3505
                            Mean reward: 194.31
                    Mean episode length: 915.37
                        Mean action std: 0.27
                 Episode_Reward/upright: 1.7028
            Episode_Reward/body_ang_vel: -0.1008
        Episode_Reward/angular_momentum: -0.0000
          Episode_Reward/action_rate_l2: -1.4184
       Episode_Reward/crouch_glide_pose: 3.6544
    Episode_Reward/crouch_glide_pose_l1: -0.4642
           Episode_Reward/forward_speed: 1.6681
  Episode_Reward/forward_speed_tracking: 4.2550
            Episode_Reward/heading_hold: 0.2169
     Episode_Reward/crouch_forward_lean: 0.2581
               Episode_Reward/feet_flat: -0.0841
         Episode_Reward/self_collisions: -0.0140
     Episode_Reward/neck_action_rate_l2: -0.2302
        Episode_Reward/joint_torques_l2: -0.0006
        Episode_Metrics/mean_action_acc: 0.5619
          Curriculum/action_rate_weight: -0.5000
                   Curriculum/com_range: 0.0030
              Curriculum/head_com_range: 0.0030
           Episode_Termination/time_out: 2.2917
          Episode_Termination/fell_over: 0.3750
Episode_Termination/out_of_terrain_bounds: 0.0000
          Episode_Termination/nan_state: 0.0000
          Metrics/angular_momentum_mean: 0.0038
--------------------------------------------------------------------------------
                         Iteration time: 3.03s
                           Time elapsed: 00:08:31
                                    ETA: 00:41:36

################################################################################
[1m                          Learning iteration 170/1000                           [0m 

                               Run name: dynamic-gate-4096x1000-20260901
                            Total steps: 16809984 
                       Steps per second: 33911 
                        Collection time: 2.711s 
                          Learning time: 0.188s 
                        Mean value loss: 0.1160
                    Mean surrogate loss: -0.0047
                      Mean entropy loss: 1.2568
                            Mean reward: 199.70
                    Mean episode length: 937.49
                        Mean action std: 0.26
                 Episode_Reward/upright: 1.8538
            Episode_Reward/body_ang_vel: -0.1085
        Episode_Reward/angular_momentum: -0.0000
          Episode_Reward/action_rate_l2: -1.5394
       Episode_Reward/crouch_glide_pose: 3.9852
    Episode_Reward/crouch_glide_pose_l1: -0.5040
           Episode_Reward/forward_speed: 1.8175
  Episode_Reward/forward_speed_tracking: 4.6388
            Episode_Reward/heading_hold: 0.2269
     Episode_Reward/crouch_forward_lean: 0.3072
               Episode_Reward/feet_flat: -0.0881
         Episode_Reward/self_collisions: -0.0176
     Episode_Reward/neck_action_rate_l2: -0.2512
        Episode_Reward/joint_torques_l2: -0.0007
        Episode_Metrics/mean_action_acc: 0.5658
          Curriculum/action_rate_weight: -0.5000
                   Curriculum/com_range: 0.0030
              Curriculum/head_com_range: 0.0030
           Episode_Termination/time_out: 2.9167
          Episode_Termination/fell_over: 0.1667
Episode_Termination/out_of_terrain_bounds: 0.0000
          Episode_Termination/nan_state: 0.0000
          Metrics/angular_momentum_mean: 0.0038
--------------------------------------------------------------------------------
                         Iteration time: 2.90s
                           Time elapsed: 00:08:34
                                    ETA: 00:41:32

################################################################################
[1m                          Learning iteration 171/1000                           [0m 

                               Run name: dynamic-gate-4096x1000-20260901
                            Total steps: 16908288 
                       Steps per second: 33368 
                        Collection time: 2.731s 
                          Learning time: 0.215s 
                        Mean value loss: 0.0950
                    Mean surrogate loss: -0.0024
                      Mean entropy loss: 1.1856
                            Mean reward: 201.82
                    Mean episode length: 943.00
                        Mean action std: 0.26
                 Episode_Reward/upright: 1.7766
            Episode_Reward/body_ang_vel: -0.0990
        Episode_Reward/angular_momentum: -0.0000
          Episode_Reward/action_rate_l2: -1.4664
       Episode_Reward/crouch_glide_pose: 3.8380
    Episode_Reward/crouch_glide_pose_l1: -0.4817
           Episode_Reward/forward_speed: 1.7387
  Episode_Reward/forward_speed_tracking: 4.4482
            Episode_Reward/heading_hold: 0.2257
     Episode_Reward/crouch_forward_lean: 0.3001
               Episode_Reward/feet_flat: -0.0832
         Episode_Reward/self_collisions: -0.0149
     Episode_Reward/neck_action_rate_l2: -0.2372
        Episode_Reward/joint_torques_l2: -0.0006
        Episode_Metrics/mean_action_acc: 0.5594
          Curriculum/action_rate_weight: -0.5000
                   Curriculum/com_range: 0.0030
              Curriculum/head_com_range: 0.0030
           Episode_Termination/time_out: 3.0833
          Episode_Termination/fell_over: 0.2500
Episode_Termination/out_of_terrain_bounds: 0.0000
          Episode_Termination/nan_state: 0.0000
          Metrics/angular_momentum_mean: 0.0038
--------------------------------------------------------------------------------
                         Iteration time: 2.95s
                           Time elapsed: 00:08:37
                                    ETA: 00:41:29

################################################################################
[1m                          Learning iteration 172/1000                           [0m 

                               Run name: dynamic-gate-4096x1000-20260901
                            Total steps: 17006592 
                       Steps per second: 32823 
                        Collection time: 2.796s 
                          Learning time: 0.199s 
                        Mean value loss: 0.1265
                    Mean surrogate loss: -0.0029
                      Mean entropy loss: 1.0840
                            Mean reward: 202.40
                    Mean episode length: 942.38
                        Mean action std: 0.26
                 Episode_Reward/upright: 1.7505
            Episode_Reward/body_ang_vel: -0.0994
        Episode_Reward/angular_momentum: -0.0000
          Episode_Reward/action_rate_l2: -1.4310
       Episode_Reward/crouch_glide_pose: 3.7640
    Episode_Reward/crouch_glide_pose_l1: -0.4717
           Episode_Reward/forward_speed: 1.7119
  Episode_Reward/forward_speed_tracking: 4.3760
            Episode_Reward/heading_hold: 0.2474
     Episode_Reward/crouch_forward_lean: 0.2861
               Episode_Reward/feet_flat: -0.0824
         Episode_Reward/self_collisions: -0.0177
     Episode_Reward/neck_action_rate_l2: -0.2317
        Episode_Reward/joint_torques_l2: -0.0006
        Episode_Metrics/mean_action_acc: 0.5563
          Curriculum/action_rate_weight: -0.5000
                   Curriculum/com_range: 0.0030
              Curriculum/head_com_range: 0.0030
           Episode_Termination/time_out: 2.8333
          Episode_Termination/fell_over: 0.2083
Episode_Termination/out_of_terrain_bounds: 0.0000
          Episode_Termination/nan_state: 0.0000
          Metrics/angular_momentum_mean: 0.0038
--------------------------------------------------------------------------------
                         Iteration time: 2.99s
                           Time elapsed: 00:08:40
                                    ETA: 00:41:26

################################################################################
[1m                          Learning iteration 173/1000                           [0m 

                               Run name: dynamic-gate-4096x1000-20260901
                            Total steps: 17104896 
                       Steps per second: 33228 
                        Collection time: 2.771s 
                          Learning time: 0.188s 
                        Mean value loss: 0.1059
                    Mean surrogate loss: -0.0032
                      Mean entropy loss: 1.0451
                            Mean reward: 207.82
                    Mean episode length: 961.62
                        Mean action std: 0.26
                 Episode_Reward/upright: 1.8590
            Episode_Reward/body_ang_vel: -0.1034
        Episode_Reward/angular_momentum: -0.0000
          Episode_Reward/action_rate_l2: -1.5175
       Episode_Reward/crouch_glide_pose: 4.0289
    Episode_Reward/crouch_glide_pose_l1: -0.4964
           Episode_Reward/forward_speed: 1.8327
  Episode_Reward/forward_speed_tracking: 4.7398
            Episode_Reward/heading_hold: 0.2218
     Episode_Reward/crouch_forward_lean: 0.3173
               Episode_Reward/feet_flat: -0.0866
         Episode_Reward/self_collisions: -0.0144
     Episode_Reward/neck_action_rate_l2: -0.2452
        Episode_Reward/joint_torques_l2: -0.0007
        Episode_Metrics/mean_action_acc: 0.5591
          Curriculum/action_rate_weight: -0.5000
                   Curriculum/com_range: 0.0030
              Curriculum/head_com_range: 0.0030
           Episode_Termination/time_out: 2.7917
          Episode_Termination/fell_over: 0.0833
Episode_Termination/out_of_terrain_bounds: 0.0000
          Episode_Termination/nan_state: 0.0000
          Metrics/angular_momentum_mean: 0.0037
--------------------------------------------------------------------------------
                         Iteration time: 2.96s
                           Time elapsed: 00:08:43
                                    ETA: 00:41:23

################################################################################
[1m                          Learning iteration 174/1000                           [0m 

                               Run name: dynamic-gate-4096x1000-20260901
                            Total steps: 17203200 
                       Steps per second: 33275 
                        Collection time: 2.764s 
                          Learning time: 0.190s 
                        Mean value loss: 0.1017
                    Mean surrogate loss: -0.0047
                      Mean entropy loss: 0.9501
                            Mean reward: 208.73
                    Mean episode length: 960.79
                        Mean action std: 0.26
                 Episode_Reward/upright: 1.8770
            Episode_Reward/body_ang_vel: -0.1013
        Episode_Reward/angular_momentum: -0.0000
          Episode_Reward/action_rate_l2: -1.5139
       Episode_Reward/crouch_glide_pose: 4.0705
    Episode_Reward/crouch_glide_pose_l1: -0.5001
           Episode_Reward/forward_speed: 1.8323
  Episode_Reward/forward_speed_tracking: 4.7418
            Episode_Reward/heading_hold: 0.2411
     Episode_Reward/crouch_forward_lean: 0.3195
               Episode_Reward/feet_flat: -0.0822
         Episode_Reward/self_collisions: -0.0167
     Episode_Reward/neck_action_rate_l2: -0.2467
        Episode_Reward/joint_torques_l2: -0.0007
        Episode_Metrics/mean_action_acc: 0.5569
          Curriculum/action_rate_weight: -0.5000
                   Curriculum/com_range: 0.0030
              Curriculum/head_com_range: 0.0030
           Episode_Termination/time_out: 2.4167
          Episode_Termination/fell_over: 0.1250
Episode_Termination/out_of_terrain_bounds: 0.0000
          Episode_Termination/nan_state: 0.0000
          Metrics/angular_momentum_mean: 0.0037
--------------------------------------------------------------------------------
                         Iteration time: 2.95s
                           Time elapsed: 00:08:46
                                    ETA: 00:41:19

################################################################################
[1m                          Learning iteration 175/1000                           [0m 

                               Run name: dynamic-gate-4096x1000-20260901
                            Total steps: 17301504 
                       Steps per second: 32231 
                        Collection time: 2.847s 
                          Learning time: 0.203s 
                        Mean value loss: 0.1694
                    Mean surrogate loss: -0.0032
                      Mean entropy loss: 0.9160
                            Mean reward: 209.06
                    Mean episode length: 959.05
                        Mean action std: 0.26
                 Episode_Reward/upright: 1.8433
            Episode_Reward/body_ang_vel: -0.0978
        Episode_Reward/angular_momentum: -0.0000
          Episode_Reward/action_rate_l2: -1.4770
       Episode_Reward/crouch_glide_pose: 3.9992
    Episode_Reward/crouch_glide_pose_l1: -0.4877
           Episode_Reward/forward_speed: 1.8003
  Episode_Reward/forward_speed_tracking: 4.6711
            Episode_Reward/heading_hold: 0.2579
     Episode_Reward/crouch_forward_lean: 0.3121
               Episode_Reward/feet_flat: -0.0805
         Episode_Reward/self_collisions: -0.0162
     Episode_Reward/neck_action_rate_l2: -0.2392
        Episode_Reward/joint_torques_l2: -0.0006
        Episode_Metrics/mean_action_acc: 0.5544
          Curriculum/action_rate_weight: -0.5000
                   Curriculum/com_range: 0.0030
              Curriculum/head_com_range: 0.0030
           Episode_Termination/time_out: 2.7500
          Episode_Termination/fell_over: 0.1250
Episode_Termination/out_of_terrain_bounds: 0.0000
          Episode_Termination/nan_state: 0.0000
          Metrics/angular_momentum_mean: 0.0037
--------------------------------------------------------------------------------
                         Iteration time: 3.05s
                           Time elapsed: 00:08:49
                                    ETA: 00:41:16

################################################################################
[1m                          Learning iteration 176/1000                           [0m 

                               Run name: dynamic-gate-4096x1000-20260901
                            Total steps: 17399808 
                       Steps per second: 33308 
                        Collection time: 2.752s 
                          Learning time: 0.199s 
                        Mean value loss: 0.1117
                    Mean surrogate loss: -0.0025
                      Mean entropy loss: 0.8722
                            Mean reward: 207.28
                    Mean episode length: 949.85
                        Mean action std: 0.26
                 Episode_Reward/upright: 1.8036
            Episode_Reward/body_ang_vel: -0.0955
        Episode_Reward/angular_momentum: -0.0000
          Episode_Reward/action_rate_l2: -1.4266
       Episode_Reward/crouch_glide_pose: 3.9076
    Episode_Reward/crouch_glide_pose_l1: -0.4749
           Episode_Reward/forward_speed: 1.7568
  Episode_Reward/forward_speed_tracking: 4.5522
            Episode_Reward/heading_hold: 0.2126
     Episode_Reward/crouch_forward_lean: 0.3083
               Episode_Reward/feet_flat: -0.0808
         Episode_Reward/self_collisions: -0.0150
     Episode_Reward/neck_action_rate_l2: -0.2325
        Episode_Reward/joint_torques_l2: -0.0006
        Episode_Metrics/mean_action_acc: 0.5479
          Curriculum/action_rate_weight: -0.5000
                   Curriculum/com_range: 0.0030
              Curriculum/head_com_range: 0.0030
           Episode_Termination/time_out: 2.9167
          Episode_Termination/fell_over: 0.2500
Episode_Termination/out_of_terrain_bounds: 0.0000
          Episode_Termination/nan_state: 0.0000
          Metrics/angular_momentum_mean: 0.0036
--------------------------------------------------------------------------------
                         Iteration time: 2.95s
                           Time elapsed: 00:08:52
                                    ETA: 00:41:13

################################################################################
[1m                          Learning iteration 177/1000                           [0m 

                               Run name: dynamic-gate-4096x1000-20260901
                            Total steps: 17498112 
                       Steps per second: 34133 
                        Collection time: 2.690s 
                          Learning time: 0.190s 
                        Mean value loss: 0.1145
                    Mean surrogate loss: -0.0010
                      Mean entropy loss: 0.8110
                            Mean reward: 204.97
                    Mean episode length: 935.59
                        Mean action std: 0.26
                 Episode_Reward/upright: 1.8588
            Episode_Reward/body_ang_vel: -0.1002
        Episode_Reward/angular_momentum: -0.0000
          Episode_Reward/action_rate_l2: -1.4775
       Episode_Reward/crouch_glide_pose: 4.0724
    Episode_Reward/crouch_glide_pose_l1: -0.4865
           Episode_Reward/forward_speed: 1.8296
  Episode_Reward/forward_speed_tracking: 4.7321
            Episode_Reward/heading_hold: 0.2639
     Episode_Reward/crouch_forward_lean: 0.3250
               Episode_Reward/feet_flat: -0.0836
         Episode_Reward/self_collisions: -0.0147
     Episode_Reward/neck_action_rate_l2: -0.2391
        Episode_Reward/joint_torques_l2: -0.0007
        Episode_Metrics/mean_action_acc: 0.5500
          Curriculum/action_rate_weight: -0.5000
                   Curriculum/com_range: 0.0030
              Curriculum/head_com_range: 0.0030
           Episode_Termination/time_out: 2.7083
          Episode_Termination/fell_over: 0.1250
Episode_Termination/out_of_terrain_bounds: 0.0000
          Episode_Termination/nan_state: 0.0000
          Metrics/angular_momentum_mean: 0.0036
--------------------------------------------------------------------------------
                         Iteration time: 2.88s
                           Time elapsed: 00:08:54
                                    ETA: 00:41:10

################################################################################
[1m                          Learning iteration 178/1000                           [0m 

                               Run name: dynamic-gate-4096x1000-20260901
                            Total steps: 17596416 
                       Steps per second: 33970 
                        Collection time: 2.706s 
                          Learning time: 0.187s 
                        Mean value loss: 0.1887
                    Mean surrogate loss: -0.0037
                      Mean entropy loss: 0.7474
                            Mean reward: 207.26
                    Mean episode length: 943.25
                        Mean action std: 0.26
                 Episode_Reward/upright: 1.7848
            Episode_Reward/body_ang_vel: -0.0969
        Episode_Reward/angular_momentum: -0.0000
          Episode_Reward/action_rate_l2: -1.4142
       Episode_Reward/crouch_glide_pose: 3.8966
    Episode_Reward/crouch_glide_pose_l1: -0.4673
           Episode_Reward/forward_speed: 1.7412
  Episode_Reward/forward_speed_tracking: 4.5067
            Episode_Reward/heading_hold: 0.2402
     Episode_Reward/crouch_forward_lean: 0.2687
               Episode_Reward/feet_flat: -0.0829
         Episode_Reward/self_collisions: -0.0159
     Episode_Reward/neck_action_rate_l2: -0.2295
        Episode_Reward/joint_torques_l2: -0.0006
        Episode_Metrics/mean_action_acc: 0.5473
          Curriculum/action_rate_weight: -0.5000
                   Curriculum/com_range: 0.0030
              Curriculum/head_com_range: 0.0030
           Episode_Termination/time_out: 3.0000
          Episode_Termination/fell_over: 0.3333
Episode_Termination/out_of_terrain_bounds: 0.0000
          Episode_Termination/nan_state: 0.0000
          Metrics/angular_momentum_mean: 0.0036
--------------------------------------------------------------------------------
                         Iteration time: 2.89s
                           Time elapsed: 00:08:57
                                    ETA: 00:41:06

################################################################################
[1m                          Learning iteration 179/1000                           [0m 

                               Run name: dynamic-gate-4096x1000-20260901
                            Total steps: 17694720 
                       Steps per second: 32536 
                        Collection time: 2.801s 
                          Learning time: 0.220s 
                        Mean value loss: 0.1156
                    Mean surrogate loss: -0.0035
                      Mean entropy loss: 0.7134
                            Mean reward: 212.32
                    Mean episode length: 961.56
                        Mean action std: 0.25
                 Episode_Reward/upright: 1.8751
            Episode_Reward/body_ang_vel: -0.0978
        Episode_Reward/angular_momentum: -0.0000
          Episode_Reward/action_rate_l2: -1.4576
       Episode_Reward/crouch_glide_pose: 4.0991
    Episode_Reward/crouch_glide_pose_l1: -0.4851
           Episode_Reward/forward_speed: 1.8250
  Episode_Reward/forward_speed_tracking: 4.7547
            Episode_Reward/heading_hold: 0.2749
     Episode_Reward/crouch_forward_lean: 0.3082
               Episode_Reward/feet_flat: -0.0821
         Episode_Reward/self_collisions: -0.0139
     Episode_Reward/neck_action_rate_l2: -0.2370
        Episode_Reward/joint_torques_l2: -0.0006
        Episode_Metrics/mean_action_acc: 0.5458
          Curriculum/action_rate_weight: -0.5000
                   Curriculum/com_range: 0.0030
              Curriculum/head_com_range: 0.0030
           Episode_Termination/time_out: 3.2917
          Episode_Termination/fell_over: 0.2083
Episode_Termination/out_of_terrain_bounds: 0.0000
          Episode_Termination/nan_state: 0.0000
          Metrics/angular_momentum_mean: 0.0036
--------------------------------------------------------------------------------
                         Iteration time: 3.02s
                           Time elapsed: 00:09:00
                                    ETA: 00:41:03

################################################################################
[1m                          Learning iteration 180/1000                           [0m 

                               Run name: dynamic-gate-4096x1000-20260901
                            Total steps: 17793024 
                       Steps per second: 32516 
                        Collection time: 2.809s 
                          Learning time: 0.215s 
                        Mean value loss: 0.1588
                    Mean surrogate loss: -0.0034
                      Mean entropy loss: 0.6387
                            Mean reward: 208.09
                    Mean episode length: 939.59
                        Mean action std: 0.25
                 Episode_Reward/upright: 1.7999
            Episode_Reward/body_ang_vel: -0.0920
        Episode_Reward/angular_momentum: -0.0000
          Episode_Reward/action_rate_l2: -1.3962
       Episode_Reward/crouch_glide_pose: 3.9713
    Episode_Reward/crouch_glide_pose_l1: -0.4651
           Episode_Reward/forward_speed: 1.7626
  Episode_Reward/forward_speed_tracking: 4.6025
            Episode_Reward/heading_hold: 0.2283
     Episode_Reward/crouch_forward_lean: 0.3112
               Episode_Reward/feet_flat: -0.0774
         Episode_Reward/self_collisions: -0.0117
     Episode_Reward/neck_action_rate_l2: -0.2262
        Episode_Reward/joint_torques_l2: -0.0006
        Episode_Metrics/mean_action_acc: 0.5403
          Curriculum/action_rate_weight: -0.5000
                   Curriculum/com_range: 0.0030
              Curriculum/head_com_range: 0.0030
           Episode_Termination/time_out: 4.3750
          Episode_Termination/fell_over: 0.2917
Episode_Termination/out_of_terrain_bounds: 0.0000
          Episode_Termination/nan_state: 0.0000
          Metrics/angular_momentum_mean: 0.0036
--------------------------------------------------------------------------------
                         Iteration time: 3.02s
                           Time elapsed: 00:09:03
                                    ETA: 00:41:00

################################################################################
[1m                          Learning iteration 181/1000                           [0m 

                               Run name: dynamic-gate-4096x1000-20260901
                            Total steps: 17891328 
                       Steps per second: 32788 
                        Collection time: 2.786s 
                          Learning time: 0.212s 
                        Mean value loss: 0.2216
                    Mean surrogate loss: -0.0036
                      Mean entropy loss: 0.6028
                            Mean reward: 221.10
                    Mean episode length: 990.56
                        Mean action std: 0.25
                 Episode_Reward/upright: 1.8464
            Episode_Reward/body_ang_vel: -0.0908
        Episode_Reward/angular_momentum: -0.0000
          Episode_Reward/action_rate_l2: -1.4207
       Episode_Reward/crouch_glide_pose: 4.0624
    Episode_Reward/crouch_glide_pose_l1: -0.4715
           Episode_Reward/forward_speed: 1.8003
  Episode_Reward/forward_speed_tracking: 4.7374
            Episode_Reward/heading_hold: 0.2292
     Episode_Reward/crouch_forward_lean: 0.3258
               Episode_Reward/feet_flat: -0.0762
         Episode_Reward/self_collisions: -0.0114
     Episode_Reward/neck_action_rate_l2: -0.2307
        Episode_Reward/joint_torques_l2: -0.0006
        Episode_Metrics/mean_action_acc: 0.5403
          Curriculum/action_rate_weight: -0.5000
                   Curriculum/com_range: 0.0030
              Curriculum/head_com_range: 0.0030
           Episode_Termination/time_out: 6.3333
          Episode_Termination/fell_over: 0.2083
Episode_Termination/out_of_terrain_bounds: 0.0000
          Episode_Termination/nan_state: 0.0000
          Metrics/angular_momentum_mean: 0.0036
--------------------------------------------------------------------------------
                         Iteration time: 3.00s
                           Time elapsed: 00:09:06
                                    ETA: 00:40:57

################################################################################
[1m                          Learning iteration 182/1000                           [0m 

                               Run name: dynamic-gate-4096x1000-20260901
                            Total steps: 17989632 
                       Steps per second: 33070 
                        Collection time: 2.747s 
                          Learning time: 0.225s 
                        Mean value loss: 0.1853
                    Mean surrogate loss: -0.0036
                      Mean entropy loss: 0.5786
                            Mean reward: 214.98
                    Mean episode length: 964.02
                        Mean action std: 0.25
                 Episode_Reward/upright: 1.8407
            Episode_Reward/body_ang_vel: -0.0913
        Episode_Reward/angular_momentum: -0.0000
          Episode_Reward/action_rate_l2: -1.4086
       Episode_Reward/crouch_glide_pose: 4.0558
    Episode_Reward/crouch_glide_pose_l1: -0.4682
           Episode_Reward/forward_speed: 1.7926
  Episode_Reward/forward_speed_tracking: 4.7204
            Episode_Reward/heading_hold: 0.2303
     Episode_Reward/crouch_forward_lean: 0.3149
               Episode_Reward/feet_flat: -0.0769
         Episode_Reward/self_collisions: -0.0109
     Episode_Reward/neck_action_rate_l2: -0.2290
        Episode_Reward/joint_torques_l2: -0.0006
        Episode_Metrics/mean_action_acc: 0.5384
          Curriculum/action_rate_weight: -0.5000
                   Curriculum/com_range: 0.0030
              Curriculum/head_com_range: 0.0030
           Episode_Termination/time_out: 7.2083
          Episode_Termination/fell_over: 0.4167
Episode_Termination/out_of_terrain_bounds: 0.0000
          Episode_Termination/nan_state: 0.0000
          Metrics/angular_momentum_mean: 0.0036
--------------------------------------------------------------------------------
                         Iteration time: 2.97s
                           Time elapsed: 00:09:09
                                    ETA: 00:40:54

################################################################################
[1m                          Learning iteration 183/1000                           [0m 

                               Run name: dynamic-gate-4096x1000-20260901
                            Total steps: 18087936 
                       Steps per second: 32306 
                        Collection time: 2.825s 
                          Learning time: 0.217s 
                        Mean value loss: 0.1664
                    Mean surrogate loss: -0.0026
                      Mean entropy loss: 0.5445
                            Mean reward: 210.69
                    Mean episode length: 942.19
                        Mean action std: 0.25
                 Episode_Reward/upright: 1.8342
            Episode_Reward/body_ang_vel: -0.0901
        Episode_Reward/angular_momentum: -0.0000
          Episode_Reward/action_rate_l2: -1.3907
       Episode_Reward/crouch_glide_pose: 4.0543
    Episode_Reward/crouch_glide_pose_l1: -0.4640
           Episode_Reward/forward_speed: 1.7857
  Episode_Reward/forward_speed_tracking: 4.7171
            Episode_Reward/heading_hold: 0.2143
     Episode_Reward/crouch_forward_lean: 0.3191
               Episode_Reward/feet_flat: -0.0763
         Episode_Reward/self_collisions: -0.0119
     Episode_Reward/neck_action_rate_l2: -0.2256
        Episode_Reward/joint_torques_l2: -0.0006
        Episode_Metrics/mean_action_acc: 0.5355
          Curriculum/action_rate_weight: -0.5000
                   Curriculum/com_range: 0.0030
              Curriculum/head_com_range: 0.0030
           Episode_Termination/time_out: 9.0833
          Episode_Termination/fell_over: 0.4167
Episode_Termination/out_of_terrain_bounds: 0.0000
          Episode_Termination/nan_state: 0.0000
          Metrics/angular_momentum_mean: 0.0037
--------------------------------------------------------------------------------
                         Iteration time: 3.04s
                           Time elapsed: 00:09:12
                                    ETA: 00:40:51

################################################################################
[1m                          Learning iteration 184/1000                           [0m 

                               Run name: dynamic-gate-4096x1000-20260901
                            Total steps: 18186240 
                       Steps per second: 33192 
                        Collection time: 2.749s 
                          Learning time: 0.213s 
                        Mean value loss: 0.2245
                    Mean surrogate loss: -0.0008
                      Mean entropy loss: 0.5486
                            Mean reward: 222.72
                    Mean episode length: 990.36
                        Mean action std: 0.25
                 Episode_Reward/upright: 1.8898
            Episode_Reward/body_ang_vel: -0.0915
        Episode_Reward/angular_momentum: -0.0000
          Episode_Reward/action_rate_l2: -1.4261
       Episode_Reward/crouch_glide_pose: 4.1676
    Episode_Reward/crouch_glide_pose_l1: -0.4748
           Episode_Reward/forward_speed: 1.8349
  Episode_Reward/forward_speed_tracking: 4.8527
            Episode_Reward/heading_hold: 0.2263
     Episode_Reward/crouch_forward_lean: 0.3114
               Episode_Reward/feet_flat: -0.0794
         Episode_Reward/self_collisions: -0.0121
     Episode_Reward/neck_action_rate_l2: -0.2318
        Episode_Reward/joint_torques_l2: -0.0006
        Episode_Metrics/mean_action_acc: 0.5352
          Curriculum/action_rate_weight: -0.5000
                   Curriculum/com_range: 0.0030
              Curriculum/head_com_range: 0.0030
           Episode_Termination/time_out: 10.2500
          Episode_Termination/fell_over: 0.2500
Episode_Termination/out_of_terrain_bounds: 0.0000
          Episode_Termination/nan_state: 0.0000
          Metrics/angular_momentum_mean: 0.0036
--------------------------------------------------------------------------------
                         Iteration time: 2.96s
                           Time elapsed: 00:09:15
                                    ETA: 00:40:48

################################################################################
[1m                          Learning iteration 185/1000                           [0m 

                               Run name: dynamic-gate-4096x1000-20260901
                            Total steps: 18284544 
                       Steps per second: 32609 
                        Collection time: 2.801s 
                          Learning time: 0.214s 
                        Mean value loss: 0.2233
                    Mean surrogate loss: -0.0034
                      Mean entropy loss: 0.5477
                            Mean reward: 201.45
                    Mean episode length: 895.94
                        Mean action std: 0.25
                 Episode_Reward/upright: 1.8366
            Episode_Reward/body_ang_vel: -0.0893
        Episode_Reward/angular_momentum: -0.0000
          Episode_Reward/action_rate_l2: -1.3798
       Episode_Reward/crouch_glide_pose: 4.0669
    Episode_Reward/crouch_glide_pose_l1: -0.4605
           Episode_Reward/forward_speed: 1.7904
  Episode_Reward/forward_speed_tracking: 4.7316
            Episode_Reward/heading_hold: 0.2184
     Episode_Reward/crouch_forward_lean: 0.3131
               Episode_Reward/feet_flat: -0.0769
         Episode_Reward/self_collisions: -0.0116
     Episode_Reward/neck_action_rate_l2: -0.2241
        Episode_Reward/joint_torques_l2: -0.0006
        Episode_Metrics/mean_action_acc: 0.5326
          Curriculum/action_rate_weight: -0.5000
                   Curriculum/com_range: 0.0030
              Curriculum/head_com_range: 0.0030
           Episode_Termination/time_out: 9.7083
          Episode_Termination/fell_over: 0.5000
Episode_Termination/out_of_terrain_bounds: 0.0000
          Episode_Termination/nan_state: 0.0000
          Metrics/angular_momentum_mean: 0.0037
--------------------------------------------------------------------------------
                         Iteration time: 3.01s
                           Time elapsed: 00:09:18
                                    ETA: 00:40:45

################################################################################
[1m                          Learning iteration 186/1000                           [0m 

                               Run name: dynamic-gate-4096x1000-20260901
                            Total steps: 18382848 
                       Steps per second: 33426 
                        Collection time: 2.723s 
                          Learning time: 0.218s 
                        Mean value loss: 0.2392
                    Mean surrogate loss: -0.0026
                      Mean entropy loss: 0.5519
                            Mean reward: 211.64
                    Mean episode length: 938.90
                        Mean action std: 0.25
                 Episode_Reward/upright: 1.8362
            Episode_Reward/body_ang_vel: -0.0884
        Episode_Reward/angular_momentum: -0.0000
          Episode_Reward/action_rate_l2: -1.3712
       Episode_Reward/crouch_glide_pose: 4.0751
    Episode_Reward/crouch_glide_pose_l1: -0.4581
           Episode_Reward/forward_speed: 1.7881
  Episode_Reward/forward_speed_tracking: 4.7406
            Episode_Reward/heading_hold: 0.2218
     Episode_Reward/crouch_forward_lean: 0.3143
               Episode_Reward/feet_flat: -0.0767
         Episode_Reward/self_collisions: -0.0115
     Episode_Reward/neck_action_rate_l2: -0.2222
        Episode_Reward/joint_torques_l2: -0.0006
        Episode_Metrics/mean_action_acc: 0.5314
          Curriculum/action_rate_weight: -0.5000
                   Curriculum/com_range: 0.0030
              Curriculum/head_com_range: 0.0030
           Episode_Termination/time_out: 9.2083
          Episode_Termination/fell_over: 0.5417
Episode_Termination/out_of_terrain_bounds: 0.0000
          Episode_Termination/nan_state: 0.0000
          Metrics/angular_momentum_mean: 0.0037
--------------------------------------------------------------------------------
                         Iteration time: 2.94s
                           Time elapsed: 00:09:21
                                    ETA: 00:40:42

################################################################################
[1m                          Learning iteration 187/1000                           [0m 

                               Run name: dynamic-gate-4096x1000-20260901
                            Total steps: 18481152 
                       Steps per second: 33458 
                        Collection time: 2.730s 
                          Learning time: 0.208s 
                        Mean value loss: 0.2509
                    Mean surrogate loss: -0.0017
                      Mean entropy loss: 0.5575
                            Mean reward: 205.50
                    Mean episode length: 908.85
                        Mean action std: 0.25
                 Episode_Reward/upright: 1.7807
            Episode_Reward/body_ang_vel: -0.0876
        Episode_Reward/angular_momentum: -0.0000
          Episode_Reward/action_rate_l2: -1.3227
       Episode_Reward/crouch_glide_pose: 3.9573
    Episode_Reward/crouch_glide_pose_l1: -0.4443
           Episode_Reward/forward_speed: 1.7352
  Episode_Reward/forward_speed_tracking: 4.6001
            Episode_Reward/heading_hold: 0.2220
     Episode_Reward/crouch_forward_lean: 0.2942
               Episode_Reward/feet_flat: -0.0759
         Episode_Reward/self_collisions: -0.0113
     Episode_Reward/neck_action_rate_l2: -0.2150
        Episode_Reward/joint_torques_l2: -0.0006
        Episode_Metrics/mean_action_acc: 0.5277
          Curriculum/action_rate_weight: -0.5000
                   Curriculum/com_range: 0.0030
              Curriculum/head_com_range: 0.0030
           Episode_Termination/time_out: 8.5417
          Episode_Termination/fell_over: 0.7500
Episode_Termination/out_of_terrain_bounds: 0.0000
          Episode_Termination/nan_state: 0.0000
          Metrics/angular_momentum_mean: 0.0037
--------------------------------------------------------------------------------
                         Iteration time: 2.94s
                           Time elapsed: 00:09:24
                                    ETA: 00:40:39

################################################################################
[1m                          Learning iteration 188/1000                           [0m 

                               Run name: dynamic-gate-4096x1000-20260901
                            Total steps: 18579456 
                       Steps per second: 33332 
                        Collection time: 2.732s 
                          Learning time: 0.217s 
                        Mean value loss: 0.1643
                    Mean surrogate loss: -0.0033
                      Mean entropy loss: 0.5519
                            Mean reward: 211.01
                    Mean episode length: 932.69
                        Mean action std: 0.25
                 Episode_Reward/upright: 1.8254
            Episode_Reward/body_ang_vel: -0.0872
        Episode_Reward/angular_momentum: -0.0000
          Episode_Reward/action_rate_l2: -1.3492
       Episode_Reward/crouch_glide_pose: 4.0618
    Episode_Reward/crouch_glide_pose_l1: -0.4504
           Episode_Reward/forward_speed: 1.7762
  Episode_Reward/forward_speed_tracking: 4.7223
            Episode_Reward/heading_hold: 0.2120
     Episode_Reward/crouch_forward_lean: 0.3073
               Episode_Reward/feet_flat: -0.0770
         Episode_Reward/self_collisions: -0.0106
     Episode_Reward/neck_action_rate_l2: -0.2185
        Episode_Reward/joint_torques_l2: -0.0006
        Episode_Metrics/mean_action_acc: 0.5265
          Curriculum/action_rate_weight: -0.5000
                   Curriculum/com_range: 0.0030
              Curriculum/head_com_range: 0.0030
           Episode_Termination/time_out: 7.8750
          Episode_Termination/fell_over: 0.4167
Episode_Termination/out_of_terrain_bounds: 0.0000
          Episode_Termination/nan_state: 0.0000
          Metrics/angular_momentum_mean: 0.0037
--------------------------------------------------------------------------------
                         Iteration time: 2.95s
                           Time elapsed: 00:09:27
                                    ETA: 00:40:35

################################################################################
[1m                          Learning iteration 189/1000                           [0m 

                               Run name: dynamic-gate-4096x1000-20260901
                            Total steps: 18677760 
                       Steps per second: 32898 
                        Collection time: 2.773s 
                          Learning time: 0.215s 
                        Mean value loss: 0.2852
                    Mean surrogate loss: -0.0030
                      Mean entropy loss: 0.5358
                            Mean reward: 220.27
                    Mean episode length: 970.93
                        Mean action std: 0.25
                 Episode_Reward/upright: 1.8527
            Episode_Reward/body_ang_vel: -0.0885
        Episode_Reward/angular_momentum: -0.0000
          Episode_Reward/action_rate_l2: -1.3616
       Episode_Reward/crouch_glide_pose: 4.1392
    Episode_Reward/crouch_glide_pose_l1: -0.4555
           Episode_Reward/forward_speed: 1.8083
  Episode_Reward/forward_speed_tracking: 4.8102
            Episode_Reward/heading_hold: 0.2096
     Episode_Reward/crouch_forward_lean: 0.3174
               Episode_Reward/feet_flat: -0.0786
         Episode_Reward/self_collisions: -0.0110
     Episode_Reward/neck_action_rate_l2: -0.2217
        Episode_Reward/joint_torques_l2: -0.0006
        Episode_Metrics/mean_action_acc: 0.5263
          Curriculum/action_rate_weight: -0.5000
                   Curriculum/com_range: 0.0030
              Curriculum/head_com_range: 0.0030
           Episode_Termination/time_out: 7.0417
          Episode_Termination/fell_over: 0.3333
Episode_Termination/out_of_terrain_bounds: 0.0000
          Episode_Termination/nan_state: 0.0000
          Metrics/angular_momentum_mean: 0.0036
--------------------------------------------------------------------------------
                         Iteration time: 2.99s
                           Time elapsed: 00:09:30
                                    ETA: 00:40:32

################################################################################
[1m                          Learning iteration 190/1000                           [0m 

                               Run name: dynamic-gate-4096x1000-20260901
                            Total steps: 18776064 
                       Steps per second: 32664 
                        Collection time: 2.789s 
                          Learning time: 0.220s 
                        Mean value loss: 0.2257
                    Mean surrogate loss: -0.0024
                      Mean entropy loss: 0.5654
                            Mean reward: 207.73
                    Mean episode length: 913.17
                        Mean action std: 0.25
                 Episode_Reward/upright: 1.8190
            Episode_Reward/body_ang_vel: -0.0870
        Episode_Reward/angular_momentum: -0.0000
          Episode_Reward/action_rate_l2: -1.3290
       Episode_Reward/crouch_glide_pose: 4.0706
    Episode_Reward/crouch_glide_pose_l1: -0.4456
           Episode_Reward/forward_speed: 1.7734
  Episode_Reward/forward_speed_tracking: 4.7154
            Episode_Reward/heading_hold: 0.2313
     Episode_Reward/crouch_forward_lean: 0.3081
               Episode_Reward/feet_flat: -0.0764
         Episode_Reward/self_collisions: -0.0102
     Episode_Reward/neck_action_rate_l2: -0.2159
        Episode_Reward/joint_torques_l2: -0.0006
        Episode_Metrics/mean_action_acc: 0.5227
          Curriculum/action_rate_weight: -0.5000
                   Curriculum/com_range: 0.0030
              Curriculum/head_com_range: 0.0030
           Episode_Termination/time_out: 7.6250
          Episode_Termination/fell_over: 0.4583
Episode_Termination/out_of_terrain_bounds: 0.0000
          Episode_Termination/nan_state: 0.0000
          Metrics/angular_momentum_mean: 0.0037
--------------------------------------------------------------------------------
                         Iteration time: 3.01s
                           Time elapsed: 00:09:33
                                    ETA: 00:40:29

################################################################################
[1m                          Learning iteration 191/1000                           [0m 

                               Run name: dynamic-gate-4096x1000-20260901
                            Total steps: 18874368 
                       Steps per second: 33623 
                        Collection time: 2.724s 
                          Learning time: 0.199s 
                        Mean value loss: 0.2680
                    Mean surrogate loss: -0.0021
                      Mean entropy loss: 0.5554
                            Mean reward: 200.93
                    Mean episode length: 882.06
                        Mean action std: 0.25
                 Episode_Reward/upright: 1.7300
            Episode_Reward/body_ang_vel: -0.0834
        Episode_Reward/angular_momentum: -0.0000
          Episode_Reward/action_rate_l2: -1.2588
       Episode_Reward/crouch_glide_pose: 3.8838
    Episode_Reward/crouch_glide_pose_l1: -0.4230
           Episode_Reward/forward_speed: 1.6881
  Episode_Reward/forward_speed_tracking: 4.4934
            Episode_Reward/heading_hold: 0.2129
     Episode_Reward/crouch_forward_lean: 0.3081
               Episode_Reward/feet_flat: -0.0735
         Episode_Reward/self_collisions: -0.0112
     Episode_Reward/neck_action_rate_l2: -0.2038
        Episode_Reward/joint_torques_l2: -0.0006
        Episode_Metrics/mean_action_acc: 0.5191
          Curriculum/action_rate_weight: -0.5000
                   Curriculum/com_range: 0.0030
              Curriculum/head_com_range: 0.0030
           Episode_Termination/time_out: 3.7917
          Episode_Termination/fell_over: 0.5417
Episode_Termination/out_of_terrain_bounds: 0.0000
          Episode_Termination/nan_state: 0.0000
          Metrics/angular_momentum_mean: 0.0036
--------------------------------------------------------------------------------
                         Iteration time: 2.92s
                           Time elapsed: 00:09:36
                                    ETA: 00:40:26

################################################################################
[1m                          Learning iteration 192/1000                           [0m 

                               Run name: dynamic-gate-4096x1000-20260901
                            Total steps: 18972672 
                       Steps per second: 32652 
                        Collection time: 2.817s 
                          Learning time: 0.194s 
                        Mean value loss: 0.1477
                    Mean surrogate loss: -0.0021
                      Mean entropy loss: 0.5331
                            Mean reward: 212.03
                    Mean episode length: 929.76
                        Mean action std: 0.25
                 Episode_Reward/upright: 1.8073
            Episode_Reward/body_ang_vel: -0.0887
        Episode_Reward/angular_momentum: -0.0000
          Episode_Reward/action_rate_l2: -1.3123
       Episode_Reward/crouch_glide_pose: 4.0485
    Episode_Reward/crouch_glide_pose_l1: -0.4402
           Episode_Reward/forward_speed: 1.7646
  Episode_Reward/forward_speed_tracking: 4.6997
            Episode_Reward/heading_hold: 0.2255
     Episode_Reward/crouch_forward_lean: 0.2909
               Episode_Reward/feet_flat: -0.0786
         Episode_Reward/self_collisions: -0.0107
     Episode_Reward/neck_action_rate_l2: -0.2136
        Episode_Reward/joint_torques_l2: -0.0006
        Episode_Metrics/mean_action_acc: 0.5211
          Curriculum/action_rate_weight: -0.5000
                   Curriculum/com_range: 0.0030
              Curriculum/head_com_range: 0.0030
           Episode_Termination/time_out: 3.9167
          Episode_Termination/fell_over: 0.4167
Episode_Termination/out_of_terrain_bounds: 0.0000
          Episode_Termination/nan_state: 0.0000
          Metrics/angular_momentum_mean: 0.0036
--------------------------------------------------------------------------------
                         Iteration time: 3.01s
                           Time elapsed: 00:09:39
                                    ETA: 00:40:23

################################################################################
[1m                          Learning iteration 193/1000                           [0m 

                               Run name: dynamic-gate-4096x1000-20260901
                            Total steps: 19070976 
                       Steps per second: 33679 
                        Collection time: 2.727s 
                          Learning time: 0.191s 
                        Mean value loss: 0.1324
                    Mean surrogate loss: -0.0026
                      Mean entropy loss: 0.4824
                            Mean reward: 215.13
                    Mean episode length: 942.23
                        Mean action std: 0.25
                 Episode_Reward/upright: 1.8567
            Episode_Reward/body_ang_vel: -0.0888
        Episode_Reward/angular_momentum: -0.0000
          Episode_Reward/action_rate_l2: -1.3373
       Episode_Reward/crouch_glide_pose: 4.1612
    Episode_Reward/crouch_glide_pose_l1: -0.4469
           Episode_Reward/forward_speed: 1.8053
  Episode_Reward/forward_speed_tracking: 4.7988
            Episode_Reward/heading_hold: 0.2078
     Episode_Reward/crouch_forward_lean: 0.3080
               Episode_Reward/feet_flat: -0.0812
         Episode_Reward/self_collisions: -0.0092
     Episode_Reward/neck_action_rate_l2: -0.2163
        Episode_Reward/joint_torques_l2: -0.0006
        Episode_Metrics/mean_action_acc: 0.5194
          Curriculum/action_rate_weight: -0.5000
                   Curriculum/com_range: 0.0030
              Curriculum/head_com_range: 0.0030
           Episode_Termination/time_out: 3.3750
          Episode_Termination/fell_over: 0.1667
Episode_Termination/out_of_terrain_bounds: 0.0000
          Episode_Termination/nan_state: 0.0000
          Metrics/angular_momentum_mean: 0.0036
--------------------------------------------------------------------------------
                         Iteration time: 2.92s
                           Time elapsed: 00:09:42
                                    ETA: 00:40:20

################################################################################
[1m                          Learning iteration 194/1000                           [0m 

                               Run name: dynamic-gate-4096x1000-20260901
                            Total steps: 19169280 
                       Steps per second: 33274 
                        Collection time: 2.770s 
                          Learning time: 0.184s 
                        Mean value loss: 0.0991
                    Mean surrogate loss: -0.0020
                      Mean entropy loss: 0.4166
                            Mean reward: 220.46
                    Mean episode length: 961.44
                        Mean action std: 0.25
                 Episode_Reward/upright: 1.8682
            Episode_Reward/body_ang_vel: -0.0863
        Episode_Reward/angular_momentum: -0.0000
          Episode_Reward/action_rate_l2: -1.3360
       Episode_Reward/crouch_glide_pose: 4.1807
    Episode_Reward/crouch_glide_pose_l1: -0.4496
           Episode_Reward/forward_speed: 1.8129
  Episode_Reward/forward_speed_tracking: 4.8521
            Episode_Reward/heading_hold: 0.2155
     Episode_Reward/crouch_forward_lean: 0.2856
               Episode_Reward/feet_flat: -0.0804
         Episode_Reward/self_collisions: -0.0096
     Episode_Reward/neck_action_rate_l2: -0.2164
        Episode_Reward/joint_torques_l2: -0.0006
        Episode_Metrics/mean_action_acc: 0.5178
          Curriculum/action_rate_weight: -0.5000
                   Curriculum/com_range: 0.0030
              Curriculum/head_com_range: 0.0030
           Episode_Termination/time_out: 2.7917
          Episode_Termination/fell_over: 0.1250
Episode_Termination/out_of_terrain_bounds: 0.0000
          Episode_Termination/nan_state: 0.0000
          Metrics/angular_momentum_mean: 0.0036
--------------------------------------------------------------------------------
                         Iteration time: 2.95s
                           Time elapsed: 00:09:45
                                    ETA: 00:40:16

################################################################################
[1m                          Learning iteration 195/1000                           [0m 

                               Run name: dynamic-gate-4096x1000-20260901
                            Total steps: 19267584 
                       Steps per second: 35346 
                        Collection time: 2.590s 
                          Learning time: 0.191s 
                        Mean value loss: 0.1065
                    Mean surrogate loss: -0.0007
                      Mean entropy loss: 0.3662
                            Mean reward: 221.09
                    Mean episode length: 961.38
                        Mean action std: 0.25
                 Episode_Reward/upright: 1.8804
            Episode_Reward/body_ang_vel: -0.0891
        Episode_Reward/angular_momentum: -0.0000
          Episode_Reward/action_rate_l2: -1.3416
       Episode_Reward/crouch_glide_pose: 4.2412
    Episode_Reward/crouch_glide_pose_l1: -0.4525
           Episode_Reward/forward_speed: 1.8377
  Episode_Reward/forward_speed_tracking: 4.9126
            Episode_Reward/heading_hold: 0.2674
     Episode_Reward/crouch_forward_lean: 0.3125
               Episode_Reward/feet_flat: -0.0792
         Episode_Reward/self_collisions: -0.0097
     Episode_Reward/neck_action_rate_l2: -0.2189
        Episode_Reward/joint_torques_l2: -0.0006
        Episode_Metrics/mean_action_acc: 0.5169
          Curriculum/action_rate_weight: -0.5000
                   Curriculum/com_range: 0.0030
              Curriculum/head_com_range: 0.0030
           Episode_Termination/time_out: 3.4167
          Episode_Termination/fell_over: 0.0833
Episode_Termination/out_of_terrain_bounds: 0.0000
          Episode_Termination/nan_state: 0.0000
          Metrics/angular_momentum_mean: 0.0036
--------------------------------------------------------------------------------
                         Iteration time: 2.78s
                           Time elapsed: 00:09:48
                                    ETA: 00:40:12

################################################################################
[1m                          Learning iteration 196/1000                           [0m 

                               Run name: dynamic-gate-4096x1000-20260901
                            Total steps: 19365888 
                       Steps per second: 34164 
                        Collection time: 2.688s 
                          Learning time: 0.189s 
                        Mean value loss: 0.0988
                    Mean surrogate loss: -0.0045
                      Mean entropy loss: 0.2932
                            Mean reward: 223.65
                    Mean episode length: 966.49
                        Mean action std: 0.25
                 Episode_Reward/upright: 1.8081
            Episode_Reward/body_ang_vel: -0.0857
        Episode_Reward/angular_momentum: -0.0000
          Episode_Reward/action_rate_l2: -1.2856
       Episode_Reward/crouch_glide_pose: 4.1079
    Episode_Reward/crouch_glide_pose_l1: -0.4339
           Episode_Reward/forward_speed: 1.7772
  Episode_Reward/forward_speed_tracking: 4.7433
            Episode_Reward/heading_hold: 0.2281
     Episode_Reward/crouch_forward_lean: 0.3283
               Episode_Reward/feet_flat: -0.0738
         Episode_Reward/self_collisions: -0.0080
     Episode_Reward/neck_action_rate_l2: -0.2106
        Episode_Reward/joint_torques_l2: -0.0006
        Episode_Metrics/mean_action_acc: 0.5134
          Curriculum/action_rate_weight: -0.5000
                   Curriculum/com_range: 0.0030
              Curriculum/head_com_range: 0.0030
           Episode_Termination/time_out: 2.3333
          Episode_Termination/fell_over: 0.1667
Episode_Termination/out_of_terrain_bounds: 0.0000
          Episode_Termination/nan_state: 0.0000
          Metrics/angular_momentum_mean: 0.0036
--------------------------------------------------------------------------------
                         Iteration time: 2.88s
                           Time elapsed: 00:09:51
                                    ETA: 00:40:09

################################################################################
[1m                          Learning iteration 197/1000                           [0m 

                               Run name: dynamic-gate-4096x1000-20260901
                            Total steps: 19464192 
                       Steps per second: 33514 
                        Collection time: 2.744s 
                          Learning time: 0.190s 
                        Mean value loss: 0.1140
                    Mean surrogate loss: -0.0021
                      Mean entropy loss: 0.2423
                            Mean reward: 217.75
                    Mean episode length: 941.70
                        Mean action std: 0.25
                 Episode_Reward/upright: 1.8417
            Episode_Reward/body_ang_vel: -0.0865
        Episode_Reward/angular_momentum: -0.0000
          Episode_Reward/action_rate_l2: -1.3129
       Episode_Reward/crouch_glide_pose: 4.1901
    Episode_Reward/crouch_glide_pose_l1: -0.4424
           Episode_Reward/forward_speed: 1.8165
  Episode_Reward/forward_speed_tracking: 4.8467
            Episode_Reward/heading_hold: 0.2525
     Episode_Reward/crouch_forward_lean: 0.3250
               Episode_Reward/feet_flat: -0.0777
         Episode_Reward/self_collisions: -0.0103
     Episode_Reward/neck_action_rate_l2: -0.2145
        Episode_Reward/joint_torques_l2: -0.0006
        Episode_Metrics/mean_action_acc: 0.5135
          Curriculum/action_rate_weight: -0.5000
                   Curriculum/com_range: 0.0030
              Curriculum/head_com_range: 0.0030
           Episode_Termination/time_out: 2.7500
          Episode_Termination/fell_over: 0.2083
Episode_Termination/out_of_terrain_bounds: 0.0000
          Episode_Termination/nan_state: 0.0000
          Metrics/angular_momentum_mean: 0.0036
--------------------------------------------------------------------------------
                         Iteration time: 2.93s
                           Time elapsed: 00:09:54
                                    ETA: 00:40:06

################################################################################
[1m                          Learning iteration 198/1000                           [0m 

                               Run name: dynamic-gate-4096x1000-20260901
                            Total steps: 19562496 
                       Steps per second: 34172 
                        Collection time: 2.688s 
                          Learning time: 0.189s 
                        Mean value loss: 0.0894
                    Mean surrogate loss: -0.0019
                      Mean entropy loss: 0.1844
                            Mean reward: 218.97
                    Mean episode length: 945.09
                        Mean action std: 0.25
                 Episode_Reward/upright: 1.8540
            Episode_Reward/body_ang_vel: -0.0839
        Episode_Reward/angular_momentum: -0.0000
          Episode_Reward/action_rate_l2: -1.3027
       Episode_Reward/crouch_glide_pose: 4.2161
    Episode_Reward/crouch_glide_pose_l1: -0.4390
           Episode_Reward/forward_speed: 1.8173
  Episode_Reward/forward_speed_tracking: 4.8719
            Episode_Reward/heading_hold: 0.2154
     Episode_Reward/crouch_forward_lean: 0.3296
               Episode_Reward/feet_flat: -0.0767
         Episode_Reward/self_collisions: -0.0086
     Episode_Reward/neck_action_rate_l2: -0.2123
        Episode_Reward/joint_torques_l2: -0.0006
        Episode_Metrics/mean_action_acc: 0.5107
          Curriculum/action_rate_weight: -0.5000
                   Curriculum/com_range: 0.0030
              Curriculum/head_com_range: 0.0030
           Episode_Termination/time_out: 2.6250
          Episode_Termination/fell_over: 0.2500
Episode_Termination/out_of_terrain_bounds: 0.0000
          Episode_Termination/nan_state: 0.0000
          Metrics/angular_momentum_mean: 0.0036
--------------------------------------------------------------------------------
                         Iteration time: 2.88s
                           Time elapsed: 00:09:56
                                    ETA: 00:40:02

################################################################################
[1m                          Learning iteration 199/1000                           [0m 

                               Run name: dynamic-gate-4096x1000-20260901
                            Total steps: 19660800 
                       Steps per second: 34364 
                        Collection time: 2.670s 
                          Learning time: 0.191s 
                        Mean value loss: 0.1718
                    Mean surrogate loss: -0.0019
                      Mean entropy loss: 0.1345
                            Mean reward: 223.12
                    Mean episode length: 959.74
                        Mean action std: 0.24
                 Episode_Reward/upright: 1.8732
            Episode_Reward/body_ang_vel: -0.0862
        Episode_Reward/angular_momentum: -0.0000
          Episode_Reward/action_rate_l2: -1.3105
       Episode_Reward/crouch_glide_pose: 4.2418
    Episode_Reward/crouch_glide_pose_l1: -0.4417
           Episode_Reward/forward_speed: 1.8329
  Episode_Reward/forward_speed_tracking: 4.9161
            Episode_Reward/heading_hold: 0.2692
     Episode_Reward/crouch_forward_lean: 0.3148
               Episode_Reward/feet_flat: -0.0807
         Episode_Reward/self_collisions: -0.0072
     Episode_Reward/neck_action_rate_l2: -0.2123
        Episode_Reward/joint_torques_l2: -0.0006
        Episode_Metrics/mean_action_acc: 0.5108
          Curriculum/action_rate_weight: -0.5000
                   Curriculum/com_range: 0.0030
              Curriculum/head_com_range: 0.0030
           Episode_Termination/time_out: 2.9167
          Episode_Termination/fell_over: 0.1250
Episode_Termination/out_of_terrain_bounds: 0.0000
          Episode_Termination/nan_state: 0.0000
          Metrics/angular_momentum_mean: 0.0036
--------------------------------------------------------------------------------
                         Iteration time: 2.86s
                           Time elapsed: 00:09:59
                                    ETA: 00:39:59

################################################################################
[1m                          Learning iteration 200/1000                           [0m 

                               Run name: dynamic-gate-4096x1000-20260901
                            Total steps: 19759104 
                       Steps per second: 34660 
                        Collection time: 2.649s 
                          Learning time: 0.187s 
                        Mean value loss: 0.1542
                    Mean surrogate loss: -0.0032
                      Mean entropy loss: 0.1268
                            Mean reward: 219.51
                    Mean episode length: 942.93
                        Mean action std: 0.24
                 Episode_Reward/upright: 1.6964
            Episode_Reward/body_ang_vel: -0.0813
        Episode_Reward/angular_momentum: -0.0000
          Episode_Reward/action_rate_l2: -1.1896
       Episode_Reward/crouch_glide_pose: 3.8571
    Episode_Reward/crouch_glide_pose_l1: -0.4013
           Episode_Reward/forward_speed: 1.6551
  Episode_Reward/forward_speed_tracking: 4.4296
            Episode_Reward/heading_hold: 0.2583
     Episode_Reward/crouch_forward_lean: 0.2877
               Episode_Reward/feet_flat: -0.0754
         Episode_Reward/self_collisions: -0.0081
     Episode_Reward/neck_action_rate_l2: -0.1919
        Episode_Reward/joint_torques_l2: -0.0006
        Episode_Metrics/mean_action_acc: 0.5059
          Curriculum/action_rate_weight: -0.5000
                   Curriculum/com_range: 0.0030
              Curriculum/head_com_range: 0.0030
           Episode_Termination/time_out: 2.1250
          Episode_Termination/fell_over: 0.2917
Episode_Termination/out_of_terrain_bounds: 0.0000
          Episode_Termination/nan_state: 0.0000
          Metrics/angular_momentum_mean: 0.0036
--------------------------------------------------------------------------------
                         Iteration time: 2.84s
                           Time elapsed: 00:10:02
                                    ETA: 00:39:55

################################################################################
[1m                          Learning iteration 201/1000                           [0m 

                               Run name: dynamic-gate-4096x1000-20260901
                            Total steps: 19857408 
                       Steps per second: 33373 
                        Collection time: 2.736s 
                          Learning time: 0.209s 
                        Mean value loss: 0.1128
                    Mean surrogate loss: -0.0026
                      Mean entropy loss: 0.0759
                            Mean reward: 212.98
                    Mean episode length: 914.91
                        Mean action std: 0.24
                 Episode_Reward/upright: 1.7730
            Episode_Reward/body_ang_vel: -0.0811
        Episode_Reward/angular_momentum: -0.0000
          Episode_Reward/action_rate_l2: -1.2347
       Episode_Reward/crouch_glide_pose: 4.0616
    Episode_Reward/crouch_glide_pose_l1: -0.4181
           Episode_Reward/forward_speed: 1.7471
  Episode_Reward/forward_speed_tracking: 4.6720
            Episode_Reward/heading_hold: 0.2445
     Episode_Reward/crouch_forward_lean: 0.3195
               Episode_Reward/feet_flat: -0.0730
         Episode_Reward/self_collisions: -0.0087
     Episode_Reward/neck_action_rate_l2: -0.2008
        Episode_Reward/joint_torques_l2: -0.0006
        Episode_Metrics/mean_action_acc: 0.5057
          Curriculum/action_rate_weight: -0.5000
                   Curriculum/com_range: 0.0030
              Curriculum/head_com_range: 0.0030
           Episode_Termination/time_out: 2.5000
          Episode_Termination/fell_over: 0.2500
Episode_Termination/out_of_terrain_bounds: 0.0000
          Episode_Termination/nan_state: 0.0000
          Metrics/angular_momentum_mean: 0.0036
--------------------------------------------------------------------------------
                         Iteration time: 2.95s
                           Time elapsed: 00:10:05
                                    ETA: 00:39:52

################################################################################
[1m                          Learning iteration 202/1000                           [0m 

                               Run name: dynamic-gate-4096x1000-20260901
                            Total steps: 19955712 
                       Steps per second: 35024 
                        Collection time: 2.599s 
                          Learning time: 0.208s 
                        Mean value loss: 0.0907
                    Mean surrogate loss: -0.0049
                      Mean entropy loss: 0.0028
                            Mean reward: 216.05
                    Mean episode length: 925.27
                        Mean action std: 0.24
                 Episode_Reward/upright: 1.8209
            Episode_Reward/body_ang_vel: -0.0826
        Episode_Reward/angular_momentum: -0.0000
          Episode_Reward/action_rate_l2: -1.2545
       Episode_Reward/crouch_glide_pose: 4.1631
    Episode_Reward/crouch_glide_pose_l1: -0.4252
           Episode_Reward/forward_speed: 1.7871
  Episode_Reward/forward_speed_tracking: 4.8044
            Episode_Reward/heading_hold: 0.2288
     Episode_Reward/crouch_forward_lean: 0.3234
               Episode_Reward/feet_flat: -0.0765
         Episode_Reward/self_collisions: -0.0085
     Episode_Reward/neck_action_rate_l2: -0.2040
        Episode_Reward/joint_torques_l2: -0.0006
        Episode_Metrics/mean_action_acc: 0.5043
          Curriculum/action_rate_weight: -0.5000
                   Curriculum/com_range: 0.0030
              Curriculum/head_com_range: 0.0030
           Episode_Termination/time_out: 2.6250
          Episode_Termination/fell_over: 0.3333
Episode_Termination/out_of_terrain_bounds: 0.0000
          Episode_Termination/nan_state: 0.0000
          Metrics/angular_momentum_mean: 0.0036
--------------------------------------------------------------------------------
                         Iteration time: 2.81s
                           Time elapsed: 00:10:08
                                    ETA: 00:39:48

################################################################################
[1m                          Learning iteration 203/1000                           [0m 

                               Run name: dynamic-gate-4096x1000-20260901
                            Total steps: 20054016 
                       Steps per second: 33333 
                        Collection time: 2.763s 
                          Learning time: 0.186s 
                        Mean value loss: 0.1118
                    Mean surrogate loss: -0.0019
                      Mean entropy loss: -0.0704
                            Mean reward: 219.65
                    Mean episode length: 938.27
                        Mean action std: 0.24
                 Episode_Reward/upright: 1.8178
            Episode_Reward/body_ang_vel: -0.0813
        Episode_Reward/angular_momentum: -0.0000
          Episode_Reward/action_rate_l2: -1.2526
       Episode_Reward/crouch_glide_pose: 4.1722
    Episode_Reward/crouch_glide_pose_l1: -0.4240
           Episode_Reward/forward_speed: 1.7897
  Episode_Reward/forward_speed_tracking: 4.8342
            Episode_Reward/heading_hold: 0.2047
     Episode_Reward/crouch_forward_lean: 0.3258
               Episode_Reward/feet_flat: -0.0744
         Episode_Reward/self_collisions: -0.0074
     Episode_Reward/neck_action_rate_l2: -0.2040
        Episode_Reward/joint_torques_l2: -0.0006
        Episode_Metrics/mean_action_acc: 0.5034
          Curriculum/action_rate_weight: -0.5000
                   Curriculum/com_range: 0.0030
              Curriculum/head_com_range: 0.0030
           Episode_Termination/time_out: 3.2083
          Episode_Termination/fell_over: 0.2083
Episode_Termination/out_of_terrain_bounds: 0.0000
          Episode_Termination/nan_state: 0.0000
          Metrics/angular_momentum_mean: 0.0036
--------------------------------------------------------------------------------
                         Iteration time: 2.95s
                           Time elapsed: 00:10:11
                                    ETA: 00:39:45

################################################################################
[1m                          Learning iteration 204/1000                           [0m 

                               Run name: dynamic-gate-4096x1000-20260901
                            Total steps: 20152320 
                       Steps per second: 33950 
                        Collection time: 2.696s 
                          Learning time: 0.200s 
                        Mean value loss: 0.1136
                    Mean surrogate loss: -0.0006
                      Mean entropy loss: -0.1218
                            Mean reward: 225.85
                    Mean episode length: 961.59
                        Mean action std: 0.24
                 Episode_Reward/upright: 1.8179
            Episode_Reward/body_ang_vel: -0.0821
        Episode_Reward/angular_momentum: -0.0000
          Episode_Reward/action_rate_l2: -1.2472
       Episode_Reward/crouch_glide_pose: 4.1598
    Episode_Reward/crouch_glide_pose_l1: -0.4217
           Episode_Reward/forward_speed: 1.7834
  Episode_Reward/forward_speed_tracking: 4.8063
            Episode_Reward/heading_hold: 0.2310
     Episode_Reward/crouch_forward_lean: 0.3248
               Episode_Reward/feet_flat: -0.0745
         Episode_Reward/self_collisions: -0.0075
     Episode_Reward/neck_action_rate_l2: -0.2025
        Episode_Reward/joint_torques_l2: -0.0006
        Episode_Metrics/mean_action_acc: 0.5025
          Curriculum/action_rate_weight: -0.5000
                   Curriculum/com_range: 0.0030
              Curriculum/head_com_range: 0.0030
           Episode_Termination/time_out: 3.1250
          Episode_Termination/fell_over: 0.1667
Episode_Termination/out_of_terrain_bounds: 0.0000
          Episode_Termination/nan_state: 0.0000
          Metrics/angular_momentum_mean: 0.0035
--------------------------------------------------------------------------------
                         Iteration time: 2.90s
                           Time elapsed: 00:10:14
                                    ETA: 00:39:41

################################################################################
[1m                          Learning iteration 205/1000                           [0m 

                               Run name: dynamic-gate-4096x1000-20260901
                            Total steps: 20250624 
                       Steps per second: 33811 
                        Collection time: 2.714s 
                          Learning time: 0.194s 
                        Mean value loss: 0.0995
                    Mean surrogate loss: -0.0022
                      Mean entropy loss: -0.1780
                            Mean reward: 221.68
                    Mean episode length: 942.15
                        Mean action std: 0.24
                 Episode_Reward/upright: 1.8272
            Episode_Reward/body_ang_vel: -0.0814
        Episode_Reward/angular_momentum: -0.0000
          Episode_Reward/action_rate_l2: -1.2458
       Episode_Reward/crouch_glide_pose: 4.1828
    Episode_Reward/crouch_glide_pose_l1: -0.4256
           Episode_Reward/forward_speed: 1.7906
  Episode_Reward/forward_speed_tracking: 4.8244
            Episode_Reward/heading_hold: 0.2692
     Episode_Reward/crouch_forward_lean: 0.3368
               Episode_Reward/feet_flat: -0.0721
         Episode_Reward/self_collisions: -0.0089
     Episode_Reward/neck_action_rate_l2: -0.2028
        Episode_Reward/joint_torques_l2: -0.0006
        Episode_Metrics/mean_action_acc: 0.5014
          Curriculum/action_rate_weight: -0.5000
                   Curriculum/com_range: 0.0030
              Curriculum/head_com_range: 0.0030
           Episode_Termination/time_out: 3.0000
          Episode_Termination/fell_over: 0.2083
Episode_Termination/out_of_terrain_bounds: 0.0000
          Episode_Termination/nan_state: 0.0000
          Metrics/angular_momentum_mean: 0.0035
--------------------------------------------------------------------------------
                         Iteration time: 2.91s
                           Time elapsed: 00:10:17
                                    ETA: 00:39:38

################################################################################
[1m                          Learning iteration 206/1000                           [0m 

                               Run name: dynamic-gate-4096x1000-20260901
                            Total steps: 20348928 
                       Steps per second: 33095 
                        Collection time: 2.784s 
                          Learning time: 0.186s 
                        Mean value loss: 0.0834
                    Mean surrogate loss: -0.0017
                      Mean entropy loss: -0.2370
                            Mean reward: 221.57
                    Mean episode length: 937.76
                        Mean action std: 0.24
                 Episode_Reward/upright: 1.8129
            Episode_Reward/body_ang_vel: -0.0820
        Episode_Reward/angular_momentum: -0.0000
          Episode_Reward/action_rate_l2: -1.2304
       Episode_Reward/crouch_glide_pose: 4.1781
    Episode_Reward/crouch_glide_pose_l1: -0.4220
           Episode_Reward/forward_speed: 1.7821
  Episode_Reward/forward_speed_tracking: 4.8090
            Episode_Reward/heading_hold: 0.2372
     Episode_Reward/crouch_forward_lean: 0.3290
               Episode_Reward/feet_flat: -0.0756
         Episode_Reward/self_collisions: -0.0095
     Episode_Reward/neck_action_rate_l2: -0.1996
        Episode_Reward/joint_torques_l2: -0.0006
        Episode_Metrics/mean_action_acc: 0.5003
          Curriculum/action_rate_weight: -0.5000
                   Curriculum/com_range: 0.0030
              Curriculum/head_com_range: 0.0030
           Episode_Termination/time_out: 2.8333
          Episode_Termination/fell_over: 0.2083
Episode_Termination/out_of_terrain_bounds: 0.0000
          Episode_Termination/nan_state: 0.0000
          Metrics/angular_momentum_mean: 0.0035
--------------------------------------------------------------------------------
                         Iteration time: 2.97s
                           Time elapsed: 00:10:20
                                    ETA: 00:39:35

################################################################################
[1m                          Learning iteration 207/1000                           [0m 

                               Run name: dynamic-gate-4096x1000-20260901
                            Total steps: 20447232 
                       Steps per second: 32628 
                        Collection time: 2.812s 
                          Learning time: 0.201s 
                        Mean value loss: 0.1174
                    Mean surrogate loss: -0.0018
                      Mean entropy loss: -0.2708
                            Mean reward: 220.76
                    Mean episode length: 935.13
                        Mean action std: 0.24
                 Episode_Reward/upright: 1.7644
            Episode_Reward/body_ang_vel: -0.0770
        Episode_Reward/angular_momentum: -0.0000
          Episode_Reward/action_rate_l2: -1.1853
       Episode_Reward/crouch_glide_pose: 4.0538
    Episode_Reward/crouch_glide_pose_l1: -0.4090
           Episode_Reward/forward_speed: 1.7293
  Episode_Reward/forward_speed_tracking: 4.6647
            Episode_Reward/heading_hold: 0.2427
     Episode_Reward/crouch_forward_lean: 0.3195
               Episode_Reward/feet_flat: -0.0714
         Episode_Reward/self_collisions: -0.0082
     Episode_Reward/neck_action_rate_l2: -0.1939
        Episode_Reward/joint_torques_l2: -0.0006
        Episode_Metrics/mean_action_acc: 0.4948
          Curriculum/action_rate_weight: -0.5000
                   Curriculum/com_range: 0.0030
              Curriculum/head_com_range: 0.0030
           Episode_Termination/time_out: 2.6667
          Episode_Termination/fell_over: 0.1667
Episode_Termination/out_of_terrain_bounds: 0.0000
          Episode_Termination/nan_state: 0.0000
          Metrics/angular_momentum_mean: 0.0035
--------------------------------------------------------------------------------
                         Iteration time: 3.01s
                           Time elapsed: 00:10:23
                                    ETA: 00:39:32

################################################################################
[1m                          Learning iteration 208/1000                           [0m 

                               Run name: dynamic-gate-4096x1000-20260901
                            Total steps: 20545536 
                       Steps per second: 35121 
                        Collection time: 2.610s 
                          Learning time: 0.189s 
                        Mean value loss: 0.1643
                    Mean surrogate loss: -0.0024
                      Mean entropy loss: -0.2969
                            Mean reward: 228.70
                    Mean episode length: 966.30
                        Mean action std: 0.24
                 Episode_Reward/upright: 1.8657
            Episode_Reward/body_ang_vel: -0.0818
        Episode_Reward/angular_momentum: -0.0000
          Episode_Reward/action_rate_l2: -1.2449
       Episode_Reward/crouch_glide_pose: 4.2983
    Episode_Reward/crouch_glide_pose_l1: -0.4291
           Episode_Reward/forward_speed: 1.8344
  Episode_Reward/forward_speed_tracking: 4.9722
            Episode_Reward/heading_hold: 0.2002
     Episode_Reward/crouch_forward_lean: 0.3358
               Episode_Reward/feet_flat: -0.0722
         Episode_Reward/self_collisions: -0.0062
     Episode_Reward/neck_action_rate_l2: -0.2032
        Episode_Reward/joint_torques_l2: -0.0006
        Episode_Metrics/mean_action_acc: 0.4954
          Curriculum/action_rate_weight: -0.5000
                   Curriculum/com_range: 0.0030
              Curriculum/head_com_range: 0.0030
           Episode_Termination/time_out: 2.7917
          Episode_Termination/fell_over: 0.1667
Episode_Termination/out_of_terrain_bounds: 0.0000
          Episode_Termination/nan_state: 0.0000
          Metrics/angular_momentum_mean: 0.0035
--------------------------------------------------------------------------------
                         Iteration time: 2.80s
                           Time elapsed: 00:10:25
                                    ETA: 00:39:28

################################################################################
[1m                          Learning iteration 209/1000                           [0m 

                               Run name: dynamic-gate-4096x1000-20260901
                            Total steps: 20643840 
                       Steps per second: 33498 
                        Collection time: 2.743s 
                          Learning time: 0.191s 
                        Mean value loss: 0.0953
                    Mean surrogate loss: -0.0005
                      Mean entropy loss: -0.3238
                            Mean reward: 223.03
                    Mean episode length: 944.41
                        Mean action std: 0.24
                 Episode_Reward/upright: 1.7891
            Episode_Reward/body_ang_vel: -0.0789
        Episode_Reward/angular_momentum: -0.0000
          Episode_Reward/action_rate_l2: -1.2042
       Episode_Reward/crouch_glide_pose: 4.1255
    Episode_Reward/crouch_glide_pose_l1: -0.4155
           Episode_Reward/forward_speed: 1.7585
  Episode_Reward/forward_speed_tracking: 4.7604
            Episode_Reward/heading_hold: 0.2255
     Episode_Reward/crouch_forward_lean: 0.3238
               Episode_Reward/feet_flat: -0.0713
         Episode_Reward/self_collisions: -0.0088
     Episode_Reward/neck_action_rate_l2: -0.1963
        Episode_Reward/joint_torques_l2: -0.0006
        Episode_Metrics/mean_action_acc: 0.4939
          Curriculum/action_rate_weight: -0.5000
                   Curriculum/com_range: 0.0030
              Curriculum/head_com_range: 0.0030
           Episode_Termination/time_out: 2.3333
          Episode_Termination/fell_over: 0.1667
Episode_Termination/out_of_terrain_bounds: 0.0000
          Episode_Termination/nan_state: 0.0000
          Metrics/angular_momentum_mean: 0.0035
--------------------------------------------------------------------------------
                         Iteration time: 2.93s
                           Time elapsed: 00:10:28
                                    ETA: 00:39:25

################################################################################
[1m                          Learning iteration 210/1000                           [0m 

                               Run name: dynamic-gate-4096x1000-20260901
                            Total steps: 20742144 
                       Steps per second: 33648 
                        Collection time: 2.713s 
                          Learning time: 0.208s 
                        Mean value loss: 0.1184
                    Mean surrogate loss: -0.0011
                      Mean entropy loss: -0.3774
                            Mean reward: 223.27
                    Mean episode length: 945.80
                        Mean action std: 0.24
                 Episode_Reward/upright: 1.8096
            Episode_Reward/body_ang_vel: -0.0792
        Episode_Reward/angular_momentum: -0.0000
          Episode_Reward/action_rate_l2: -1.2094
       Episode_Reward/crouch_glide_pose: 4.1800
    Episode_Reward/crouch_glide_pose_l1: -0.4192
           Episode_Reward/forward_speed: 1.7778
  Episode_Reward/forward_speed_tracking: 4.8036
            Episode_Reward/heading_hold: 0.2346
     Episode_Reward/crouch_forward_lean: 0.3172
               Episode_Reward/feet_flat: -0.0734
         Episode_Reward/self_collisions: -0.0088
     Episode_Reward/neck_action_rate_l2: -0.1958
        Episode_Reward/joint_torques_l2: -0.0006
        Episode_Metrics/mean_action_acc: 0.4942
          Curriculum/action_rate_weight: -0.5000
                   Curriculum/com_range: 0.0030
              Curriculum/head_com_range: 0.0030
           Episode_Termination/time_out: 2.8333
          Episode_Termination/fell_over: 0.2083
Episode_Termination/out_of_terrain_bounds: 0.0000
          Episode_Termination/nan_state: 0.0000
          Metrics/angular_momentum_mean: 0.0035
--------------------------------------------------------------------------------
                         Iteration time: 2.92s
                           Time elapsed: 00:10:31
                                    ETA: 00:39:22

################################################################################
[1m                          Learning iteration 211/1000                           [0m 

                               Run name: dynamic-gate-4096x1000-20260901
                            Total steps: 20840448 
                       Steps per second: 33722 
                        Collection time: 2.724s 
                          Learning time: 0.191s 
                        Mean value loss: 0.0906
                    Mean surrogate loss: -0.0030
                      Mean entropy loss: -0.4444
                            Mean reward: 221.68
                    Mean episode length: 932.95
                        Mean action std: 0.23
                 Episode_Reward/upright: 1.8248
            Episode_Reward/body_ang_vel: -0.0788
        Episode_Reward/angular_momentum: -0.0000
          Episode_Reward/action_rate_l2: -1.2092
       Episode_Reward/crouch_glide_pose: 4.2011
    Episode_Reward/crouch_glide_pose_l1: -0.4184
           Episode_Reward/forward_speed: 1.7862
  Episode_Reward/forward_speed_tracking: 4.8465
            Episode_Reward/heading_hold: 0.2575
     Episode_Reward/crouch_forward_lean: 0.3256
               Episode_Reward/feet_flat: -0.0728
         Episode_Reward/self_collisions: -0.0082
     Episode_Reward/neck_action_rate_l2: -0.1974
        Episode_Reward/joint_torques_l2: -0.0006
        Episode_Metrics/mean_action_acc: 0.4912
          Curriculum/action_rate_weight: -0.5000
                   Curriculum/com_range: 0.0030
              Curriculum/head_com_range: 0.0030
           Episode_Termination/time_out: 3.0000
          Episode_Termination/fell_over: 0.2083
Episode_Termination/out_of_terrain_bounds: 0.0000
          Episode_Termination/nan_state: 0.0000
          Metrics/angular_momentum_mean: 0.0035
--------------------------------------------------------------------------------
                         Iteration time: 2.92s
                           Time elapsed: 00:10:34
                                    ETA: 00:39:19

################################################################################
[1m                          Learning iteration 212/1000                           [0m 

                               Run name: dynamic-gate-4096x1000-20260901
                            Total steps: 20938752 
                       Steps per second: 32906 
                        Collection time: 2.799s 
                          Learning time: 0.188s 
                        Mean value loss: 0.0952
                    Mean surrogate loss: -0.0016
                      Mean entropy loss: -0.4738
                            Mean reward: 229.07
                    Mean episode length: 958.99
                        Mean action std: 0.23
                 Episode_Reward/upright: 1.8839
            Episode_Reward/body_ang_vel: -0.0808
        Episode_Reward/angular_momentum: -0.0000
          Episode_Reward/action_rate_l2: -1.2455
       Episode_Reward/crouch_glide_pose: 4.3555
    Episode_Reward/crouch_glide_pose_l1: -0.4322
           Episode_Reward/forward_speed: 1.8568
  Episode_Reward/forward_speed_tracking: 5.0403
            Episode_Reward/heading_hold: 0.2968
     Episode_Reward/crouch_forward_lean: 0.3508
               Episode_Reward/feet_flat: -0.0728
         Episode_Reward/self_collisions: -0.0069
     Episode_Reward/neck_action_rate_l2: -0.2022
        Episode_Reward/joint_torques_l2: -0.0006
        Episode_Metrics/mean_action_acc: 0.4917
          Curriculum/action_rate_weight: -0.5000
                   Curriculum/com_range: 0.0030
              Curriculum/head_com_range: 0.0030
           Episode_Termination/time_out: 2.9583
          Episode_Termination/fell_over: 0.1250
Episode_Termination/out_of_terrain_bounds: 0.0000
          Episode_Termination/nan_state: 0.0000
          Metrics/angular_momentum_mean: 0.0035
--------------------------------------------------------------------------------
                         Iteration time: 2.99s
                           Time elapsed: 00:10:37
                                    ETA: 00:39:16

################################################################################
[1m                          Learning iteration 213/1000                           [0m 

                               Run name: dynamic-gate-4096x1000-20260901
                            Total steps: 21037056 
                       Steps per second: 34681 
                        Collection time: 2.644s 
                          Learning time: 0.191s 
                        Mean value loss: 0.1430
                    Mean surrogate loss: -0.0021
                      Mean entropy loss: -0.4968
                            Mean reward: 224.33
                    Mean episode length: 942.49
                        Mean action std: 0.23
                 Episode_Reward/upright: 1.8693
            Episode_Reward/body_ang_vel: -0.0788
        Episode_Reward/angular_momentum: -0.0000
          Episode_Reward/action_rate_l2: -1.2343
       Episode_Reward/crouch_glide_pose: 4.3382
    Episode_Reward/crouch_glide_pose_l1: -0.4284
           Episode_Reward/forward_speed: 1.8400
  Episode_Reward/forward_speed_tracking: 4.9902
            Episode_Reward/heading_hold: 0.2360
     Episode_Reward/crouch_forward_lean: 0.3427
               Episode_Reward/feet_flat: -0.0743
         Episode_Reward/self_collisions: -0.0071
     Episode_Reward/neck_action_rate_l2: -0.1998
        Episode_Reward/joint_torques_l2: -0.0006
        Episode_Metrics/mean_action_acc: 0.4891
          Curriculum/action_rate_weight: -0.5000
                   Curriculum/com_range: 0.0030
              Curriculum/head_com_range: 0.0030
           Episode_Termination/time_out: 2.9583
          Episode_Termination/fell_over: 0.1667
Episode_Termination/out_of_terrain_bounds: 0.0000
          Episode_Termination/nan_state: 0.0000
          Metrics/angular_momentum_mean: 0.0035
--------------------------------------------------------------------------------
                         Iteration time: 2.83s
                           Time elapsed: 00:10:40
                                    ETA: 00:39:12

################################################################################
[1m                          Learning iteration 214/1000                           [0m 

                               Run name: dynamic-gate-4096x1000-20260901
                            Total steps: 21135360 
                       Steps per second: 33459 
                        Collection time: 2.714s 
                          Learning time: 0.224s 
                        Mean value loss: 0.1060
                    Mean surrogate loss: -0.0016
                      Mean entropy loss: -0.5075
                            Mean reward: 223.21
                    Mean episode length: 930.28
                        Mean action std: 0.23
                 Episode_Reward/upright: 1.7942
            Episode_Reward/body_ang_vel: -0.0794
        Episode_Reward/angular_momentum: -0.0000
          Episode_Reward/action_rate_l2: -1.1745
       Episode_Reward/crouch_glide_pose: 4.1501
    Episode_Reward/crouch_glide_pose_l1: -0.4135
           Episode_Reward/forward_speed: 1.7639
  Episode_Reward/forward_speed_tracking: 4.7825
            Episode_Reward/heading_hold: 0.2993
     Episode_Reward/crouch_forward_lean: 0.3339
               Episode_Reward/feet_flat: -0.0714
         Episode_Reward/self_collisions: -0.0081
     Episode_Reward/neck_action_rate_l2: -0.1910
        Episode_Reward/joint_torques_l2: -0.0006
        Episode_Metrics/mean_action_acc: 0.4874
          Curriculum/action_rate_weight: -0.5000
                   Curriculum/com_range: 0.0030
              Curriculum/head_com_range: 0.0030
           Episode_Termination/time_out: 3.1250
          Episode_Termination/fell_over: 0.2083
Episode_Termination/out_of_terrain_bounds: 0.0000
          Episode_Termination/nan_state: 0.0000
          Metrics/angular_momentum_mean: 0.0035
--------------------------------------------------------------------------------
                         Iteration time: 2.94s
                           Time elapsed: 00:10:43
                                    ETA: 00:39:09

################################################################################
[1m                          Learning iteration 215/1000                           [0m 

                               Run name: dynamic-gate-4096x1000-20260901
                            Total steps: 21233664 
                       Steps per second: 32447 
                        Collection time: 2.817s 
                          Learning time: 0.212s 
                        Mean value loss: 0.1300
                    Mean surrogate loss: -0.0030
                      Mean entropy loss: -0.5043
                            Mean reward: 228.43
                    Mean episode length: 951.71
                        Mean action std: 0.23
                 Episode_Reward/upright: 1.7804
            Episode_Reward/body_ang_vel: -0.0734
        Episode_Reward/angular_momentum: -0.0000
          Episode_Reward/action_rate_l2: -1.1501
       Episode_Reward/crouch_glide_pose: 4.1213
    Episode_Reward/crouch_glide_pose_l1: -0.4073
           Episode_Reward/forward_speed: 1.7471
  Episode_Reward/forward_speed_tracking: 4.7824
            Episode_Reward/heading_hold: 0.2824
     Episode_Reward/crouch_forward_lean: 0.3325
               Episode_Reward/feet_flat: -0.0667
         Episode_Reward/self_collisions: -0.0075
     Episode_Reward/neck_action_rate_l2: -0.1865
        Episode_Reward/joint_torques_l2: -0.0006
        Episode_Metrics/mean_action_acc: 0.4831
          Curriculum/action_rate_weight: -0.5000
                   Curriculum/com_range: 0.0030
              Curriculum/head_com_range: 0.0030
           Episode_Termination/time_out: 1.9583
          Episode_Termination/fell_over: 0.1250
Episode_Termination/out_of_terrain_bounds: 0.0000
          Episode_Termination/nan_state: 0.0000
          Metrics/angular_momentum_mean: 0.0035
--------------------------------------------------------------------------------
                         Iteration time: 3.03s
                           Time elapsed: 00:10:46
                                    ETA: 00:39:06

################################################################################
[1m                          Learning iteration 216/1000                           [0m 

                               Run name: dynamic-gate-4096x1000-20260901
                            Total steps: 21331968 
                       Steps per second: 33136 
                        Collection time: 2.764s 
                          Learning time: 0.203s 
                        Mean value loss: 0.1116
                    Mean surrogate loss: -0.0016
                      Mean entropy loss: -0.5197
                            Mean reward: 225.34
                    Mean episode length: 936.46
                        Mean action std: 0.23
                 Episode_Reward/upright: 1.7916
            Episode_Reward/body_ang_vel: -0.0753
        Episode_Reward/angular_momentum: -0.0000
          Episode_Reward/action_rate_l2: -1.1618
       Episode_Reward/crouch_glide_pose: 4.1676
    Episode_Reward/crouch_glide_pose_l1: -0.4079
           Episode_Reward/forward_speed: 1.7618
  Episode_Reward/forward_speed_tracking: 4.8092
            Episode_Reward/heading_hold: 0.3066
     Episode_Reward/crouch_forward_lean: 0.3400
               Episode_Reward/feet_flat: -0.0695
         Episode_Reward/self_collisions: -0.0080
     Episode_Reward/neck_action_rate_l2: -0.1888
        Episode_Reward/joint_torques_l2: -0.0006
        Episode_Metrics/mean_action_acc: 0.4838
          Curriculum/action_rate_weight: -0.5000
                   Curriculum/com_range: 0.0030
              Curriculum/head_com_range: 0.0030
           Episode_Termination/time_out: 3.0000
          Episode_Termination/fell_over: 0.2917
Episode_Termination/out_of_terrain_bounds: 0.0000
          Episode_Termination/nan_state: 0.0000
          Metrics/angular_momentum_mean: 0.0035
--------------------------------------------------------------------------------
                         Iteration time: 2.97s
                           Time elapsed: 00:10:49
                                    ETA: 00:39:03

################################################################################
[1m                          Learning iteration 217/1000                           [0m 

                               Run name: dynamic-gate-4096x1000-20260901
                            Total steps: 21430272 
                       Steps per second: 31582 
                        Collection time: 2.911s 
                          Learning time: 0.202s 
                        Mean value loss: 0.1441
                    Mean surrogate loss: -0.0011
                      Mean entropy loss: -0.5149
                            Mean reward: 219.91
                    Mean episode length: 915.44
                        Mean action std: 0.23
                 Episode_Reward/upright: 1.7636
            Episode_Reward/body_ang_vel: -0.0736
        Episode_Reward/angular_momentum: -0.0000
          Episode_Reward/action_rate_l2: -1.1383
       Episode_Reward/crouch_glide_pose: 4.1026
    Episode_Reward/crouch_glide_pose_l1: -0.4005
           Episode_Reward/forward_speed: 1.7330
  Episode_Reward/forward_speed_tracking: 4.7289
            Episode_Reward/heading_hold: 0.2366
     Episode_Reward/crouch_forward_lean: 0.3330
               Episode_Reward/feet_flat: -0.0679
         Episode_Reward/self_collisions: -0.0077
     Episode_Reward/neck_action_rate_l2: -0.1851
        Episode_Reward/joint_torques_l2: -0.0006
        Episode_Metrics/mean_action_acc: 0.4839
          Curriculum/action_rate_weight: -0.5000
                   Curriculum/com_range: 0.0030
              Curriculum/head_com_range: 0.0030
           Episode_Termination/time_out: 2.7917
          Episode_Termination/fell_over: 0.3750
Episode_Termination/out_of_terrain_bounds: 0.0000
          Episode_Termination/nan_state: 0.0000
          Metrics/angular_momentum_mean: 0.0035
--------------------------------------------------------------------------------
                         Iteration time: 3.11s
                           Time elapsed: 00:10:52
                                    ETA: 00:39:00

################################################################################
[1m                          Learning iteration 218/1000                           [0m 

                               Run name: dynamic-gate-4096x1000-20260901
                            Total steps: 21528576 
                       Steps per second: 33083 
                        Collection time: 2.783s 
                          Learning time: 0.189s 
                        Mean value loss: 0.1033
                    Mean surrogate loss: -0.0040
                      Mean entropy loss: -0.5474
                            Mean reward: 220.35
                    Mean episode length: 912.37
                        Mean action std: 0.23
                 Episode_Reward/upright: 1.8101
            Episode_Reward/body_ang_vel: -0.0761
        Episode_Reward/angular_momentum: -0.0000
          Episode_Reward/action_rate_l2: -1.1605
       Episode_Reward/crouch_glide_pose: 4.1948
    Episode_Reward/crouch_glide_pose_l1: -0.4071
           Episode_Reward/forward_speed: 1.7706
  Episode_Reward/forward_speed_tracking: 4.8295
            Episode_Reward/heading_hold: 0.2960
     Episode_Reward/crouch_forward_lean: 0.3373
               Episode_Reward/feet_flat: -0.0707
         Episode_Reward/self_collisions: -0.0064
     Episode_Reward/neck_action_rate_l2: -0.1891
        Episode_Reward/joint_torques_l2: -0.0006
        Episode_Metrics/mean_action_acc: 0.4813
          Curriculum/action_rate_weight: -0.5000
                   Curriculum/com_range: 0.0030
              Curriculum/head_com_range: 0.0030
           Episode_Termination/time_out: 2.7083
          Episode_Termination/fell_over: 0.2083
Episode_Termination/out_of_terrain_bounds: 0.0000
          Episode_Termination/nan_state: 0.0000
          Metrics/angular_momentum_mean: 0.0035
--------------------------------------------------------------------------------
                         Iteration time: 2.97s
                           Time elapsed: 00:10:55
                                    ETA: 00:38:57

################################################################################
[1m                          Learning iteration 219/1000                           [0m 

                               Run name: dynamic-gate-4096x1000-20260901
                            Total steps: 21626880 
                       Steps per second: 32418 
                        Collection time: 2.840s 
                          Learning time: 0.192s 
                        Mean value loss: 0.1928
                    Mean surrogate loss: -0.0016
                      Mean entropy loss: -0.5471
                            Mean reward: 223.65
                    Mean episode length: 930.58
                        Mean action std: 0.23
                 Episode_Reward/upright: 1.7475
            Episode_Reward/body_ang_vel: -0.0730
        Episode_Reward/angular_momentum: -0.0000
          Episode_Reward/action_rate_l2: -1.1213
       Episode_Reward/crouch_glide_pose: 4.0781
    Episode_Reward/crouch_glide_pose_l1: -0.3978
           Episode_Reward/forward_speed: 1.7185
  Episode_Reward/forward_speed_tracking: 4.6642
            Episode_Reward/heading_hold: 0.2575
     Episode_Reward/crouch_forward_lean: 0.3270
               Episode_Reward/feet_flat: -0.0713
         Episode_Reward/self_collisions: -0.0081
     Episode_Reward/neck_action_rate_l2: -0.1820
        Episode_Reward/joint_torques_l2: -0.0006
        Episode_Metrics/mean_action_acc: 0.4819
          Curriculum/action_rate_weight: -0.5000
                   Curriculum/com_range: 0.0030
              Curriculum/head_com_range: 0.0030
           Episode_Termination/time_out: 2.6250
          Episode_Termination/fell_over: 0.2500
Episode_Termination/out_of_terrain_bounds: 0.0000
          Episode_Termination/nan_state: 0.0000
          Metrics/angular_momentum_mean: 0.0035
--------------------------------------------------------------------------------
                         Iteration time: 3.03s
                           Time elapsed: 00:10:58
                                    ETA: 00:38:54

################################################################################
[1m                          Learning iteration 220/1000                           [0m 

                               Run name: dynamic-gate-4096x1000-20260901
                            Total steps: 21725184 
                       Steps per second: 33157 
                        Collection time: 2.777s 
                          Learning time: 0.188s 
                        Mean value loss: 0.1055
                    Mean surrogate loss: -0.0041
                      Mean entropy loss: -0.5611
                            Mean reward: 221.60
                    Mean episode length: 919.16
                        Mean action std: 0.23
                 Episode_Reward/upright: 1.8062
            Episode_Reward/body_ang_vel: -0.0769
        Episode_Reward/angular_momentum: -0.0000
          Episode_Reward/action_rate_l2: -1.1540
       Episode_Reward/crouch_glide_pose: 4.2099
    Episode_Reward/crouch_glide_pose_l1: -0.4055
           Episode_Reward/forward_speed: 1.7692
  Episode_Reward/forward_speed_tracking: 4.8257
            Episode_Reward/heading_hold: 0.3438
     Episode_Reward/crouch_forward_lean: 0.3309
               Episode_Reward/feet_flat: -0.0723
         Episode_Reward/self_collisions: -0.0084
     Episode_Reward/neck_action_rate_l2: -0.1875
        Episode_Reward/joint_torques_l2: -0.0005
        Episode_Metrics/mean_action_acc: 0.4806
          Curriculum/action_rate_weight: -0.5000
                   Curriculum/com_range: 0.0030
              Curriculum/head_com_range: 0.0030
           Episode_Termination/time_out: 3.0417
          Episode_Termination/fell_over: 0.3750
Episode_Termination/out_of_terrain_bounds: 0.0000
          Episode_Termination/nan_state: 0.0000
          Metrics/angular_momentum_mean: 0.0035
--------------------------------------------------------------------------------
                         Iteration time: 2.96s
                           Time elapsed: 00:11:01
                                    ETA: 00:38:51

################################################################################
[1m                          Learning iteration 221/1000                           [0m 

                               Run name: dynamic-gate-4096x1000-20260901
                            Total steps: 21823488 
                       Steps per second: 33254 
                        Collection time: 2.764s 
                          Learning time: 0.192s 
                        Mean value loss: 0.1593
                    Mean surrogate loss: -0.0020
                      Mean entropy loss: -0.5933
                            Mean reward: 234.62
                    Mean episode length: 964.89
                        Mean action std: 0.23
                 Episode_Reward/upright: 1.8641
            Episode_Reward/body_ang_vel: -0.0747
        Episode_Reward/angular_momentum: -0.0000
          Episode_Reward/action_rate_l2: -1.1821
       Episode_Reward/crouch_glide_pose: 4.3478
    Episode_Reward/crouch_glide_pose_l1: -0.4167
           Episode_Reward/forward_speed: 1.8319
  Episode_Reward/forward_speed_tracking: 5.0086
            Episode_Reward/heading_hold: 0.3610
     Episode_Reward/crouch_forward_lean: 0.3511
               Episode_Reward/feet_flat: -0.0702
         Episode_Reward/self_collisions: -0.0050
     Episode_Reward/neck_action_rate_l2: -0.1917
        Episode_Reward/joint_torques_l2: -0.0006
        Episode_Metrics/mean_action_acc: 0.4790
          Curriculum/action_rate_weight: -0.5000
                   Curriculum/com_range: 0.0030
              Curriculum/head_com_range: 0.0030
           Episode_Termination/time_out: 3.5417
          Episode_Termination/fell_over: 0.1667
Episode_Termination/out_of_terrain_bounds: 0.0000
          Episode_Termination/nan_state: 0.0000
          Metrics/angular_momentum_mean: 0.0035
--------------------------------------------------------------------------------
                         Iteration time: 2.96s
                           Time elapsed: 00:11:04
                                    ETA: 00:38:48

################################################################################
[1m                          Learning iteration 222/1000                           [0m 

                               Run name: dynamic-gate-4096x1000-20260901
                            Total steps: 21921792 
                       Steps per second: 32406 
                        Collection time: 2.842s 
                          Learning time: 0.191s 
                        Mean value loss: 0.1988
                    Mean surrogate loss: -0.0031
                      Mean entropy loss: -0.5529
                            Mean reward: 242.59
                    Mean episode length: 998.03
                        Mean action std: 0.23
                 Episode_Reward/upright: 1.9170
            Episode_Reward/body_ang_vel: -0.0761
        Episode_Reward/angular_momentum: -0.0000
          Episode_Reward/action_rate_l2: -1.2091
       Episode_Reward/crouch_glide_pose: 4.4824
    Episode_Reward/crouch_glide_pose_l1: -0.4283
           Episode_Reward/forward_speed: 1.8857
  Episode_Reward/forward_speed_tracking: 5.1536
            Episode_Reward/heading_hold: 0.3042
     Episode_Reward/crouch_forward_lean: 0.3730
               Episode_Reward/feet_flat: -0.0690
         Episode_Reward/self_collisions: -0.0068
     Episode_Reward/neck_action_rate_l2: -0.1964
        Episode_Reward/joint_torques_l2: -0.0006
        Episode_Metrics/mean_action_acc: 0.4789
          Curriculum/action_rate_weight: -0.5000
                   Curriculum/com_range: 0.0030
              Curriculum/head_com_range: 0.0030
           Episode_Termination/time_out: 4.5833
          Episode_Termination/fell_over: 0.0417
Episode_Termination/out_of_terrain_bounds: 0.0000
          Episode_Termination/nan_state: 0.0000
          Metrics/angular_momentum_mean: 0.0035
--------------------------------------------------------------------------------
                         Iteration time: 3.03s
                           Time elapsed: 00:11:07
                                    ETA: 00:38:45

################################################################################
[1m                          Learning iteration 223/1000                           [0m 

                               Run name: dynamic-gate-4096x1000-20260901
                            Total steps: 22020096 
                       Steps per second: 32920 
                        Collection time: 2.789s 
                          Learning time: 0.197s 
                        Mean value loss: 0.1572
                    Mean surrogate loss: -0.0028
                      Mean entropy loss: -0.5376
                            Mean reward: 234.24
                    Mean episode length: 959.45
                        Mean action std: 0.23
                 Episode_Reward/upright: 1.8576
            Episode_Reward/body_ang_vel: -0.0729
        Episode_Reward/angular_momentum: -0.0000
          Episode_Reward/action_rate_l2: -1.1689
       Episode_Reward/crouch_glide_pose: 4.3497
    Episode_Reward/crouch_glide_pose_l1: -0.4134
           Episode_Reward/forward_speed: 1.8244
  Episode_Reward/forward_speed_tracking: 5.0048
            Episode_Reward/heading_hold: 0.3149
     Episode_Reward/crouch_forward_lean: 0.3686
               Episode_Reward/feet_flat: -0.0668
         Episode_Reward/self_collisions: -0.0044
     Episode_Reward/neck_action_rate_l2: -0.1895
        Episode_Reward/joint_torques_l2: -0.0005
        Episode_Metrics/mean_action_acc: 0.4772
          Curriculum/action_rate_weight: -0.5000
                   Curriculum/com_range: 0.0030
              Curriculum/head_com_range: 0.0030
           Episode_Termination/time_out: 6.7500
          Episode_Termination/fell_over: 0.4167
Episode_Termination/out_of_terrain_bounds: 0.0000
          Episode_Termination/nan_state: 0.0000
          Metrics/angular_momentum_mean: 0.0036
--------------------------------------------------------------------------------
                         Iteration time: 2.99s
                           Time elapsed: 00:11:10
                                    ETA: 00:38:42

################################################################################
[1m                          Learning iteration 224/1000                           [0m 

                               Run name: dynamic-gate-4096x1000-20260901
                            Total steps: 22118400 
                       Steps per second: 32525 
                        Collection time: 2.827s 
                          Learning time: 0.195s 
                        Mean value loss: 0.1987
                    Mean surrogate loss: -0.0030
                      Mean entropy loss: -0.5371
                            Mean reward: 239.31
                    Mean episode length: 981.08
                        Mean action std: 0.23
                 Episode_Reward/upright: 1.8903
            Episode_Reward/body_ang_vel: -0.0737
        Episode_Reward/angular_momentum: -0.0000
          Episode_Reward/action_rate_l2: -1.1853
       Episode_Reward/crouch_glide_pose: 4.4160
    Episode_Reward/crouch_glide_pose_l1: -0.4194
           Episode_Reward/forward_speed: 1.8537
  Episode_Reward/forward_speed_tracking: 5.0789
            Episode_Reward/heading_hold: 0.3374
     Episode_Reward/crouch_forward_lean: 0.3609
               Episode_Reward/feet_flat: -0.0696
         Episode_Reward/self_collisions: -0.0058
     Episode_Reward/neck_action_rate_l2: -0.1924
        Episode_Reward/joint_torques_l2: -0.0006
        Episode_Metrics/mean_action_acc: 0.4769
          Curriculum/action_rate_weight: -0.5000
                   Curriculum/com_range: 0.0030
              Curriculum/head_com_range: 0.0030
           Episode_Termination/time_out: 7.3333
          Episode_Termination/fell_over: 0.2083
Episode_Termination/out_of_terrain_bounds: 0.0000
          Episode_Termination/nan_state: 0.0000
          Metrics/angular_momentum_mean: 0.0036
--------------------------------------------------------------------------------
                         Iteration time: 3.02s
                           Time elapsed: 00:11:13
                                    ETA: 00:38:39

################################################################################
[1m                          Learning iteration 225/1000                           [0m 

                               Run name: dynamic-gate-4096x1000-20260901
                            Total steps: 22216704 
                       Steps per second: 31943 
                        Collection time: 2.861s 
                          Learning time: 0.216s 
                        Mean value loss: 0.2510
                    Mean surrogate loss: -0.0025
                      Mean entropy loss: -0.5068
                            Mean reward: 238.60
                    Mean episode length: 971.07
                        Mean action std: 0.23
                 Episode_Reward/upright: 1.8731
            Episode_Reward/body_ang_vel: -0.0718
        Episode_Reward/angular_momentum: -0.0000
          Episode_Reward/action_rate_l2: -1.1693
       Episode_Reward/crouch_glide_pose: 4.3826
    Episode_Reward/crouch_glide_pose_l1: -0.4146
           Episode_Reward/forward_speed: 1.8342
  Episode_Reward/forward_speed_tracking: 5.0401
            Episode_Reward/heading_hold: 0.3245
     Episode_Reward/crouch_forward_lean: 0.3660
               Episode_Reward/feet_flat: -0.0663
         Episode_Reward/self_collisions: -0.0056
     Episode_Reward/neck_action_rate_l2: -0.1885
        Episode_Reward/joint_torques_l2: -0.0005
        Episode_Metrics/mean_action_acc: 0.4750
          Curriculum/action_rate_weight: -0.5000
                   Curriculum/com_range: 0.0030
              Curriculum/head_com_range: 0.0030
           Episode_Termination/time_out: 10.4167
          Episode_Termination/fell_over: 0.3750
Episode_Termination/out_of_terrain_bounds: 0.0000
          Episode_Termination/nan_state: 0.0000
          Metrics/angular_momentum_mean: 0.0036
--------------------------------------------------------------------------------
                         Iteration time: 3.08s
                           Time elapsed: 00:11:16
                                    ETA: 00:38:37

################################################################################
[1m                          Learning iteration 226/1000                           [0m 

                               Run name: dynamic-gate-4096x1000-20260901
                            Total steps: 22315008 
                       Steps per second: 32549 
                        Collection time: 2.820s 
                          Learning time: 0.201s 
                        Mean value loss: 0.2548
                    Mean surrogate loss: -0.0025
                      Mean entropy loss: -0.4384
                            Mean reward: 231.54
                    Mean episode length: 945.90
                        Mean action std: 0.24
                 Episode_Reward/upright: 1.8583
            Episode_Reward/body_ang_vel: -0.0726
        Episode_Reward/angular_momentum: -0.0000
          Episode_Reward/action_rate_l2: -1.1600
       Episode_Reward/crouch_glide_pose: 4.3427
    Episode_Reward/crouch_glide_pose_l1: -0.4101
           Episode_Reward/forward_speed: 1.8191
  Episode_Reward/forward_speed_tracking: 5.0034
            Episode_Reward/heading_hold: 0.3337
     Episode_Reward/crouch_forward_lean: 0.3562
               Episode_Reward/feet_flat: -0.0678
         Episode_Reward/self_collisions: -0.0052
     Episode_Reward/neck_action_rate_l2: -0.1874
        Episode_Reward/joint_torques_l2: -0.0005
        Episode_Metrics/mean_action_acc: 0.4757
          Curriculum/action_rate_weight: -0.5000
                   Curriculum/com_range: 0.0030
              Curriculum/head_com_range: 0.0030
           Episode_Termination/time_out: 9.9583
          Episode_Termination/fell_over: 0.4583
Episode_Termination/out_of_terrain_bounds: 0.0000
          Episode_Termination/nan_state: 0.0000
          Metrics/angular_momentum_mean: 0.0036
--------------------------------------------------------------------------------
                         Iteration time: 3.02s
                           Time elapsed: 00:11:19
                                    ETA: 00:38:34

################################################################################
[1m                          Learning iteration 227/1000                           [0m 

                               Run name: dynamic-gate-4096x1000-20260901
                            Total steps: 22413312 
                       Steps per second: 33074 
                        Collection time: 2.774s 
                          Learning time: 0.198s 
                        Mean value loss: 0.3336
                    Mean surrogate loss: -0.0020
                      Mean entropy loss: -0.3974
                            Mean reward: 229.28
                    Mean episode length: 932.70
                        Mean action std: 0.24
                 Episode_Reward/upright: 1.8422
            Episode_Reward/body_ang_vel: -0.0716
        Episode_Reward/angular_momentum: -0.0000
          Episode_Reward/action_rate_l2: -1.1460
       Episode_Reward/crouch_glide_pose: 4.3214
    Episode_Reward/crouch_glide_pose_l1: -0.4053
           Episode_Reward/forward_speed: 1.8074
  Episode_Reward/forward_speed_tracking: 4.9640
            Episode_Reward/heading_hold: 0.3573
     Episode_Reward/crouch_forward_lean: 0.3590
               Episode_Reward/feet_flat: -0.0662
         Episode_Reward/self_collisions: -0.0050
     Episode_Reward/neck_action_rate_l2: -0.1862
        Episode_Reward/joint_torques_l2: -0.0005
        Episode_Metrics/mean_action_acc: 0.4746
          Curriculum/action_rate_weight: -0.5000
                   Curriculum/com_range: 0.0030
              Curriculum/head_com_range: 0.0030
           Episode_Termination/time_out: 9.5000
          Episode_Termination/fell_over: 0.5833
Episode_Termination/out_of_terrain_bounds: 0.0000
          Episode_Termination/nan_state: 0.0000
          Metrics/angular_momentum_mean: 0.0036
--------------------------------------------------------------------------------
                         Iteration time: 2.97s
                           Time elapsed: 00:11:22
                                    ETA: 00:38:31

################################################################################
[1m                          Learning iteration 228/1000                           [0m 

                               Run name: dynamic-gate-4096x1000-20260901
                            Total steps: 22511616 
                       Steps per second: 31625 
                        Collection time: 2.895s 
                          Learning time: 0.213s 
                        Mean value loss: 0.1847
                    Mean surrogate loss: -0.0021
                      Mean entropy loss: -0.3266
                            Mean reward: 231.66
                    Mean episode length: 942.18
                        Mean action std: 0.24
                 Episode_Reward/upright: 1.8583
            Episode_Reward/body_ang_vel: -0.0731
        Episode_Reward/angular_momentum: -0.0000
          Episode_Reward/action_rate_l2: -1.1523
       Episode_Reward/crouch_glide_pose: 4.3531
    Episode_Reward/crouch_glide_pose_l1: -0.4077
           Episode_Reward/forward_speed: 1.8223
  Episode_Reward/forward_speed_tracking: 5.0175
            Episode_Reward/heading_hold: 0.3591
     Episode_Reward/crouch_forward_lean: 0.3545
               Episode_Reward/feet_flat: -0.0681
         Episode_Reward/self_collisions: -0.0048
     Episode_Reward/neck_action_rate_l2: -0.1865
        Episode_Reward/joint_torques_l2: -0.0005
        Episode_Metrics/mean_action_acc: 0.4742
          Curriculum/action_rate_weight: -0.5000
                   Curriculum/com_range: 0.0030
              Curriculum/head_com_range: 0.0030
           Episode_Termination/time_out: 8.7917
          Episode_Termination/fell_over: 0.4167
Episode_Termination/out_of_terrain_bounds: 0.0000
          Episode_Termination/nan_state: 0.0000
          Metrics/angular_momentum_mean: 0.0036
--------------------------------------------------------------------------------
                         Iteration time: 3.11s
                           Time elapsed: 00:11:25
                                    ETA: 00:38:28

################################################################################
[1m                          Learning iteration 229/1000                           [0m 

                               Run name: dynamic-gate-4096x1000-20260901
                            Total steps: 22609920 
                       Steps per second: 29793 
                        Collection time: 3.103s 
                          Learning time: 0.197s 
                        Mean value loss: 0.2184
                    Mean surrogate loss: -0.0029
                      Mean entropy loss: -0.3303
                            Mean reward: 231.59
                    Mean episode length: 942.07
                        Mean action std: 0.24
                 Episode_Reward/upright: 1.8209
            Episode_Reward/body_ang_vel: -0.0716
        Episode_Reward/angular_momentum: -0.0000
          Episode_Reward/action_rate_l2: -1.1255
       Episode_Reward/crouch_glide_pose: 4.2575
    Episode_Reward/crouch_glide_pose_l1: -0.3999
           Episode_Reward/forward_speed: 1.7821
  Episode_Reward/forward_speed_tracking: 4.9046
            Episode_Reward/heading_hold: 0.3532
     Episode_Reward/crouch_forward_lean: 0.3443
               Episode_Reward/feet_flat: -0.0661
         Episode_Reward/self_collisions: -0.0054
     Episode_Reward/neck_action_rate_l2: -0.1822
        Episode_Reward/joint_torques_l2: -0.0005
        Episode_Metrics/mean_action_acc: 0.4724
          Curriculum/action_rate_weight: -0.5000
                   Curriculum/com_range: 0.0030
              Curriculum/head_com_range: 0.0030
           Episode_Termination/time_out: 7.8333
          Episode_Termination/fell_over: 0.5000
Episode_Termination/out_of_terrain_bounds: 0.0000
          Episode_Termination/nan_state: 0.0000
          Metrics/angular_momentum_mean: 0.0036
--------------------------------------------------------------------------------
                         Iteration time: 3.30s
                           Time elapsed: 00:11:28
                                    ETA: 00:38:26

################################################################################
[1m                          Learning iteration 230/1000                           [0m 

                               Run name: dynamic-gate-4096x1000-20260901
                            Total steps: 22708224 
                       Steps per second: 31807 
                        Collection time: 2.853s 
                          Learning time: 0.237s 
                        Mean value loss: 0.2234
                    Mean surrogate loss: -0.0025
                      Mean entropy loss: -0.3040
                            Mean reward: 230.24
                    Mean episode length: 932.57
                        Mean action std: 0.24
                 Episode_Reward/upright: 1.8295
            Episode_Reward/body_ang_vel: -0.0717
        Episode_Reward/angular_momentum: -0.0000
          Episode_Reward/action_rate_l2: -1.1300
       Episode_Reward/crouch_glide_pose: 4.2955
    Episode_Reward/crouch_glide_pose_l1: -0.4011
           Episode_Reward/forward_speed: 1.7981
  Episode_Reward/forward_speed_tracking: 4.9630
            Episode_Reward/heading_hold: 0.3532
     Episode_Reward/crouch_forward_lean: 0.3583
               Episode_Reward/feet_flat: -0.0659
         Episode_Reward/self_collisions: -0.0050
     Episode_Reward/neck_action_rate_l2: -0.1829
        Episode_Reward/joint_torques_l2: -0.0005
        Episode_Metrics/mean_action_acc: 0.4725
          Curriculum/action_rate_weight: -0.5000
                   Curriculum/com_range: 0.0030
              Curriculum/head_com_range: 0.0030
           Episode_Termination/time_out: 7.8333
          Episode_Termination/fell_over: 0.4167
Episode_Termination/out_of_terrain_bounds: 0.0000
          Episode_Termination/nan_state: 0.0000
          Metrics/angular_momentum_mean: 0.0036
--------------------------------------------------------------------------------
                         Iteration time: 3.09s
                           Time elapsed: 00:11:32
                                    ETA: 00:38:23

################################################################################
[1m                          Learning iteration 231/1000                           [0m 

                               Run name: dynamic-gate-4096x1000-20260901
                            Total steps: 22806528 
                       Steps per second: 32574 
                        Collection time: 2.827s 
                          Learning time: 0.191s 
                        Mean value loss: 0.2035
                    Mean surrogate loss: -0.0028
                      Mean entropy loss: -0.2880
                            Mean reward: 238.50
                    Mean episode length: 971.13
                        Mean action std: 0.24
                 Episode_Reward/upright: 1.8401
            Episode_Reward/body_ang_vel: -0.0716
        Episode_Reward/angular_momentum: -0.0000
          Episode_Reward/action_rate_l2: -1.1339
       Episode_Reward/crouch_glide_pose: 4.3178
    Episode_Reward/crouch_glide_pose_l1: -0.4040
           Episode_Reward/forward_speed: 1.8051
  Episode_Reward/forward_speed_tracking: 4.9702
            Episode_Reward/heading_hold: 0.3205
     Episode_Reward/crouch_forward_lean: 0.3552
               Episode_Reward/feet_flat: -0.0675
         Episode_Reward/self_collisions: -0.0055
     Episode_Reward/neck_action_rate_l2: -0.1838
        Episode_Reward/joint_torques_l2: -0.0005
        Episode_Metrics/mean_action_acc: 0.4722
          Curriculum/action_rate_weight: -0.5000
                   Curriculum/com_range: 0.0030
              Curriculum/head_com_range: 0.0030
           Episode_Termination/time_out: 7.3750
          Episode_Termination/fell_over: 0.4167
Episode_Termination/out_of_terrain_bounds: 0.0000
          Episode_Termination/nan_state: 0.0000
          Metrics/angular_momentum_mean: 0.0036
--------------------------------------------------------------------------------
                         Iteration time: 3.02s
                           Time elapsed: 00:11:35
                                    ETA: 00:38:21

################################################################################
[1m                          Learning iteration 232/1000                           [0m 

                               Run name: dynamic-gate-4096x1000-20260901
                            Total steps: 22904832 
                       Steps per second: 32807 
                        Collection time: 2.793s 
                          Learning time: 0.203s 
                        Mean value loss: 0.1596
                    Mean surrogate loss: -0.0021
                      Mean entropy loss: -0.3057
                            Mean reward: 236.33
                    Mean episode length: 961.40
                        Mean action std: 0.24
                 Episode_Reward/upright: 1.8837
            Episode_Reward/body_ang_vel: -0.0734
        Episode_Reward/angular_momentum: -0.0000
          Episode_Reward/action_rate_l2: -1.1572
       Episode_Reward/crouch_glide_pose: 4.4189
    Episode_Reward/crouch_glide_pose_l1: -0.4120
           Episode_Reward/forward_speed: 1.8472
  Episode_Reward/forward_speed_tracking: 5.0887
            Episode_Reward/heading_hold: 0.3359
     Episode_Reward/crouch_forward_lean: 0.3619
               Episode_Reward/feet_flat: -0.0681
         Episode_Reward/self_collisions: -0.0046
     Episode_Reward/neck_action_rate_l2: -0.1879
        Episode_Reward/joint_torques_l2: -0.0006
        Episode_Metrics/mean_action_acc: 0.4712
          Curriculum/action_rate_weight: -0.5000
                   Curriculum/com_range: 0.0030
              Curriculum/head_com_range: 0.0030
           Episode_Termination/time_out: 6.3333
          Episode_Termination/fell_over: 0.1667
Episode_Termination/out_of_terrain_bounds: 0.0000
          Episode_Termination/nan_state: 0.0000
          Metrics/angular_momentum_mean: 0.0037
--------------------------------------------------------------------------------
                         Iteration time: 3.00s
                           Time elapsed: 00:11:38
                                    ETA: 00:38:18

################################################################################
[1m                          Learning iteration 233/1000                           [0m 

                               Run name: dynamic-gate-4096x1000-20260901
                            Total steps: 23003136 
                       Steps per second: 28053 
                        Collection time: 3.272s 
                          Learning time: 0.232s 
                        Mean value loss: 0.2559
                    Mean surrogate loss: -0.0022
                      Mean entropy loss: -0.3040
                            Mean reward: 231.73
                    Mean episode length: 942.51
                        Mean action std: 0.24
                 Episode_Reward/upright: 1.7981
            Episode_Reward/body_ang_vel: -0.0715
        Episode_Reward/angular_momentum: -0.0000
          Episode_Reward/action_rate_l2: -1.1026
       Episode_Reward/crouch_glide_pose: 4.2340
    Episode_Reward/crouch_glide_pose_l1: -0.3945
           Episode_Reward/forward_speed: 1.7649
  Episode_Reward/forward_speed_tracking: 4.8430
            Episode_Reward/heading_hold: 0.3194
     Episode_Reward/crouch_forward_lean: 0.3487
               Episode_Reward/feet_flat: -0.0662
         Episode_Reward/self_collisions: -0.0065
     Episode_Reward/neck_action_rate_l2: -0.1800
        Episode_Reward/joint_torques_l2: -0.0005
        Episode_Metrics/mean_action_acc: 0.4701
          Curriculum/action_rate_weight: -0.5000
                   Curriculum/com_range: 0.0030
              Curriculum/head_com_range: 0.0030
           Episode_Termination/time_out: 4.2500
          Episode_Termination/fell_over: 0.2917
Episode_Termination/out_of_terrain_bounds: 0.0000
          Episode_Termination/nan_state: 0.0000
          Metrics/angular_momentum_mean: 0.0036
--------------------------------------------------------------------------------
                         Iteration time: 3.50s
                           Time elapsed: 00:11:41
                                    ETA: 00:38:16

################################################################################
[1m                          Learning iteration 234/1000                           [0m 

                               Run name: dynamic-gate-4096x1000-20260901
                            Total steps: 23101440 
                       Steps per second: 31689 
                        Collection time: 2.904s 
                          Learning time: 0.198s 
                        Mean value loss: 0.2096
                    Mean surrogate loss: -0.0030
                      Mean entropy loss: -0.2743
                            Mean reward: 225.27
                    Mean episode length: 914.29
                        Mean action std: 0.24
                 Episode_Reward/upright: 1.7966
            Episode_Reward/body_ang_vel: -0.0709
        Episode_Reward/angular_momentum: -0.0000
          Episode_Reward/action_rate_l2: -1.0971
       Episode_Reward/crouch_glide_pose: 4.2050
    Episode_Reward/crouch_glide_pose_l1: -0.3922
           Episode_Reward/forward_speed: 1.7565
  Episode_Reward/forward_speed_tracking: 4.8397
            Episode_Reward/heading_hold: 0.3234
     Episode_Reward/crouch_forward_lean: 0.3425
               Episode_Reward/feet_flat: -0.0669
         Episode_Reward/self_collisions: -0.0050
     Episode_Reward/neck_action_rate_l2: -0.1777
        Episode_Reward/joint_torques_l2: -0.0005
        Episode_Metrics/mean_action_acc: 0.4710
          Curriculum/action_rate_weight: -0.5000
                   Curriculum/com_range: 0.0030
              Curriculum/head_com_range: 0.0030
           Episode_Termination/time_out: 3.9583
          Episode_Termination/fell_over: 0.4583
Episode_Termination/out_of_terrain_bounds: 0.0000
          Episode_Termination/nan_state: 0.0000
          Metrics/angular_momentum_mean: 0.0036
--------------------------------------------------------------------------------
                         Iteration time: 3.10s
                           Time elapsed: 00:11:44
                                    ETA: 00:38:14

################################################################################
[1m                          Learning iteration 235/1000                           [0m 

                               Run name: dynamic-gate-4096x1000-20260901
                            Total steps: 23199744 
                       Steps per second: 32266 
                        Collection time: 2.852s 
                          Learning time: 0.195s 
                        Mean value loss: 0.1087
                    Mean surrogate loss: -0.0021
                      Mean entropy loss: -0.2924
                            Mean reward: 233.90
                    Mean episode length: 946.90
                        Mean action std: 0.24
                 Episode_Reward/upright: 1.8173
            Episode_Reward/body_ang_vel: -0.0730
        Episode_Reward/angular_momentum: -0.0000
          Episode_Reward/action_rate_l2: -1.1054
       Episode_Reward/crouch_glide_pose: 4.2447
    Episode_Reward/crouch_glide_pose_l1: -0.3960
           Episode_Reward/forward_speed: 1.7733
  Episode_Reward/forward_speed_tracking: 4.8764
            Episode_Reward/heading_hold: 0.3547
     Episode_Reward/crouch_forward_lean: 0.3345
               Episode_Reward/feet_flat: -0.0690
         Episode_Reward/self_collisions: -0.0053
     Episode_Reward/neck_action_rate_l2: -0.1793
        Episode_Reward/joint_torques_l2: -0.0005
        Episode_Metrics/mean_action_acc: 0.4699
          Curriculum/action_rate_weight: -0.5000
                   Curriculum/com_range: 0.0030
              Curriculum/head_com_range: 0.0030
           Episode_Termination/time_out: 3.2083
          Episode_Termination/fell_over: 0.2083
Episode_Termination/out_of_terrain_bounds: 0.0000
          Episode_Termination/nan_state: 0.0000
          Metrics/angular_momentum_mean: 0.0036
--------------------------------------------------------------------------------
                         Iteration time: 3.05s
                           Time elapsed: 00:11:47
                                    ETA: 00:38:11

################################################################################
[1m                          Learning iteration 236/1000                           [0m 

                               Run name: dynamic-gate-4096x1000-20260901
                            Total steps: 23298048 
                       Steps per second: 34521 
                        Collection time: 2.659s 
                          Learning time: 0.188s 
                        Mean value loss: 0.1000
                    Mean surrogate loss: -0.0023
                      Mean entropy loss: -0.3463
                            Mean reward: 223.74
                    Mean episode length: 907.19
                        Mean action std: 0.24
                 Episode_Reward/upright: 1.7937
            Episode_Reward/body_ang_vel: -0.0722
        Episode_Reward/angular_momentum: -0.0000
          Episode_Reward/action_rate_l2: -1.0928
       Episode_Reward/crouch_glide_pose: 4.1896
    Episode_Reward/crouch_glide_pose_l1: -0.3918
           Episode_Reward/forward_speed: 1.7501
  Episode_Reward/forward_speed_tracking: 4.8055
            Episode_Reward/heading_hold: 0.3192
     Episode_Reward/crouch_forward_lean: 0.3222
               Episode_Reward/feet_flat: -0.0701
         Episode_Reward/self_collisions: -0.0056
     Episode_Reward/neck_action_rate_l2: -0.1772
        Episode_Reward/joint_torques_l2: -0.0005
        Episode_Metrics/mean_action_acc: 0.4695
          Curriculum/action_rate_weight: -0.5000
                   Curriculum/com_range: 0.0030
              Curriculum/head_com_range: 0.0030
           Episode_Termination/time_out: 3.0417
          Episode_Termination/fell_over: 0.2917
Episode_Termination/out_of_terrain_bounds: 0.0000
          Episode_Termination/nan_state: 0.0000
          Metrics/angular_momentum_mean: 0.0036
--------------------------------------------------------------------------------
                         Iteration time: 2.85s
                           Time elapsed: 00:11:50
                                    ETA: 00:38:07

################################################################################
[1m                          Learning iteration 237/1000                           [0m 

                               Run name: dynamic-gate-4096x1000-20260901
                            Total steps: 23396352 
                       Steps per second: 33446 
                        Collection time: 2.744s 
                          Learning time: 0.195s 
                        Mean value loss: 0.1408
                    Mean surrogate loss: -0.0017
                      Mean entropy loss: -0.3613
                            Mean reward: 234.78
                    Mean episode length: 953.17
                        Mean action std: 0.24
                 Episode_Reward/upright: 1.8192
            Episode_Reward/body_ang_vel: -0.0722
        Episode_Reward/angular_momentum: -0.0000
          Episode_Reward/action_rate_l2: -1.1046
       Episode_Reward/crouch_glide_pose: 4.2918
    Episode_Reward/crouch_glide_pose_l1: -0.3973
           Episode_Reward/forward_speed: 1.7923
  Episode_Reward/forward_speed_tracking: 4.9268
            Episode_Reward/heading_hold: 0.3224
     Episode_Reward/crouch_forward_lean: 0.3490
               Episode_Reward/feet_flat: -0.0712
         Episode_Reward/self_collisions: -0.0058
     Episode_Reward/neck_action_rate_l2: -0.1803
        Episode_Reward/joint_torques_l2: -0.0005
        Episode_Metrics/mean_action_acc: 0.4675
          Curriculum/action_rate_weight: -0.5000
                   Curriculum/com_range: 0.0030
              Curriculum/head_com_range: 0.0030
           Episode_Termination/time_out: 2.6250
          Episode_Termination/fell_over: 0.0833
Episode_Termination/out_of_terrain_bounds: 0.0000
          Episode_Termination/nan_state: 0.0000
          Metrics/angular_momentum_mean: 0.0036
--------------------------------------------------------------------------------
                         Iteration time: 2.94s
                           Time elapsed: 00:11:53
                                    ETA: 00:38:04

################################################################################
[1m                          Learning iteration 238/1000                           [0m 

                               Run name: dynamic-gate-4096x1000-20260901
                            Total steps: 23494656 
                       Steps per second: 32518 
                        Collection time: 2.823s 
                          Learning time: 0.200s 
                        Mean value loss: 0.1018
                    Mean surrogate loss: -0.0009
                      Mean entropy loss: -0.3703
                            Mean reward: 237.34
                    Mean episode length: 963.27
                        Mean action std: 0.24
                 Episode_Reward/upright: 1.7767
            Episode_Reward/body_ang_vel: -0.0722
        Episode_Reward/angular_momentum: -0.0000
          Episode_Reward/action_rate_l2: -1.0830
       Episode_Reward/crouch_glide_pose: 4.2112
    Episode_Reward/crouch_glide_pose_l1: -0.3895
           Episode_Reward/forward_speed: 1.7601
  Episode_Reward/forward_speed_tracking: 4.8393
            Episode_Reward/heading_hold: 0.3190
     Episode_Reward/crouch_forward_lean: 0.3426
               Episode_Reward/feet_flat: -0.0663
         Episode_Reward/self_collisions: -0.0051
     Episode_Reward/neck_action_rate_l2: -0.1762
        Episode_Reward/joint_torques_l2: -0.0005
        Episode_Metrics/mean_action_acc: 0.4683
          Curriculum/action_rate_weight: -0.5000
                   Curriculum/com_range: 0.0030
              Curriculum/head_com_range: 0.0030
           Episode_Termination/time_out: 2.7083
          Episode_Termination/fell_over: 0.1667
Episode_Termination/out_of_terrain_bounds: 0.0000
          Episode_Termination/nan_state: 0.0000
          Metrics/angular_momentum_mean: 0.0036
--------------------------------------------------------------------------------
                         Iteration time: 3.02s
                           Time elapsed: 00:11:56
                                    ETA: 00:38:01

################################################################################
[1m                          Learning iteration 239/1000                           [0m 

                               Run name: dynamic-gate-4096x1000-20260901
                            Total steps: 23592960 
                       Steps per second: 32089 
                        Collection time: 2.869s 
                          Learning time: 0.194s 
                        Mean value loss: 0.1340
                    Mean surrogate loss: -0.0030
                      Mean entropy loss: -0.4015
                            Mean reward: 238.42
                    Mean episode length: 963.43
                        Mean action std: 0.24
                 Episode_Reward/upright: 1.8513
            Episode_Reward/body_ang_vel: -0.0719
        Episode_Reward/angular_momentum: -0.0000
          Episode_Reward/action_rate_l2: -1.1203
       Episode_Reward/crouch_glide_pose: 4.3656
    Episode_Reward/crouch_glide_pose_l1: -0.4031
           Episode_Reward/forward_speed: 1.8238
  Episode_Reward/forward_speed_tracking: 5.0182
            Episode_Reward/heading_hold: 0.3847
     Episode_Reward/crouch_forward_lean: 0.3678
               Episode_Reward/feet_flat: -0.0667
         Episode_Reward/self_collisions: -0.0055
     Episode_Reward/neck_action_rate_l2: -0.1837
        Episode_Reward/joint_torques_l2: -0.0006
        Episode_Metrics/mean_action_acc: 0.4679
          Curriculum/action_rate_weight: -0.5000
                   Curriculum/com_range: 0.0030
              Curriculum/head_com_range: 0.0030
           Episode_Termination/time_out: 2.4583
          Episode_Termination/fell_over: 0.0833
Episode_Termination/out_of_terrain_bounds: 0.0000
          Episode_Termination/nan_state: 0.0000
          Metrics/angular_momentum_mean: 0.0036
--------------------------------------------------------------------------------
                         Iteration time: 3.06s
                           Time elapsed: 00:11:59
                                    ETA: 00:37:58

################################################################################
[1m                          Learning iteration 240/1000                           [0m 

                               Run name: dynamic-gate-4096x1000-20260901
                            Total steps: 23691264 
                       Steps per second: 34157 
                        Collection time: 2.682s 
                          Learning time: 0.196s 
                        Mean value loss: 0.1004
                    Mean surrogate loss: -0.0016
                      Mean entropy loss: -0.4177
                            Mean reward: 239.00
                    Mean episode length: 963.44
                        Mean action std: 0.23
                 Episode_Reward/upright: 1.8726
            Episode_Reward/body_ang_vel: -0.0735
        Episode_Reward/angular_momentum: -0.0000
          Episode_Reward/action_rate_l2: -1.1225
       Episode_Reward/crouch_glide_pose: 4.4054
    Episode_Reward/crouch_glide_pose_l1: -0.4076
           Episode_Reward/forward_speed: 1.8412
  Episode_Reward/forward_speed_tracking: 5.0780
            Episode_Reward/heading_hold: 0.4037
     Episode_Reward/crouch_forward_lean: 0.3613
               Episode_Reward/feet_flat: -0.0685
         Episode_Reward/self_collisions: -0.0049
     Episode_Reward/neck_action_rate_l2: -0.1849
        Episode_Reward/joint_torques_l2: -0.0006
        Episode_Metrics/mean_action_acc: 0.4663
          Curriculum/action_rate_weight: -0.5000
                   Curriculum/com_range: 0.0030
              Curriculum/head_com_range: 0.0030
           Episode_Termination/time_out: 3.0417
          Episode_Termination/fell_over: 0.0833
Episode_Termination/out_of_terrain_bounds: 0.0000
          Episode_Termination/nan_state: 0.0000
          Metrics/angular_momentum_mean: 0.0036
--------------------------------------------------------------------------------
                         Iteration time: 2.88s
                           Time elapsed: 00:12:02
                                    ETA: 00:37:55

################################################################################
[1m                          Learning iteration 241/1000                           [0m 

                               Run name: dynamic-gate-4096x1000-20260901
                            Total steps: 23789568 
                       Steps per second: 33364 
                        Collection time: 2.745s 
                          Learning time: 0.202s 
                        Mean value loss: 0.1628
                    Mean surrogate loss: -0.0021
                      Mean entropy loss: -0.4456
                            Mean reward: 238.94
                    Mean episode length: 963.96
                        Mean action std: 0.23
                 Episode_Reward/upright: 1.8618
            Episode_Reward/body_ang_vel: -0.0745
        Episode_Reward/angular_momentum: -0.0000
          Episode_Reward/action_rate_l2: -1.1223
       Episode_Reward/crouch_glide_pose: 4.3693
    Episode_Reward/crouch_glide_pose_l1: -0.4037
           Episode_Reward/forward_speed: 1.8309
  Episode_Reward/forward_speed_tracking: 5.0438
            Episode_Reward/heading_hold: 0.3451
     Episode_Reward/crouch_forward_lean: 0.3544
               Episode_Reward/feet_flat: -0.0722
         Episode_Reward/self_collisions: -0.0064
     Episode_Reward/neck_action_rate_l2: -0.1813
        Episode_Reward/joint_torques_l2: -0.0006
        Episode_Metrics/mean_action_acc: 0.4674
          Curriculum/action_rate_weight: -0.5000
                   Curriculum/com_range: 0.0030
              Curriculum/head_com_range: 0.0030
           Episode_Termination/time_out: 2.5000
          Episode_Termination/fell_over: 0.0833
Episode_Termination/out_of_terrain_bounds: 0.0000
          Episode_Termination/nan_state: 0.0000
          Metrics/angular_momentum_mean: 0.0036
--------------------------------------------------------------------------------
                         Iteration time: 2.95s
                           Time elapsed: 00:12:05
                                    ETA: 00:37:52

################################################################################
[1m                          Learning iteration 242/1000                           [0m 

                               Run name: dynamic-gate-4096x1000-20260901
                            Total steps: 23887872 
                       Steps per second: 33018 
                        Collection time: 2.779s 
                          Learning time: 0.199s 
                        Mean value loss: 0.0814
                    Mean surrogate loss: -0.0022
                      Mean entropy loss: -0.4765
                            Mean reward: 235.30
                    Mean episode length: 954.20
                        Mean action std: 0.23
                 Episode_Reward/upright: 1.8088
            Episode_Reward/body_ang_vel: -0.0723
        Episode_Reward/angular_momentum: -0.0000
          Episode_Reward/action_rate_l2: -1.0895
       Episode_Reward/crouch_glide_pose: 4.2342
    Episode_Reward/crouch_glide_pose_l1: -0.3938
           Episode_Reward/forward_speed: 1.7698
  Episode_Reward/forward_speed_tracking: 4.8631
            Episode_Reward/heading_hold: 0.2732
     Episode_Reward/crouch_forward_lean: 0.3344
               Episode_Reward/feet_flat: -0.0687
         Episode_Reward/self_collisions: -0.0056
     Episode_Reward/neck_action_rate_l2: -0.1769
        Episode_Reward/joint_torques_l2: -0.0006
        Episode_Metrics/mean_action_acc: 0.4670
          Curriculum/action_rate_weight: -0.5000
                   Curriculum/com_range: 0.0030
              Curriculum/head_com_range: 0.0030
           Episode_Termination/time_out: 2.2500
          Episode_Termination/fell_over: 0.1250
Episode_Termination/out_of_terrain_bounds: 0.0000
          Episode_Termination/nan_state: 0.0000
          Metrics/angular_momentum_mean: 0.0036
--------------------------------------------------------------------------------
                         Iteration time: 2.98s
                           Time elapsed: 00:12:08
                                    ETA: 00:37:49

################################################################################
[1m                          Learning iteration 243/1000                           [0m 

                               Run name: dynamic-gate-4096x1000-20260901
                            Total steps: 23986176 
                       Steps per second: 34126 
                        Collection time: 2.691s 
                          Learning time: 0.189s 
                        Mean value loss: 0.1209
                    Mean surrogate loss: -0.0030
                      Mean entropy loss: -0.5294
                            Mean reward: 233.21
                    Mean episode length: 946.25
                        Mean action std: 0.23
                 Episode_Reward/upright: 1.7841
            Episode_Reward/body_ang_vel: -0.0733
        Episode_Reward/angular_momentum: -0.0000
          Episode_Reward/action_rate_l2: -1.0733
       Episode_Reward/crouch_glide_pose: 4.2236
    Episode_Reward/crouch_glide_pose_l1: -0.3906
           Episode_Reward/forward_speed: 1.7621
  Episode_Reward/forward_speed_tracking: 4.8610
            Episode_Reward/heading_hold: 0.3317
     Episode_Reward/crouch_forward_lean: 0.3375
               Episode_Reward/feet_flat: -0.0749
         Episode_Reward/self_collisions: -0.0074
     Episode_Reward/neck_action_rate_l2: -0.1759
        Episode_Reward/joint_torques_l2: -0.0005
        Episode_Metrics/mean_action_acc: 0.4657
          Curriculum/action_rate_weight: -0.5000
                   Curriculum/com_range: 0.0030
              Curriculum/head_com_range: 0.0030
           Episode_Termination/time_out: 2.5000
          Episode_Termination/fell_over: 0.2083
Episode_Termination/out_of_terrain_bounds: 0.0000
          Episode_Termination/nan_state: 0.0000
          Metrics/angular_momentum_mean: 0.0036
--------------------------------------------------------------------------------
                         Iteration time: 2.88s
                           Time elapsed: 00:12:11
                                    ETA: 00:37:45

################################################################################
[1m                          Learning iteration 244/1000                           [0m 

                               Run name: dynamic-gate-4096x1000-20260901
                            Total steps: 24084480 
                       Steps per second: 33746 
                        Collection time: 2.718s 
                          Learning time: 0.195s 
                        Mean value loss: 0.0811
                    Mean surrogate loss: -0.0031
                      Mean entropy loss: -0.5787
                            Mean reward: 232.29
                    Mean episode length: 939.43
                        Mean action std: 0.23
                 Episode_Reward/upright: 1.8399
            Episode_Reward/body_ang_vel: -0.0722
        Episode_Reward/angular_momentum: -0.0000
          Episode_Reward/action_rate_l2: -1.1003
       Episode_Reward/crouch_glide_pose: 4.3627
    Episode_Reward/crouch_glide_pose_l1: -0.3981
           Episode_Reward/forward_speed: 1.8191
  Episode_Reward/forward_speed_tracking: 5.0371
            Episode_Reward/heading_hold: 0.3107
     Episode_Reward/crouch_forward_lean: 0.3607
               Episode_Reward/feet_flat: -0.0690
         Episode_Reward/self_collisions: -0.0066
     Episode_Reward/neck_action_rate_l2: -0.1793
        Episode_Reward/joint_torques_l2: -0.0006
        Episode_Metrics/mean_action_acc: 0.4640
          Curriculum/action_rate_weight: -0.5000
                   Curriculum/com_range: 0.0030
              Curriculum/head_com_range: 0.0030
           Episode_Termination/time_out: 2.4167
          Episode_Termination/fell_over: 0.2917
Episode_Termination/out_of_terrain_bounds: 0.0000
          Episode_Termination/nan_state: 0.0000
          Metrics/angular_momentum_mean: 0.0036
--------------------------------------------------------------------------------
                         Iteration time: 2.91s
                           Time elapsed: 00:12:14
                                    ETA: 00:37:42

################################################################################
[1m                          Learning iteration 245/1000                           [0m 

                               Run name: dynamic-gate-4096x1000-20260901
                            Total steps: 24182784 
                       Steps per second: 33318 
                        Collection time: 2.750s 
                          Learning time: 0.201s 
                        Mean value loss: 0.1029
                    Mean surrogate loss: -0.0027
                      Mean entropy loss: -0.6350
                            Mean reward: 244.26
                    Mean episode length: 979.58
                        Mean action std: 0.23
                 Episode_Reward/upright: 1.9259
            Episode_Reward/body_ang_vel: -0.0754
        Episode_Reward/angular_momentum: -0.0000
          Episode_Reward/action_rate_l2: -1.1471
       Episode_Reward/crouch_glide_pose: 4.5499
    Episode_Reward/crouch_glide_pose_l1: -0.4135
           Episode_Reward/forward_speed: 1.8959
  Episode_Reward/forward_speed_tracking: 5.2452
            Episode_Reward/heading_hold: 0.3832
     Episode_Reward/crouch_forward_lean: 0.3678
               Episode_Reward/feet_flat: -0.0715
         Episode_Reward/self_collisions: -0.0046
     Episode_Reward/neck_action_rate_l2: -0.1869
        Episode_Reward/joint_torques_l2: -0.0006
        Episode_Metrics/mean_action_acc: 0.4643
          Curriculum/action_rate_weight: -0.5000
                   Curriculum/com_range: 0.0030
              Curriculum/head_com_range: 0.0030
           Episode_Termination/time_out: 3.2917
          Episode_Termination/fell_over: 0.0000
Episode_Termination/out_of_terrain_bounds: 0.0000
          Episode_Termination/nan_state: 0.0000
          Metrics/angular_momentum_mean: 0.0036
--------------------------------------------------------------------------------
                         Iteration time: 2.95s
                           Time elapsed: 00:12:17
                                    ETA: 00:37:39

################################################################################
[1m                          Learning iteration 246/1000                           [0m 

                               Run name: dynamic-gate-4096x1000-20260901
                            Total steps: 24281088 
                       Steps per second: 34190 
                        Collection time: 2.682s 
                          Learning time: 0.193s 
                        Mean value loss: 0.1174
                    Mean surrogate loss: -0.0016
                      Mean entropy loss: -0.6706
                            Mean reward: 239.70
                    Mean episode length: 965.01
                        Mean action std: 0.23
                 Episode_Reward/upright: 1.8176
            Episode_Reward/body_ang_vel: -0.0719
        Episode_Reward/angular_momentum: -0.0000
          Episode_Reward/action_rate_l2: -1.0835
       Episode_Reward/crouch_glide_pose: 4.3073
    Episode_Reward/crouch_glide_pose_l1: -0.3901
           Episode_Reward/forward_speed: 1.7897
  Episode_Reward/forward_speed_tracking: 4.9385
            Episode_Reward/heading_hold: 0.3123
     Episode_Reward/crouch_forward_lean: 0.3700
               Episode_Reward/feet_flat: -0.0678
         Episode_Reward/self_collisions: -0.0075
     Episode_Reward/neck_action_rate_l2: -0.1764
        Episode_Reward/joint_torques_l2: -0.0006
        Episode_Metrics/mean_action_acc: 0.4630
          Curriculum/action_rate_weight: -0.5000
                   Curriculum/com_range: 0.0030
              Curriculum/head_com_range: 0.0030
           Episode_Termination/time_out: 3.0833
          Episode_Termination/fell_over: 0.2083
Episode_Termination/out_of_terrain_bounds: 0.0000
          Episode_Termination/nan_state: 0.0000
          Metrics/angular_momentum_mean: 0.0036
--------------------------------------------------------------------------------
                         Iteration time: 2.88s
                           Time elapsed: 00:12:20
                                    ETA: 00:37:36

################################################################################
[1m                          Learning iteration 247/1000                           [0m 

                               Run name: dynamic-gate-4096x1000-20260901
                            Total steps: 24379392 
                       Steps per second: 33511 
                        Collection time: 2.728s 
                          Learning time: 0.206s 
                        Mean value loss: 0.1506
                    Mean surrogate loss: -0.0026
                      Mean entropy loss: -0.7025
                            Mean reward: 233.87
                    Mean episode length: 942.40
                        Mean action std: 0.23
                 Episode_Reward/upright: 1.8403
            Episode_Reward/body_ang_vel: -0.0726
        Episode_Reward/angular_momentum: -0.0000
          Episode_Reward/action_rate_l2: -1.0946
       Episode_Reward/crouch_glide_pose: 4.3660
    Episode_Reward/crouch_glide_pose_l1: -0.3967
           Episode_Reward/forward_speed: 1.8150
  Episode_Reward/forward_speed_tracking: 4.9964
            Episode_Reward/heading_hold: 0.3188
     Episode_Reward/crouch_forward_lean: 0.3659
               Episode_Reward/feet_flat: -0.0670
         Episode_Reward/self_collisions: -0.0055
     Episode_Reward/neck_action_rate_l2: -0.1783
        Episode_Reward/joint_torques_l2: -0.0006
        Episode_Metrics/mean_action_acc: 0.4629
          Curriculum/action_rate_weight: -0.5000
                   Curriculum/com_range: 0.0030
              Curriculum/head_com_range: 0.0030
           Episode_Termination/time_out: 3.2917
          Episode_Termination/fell_over: 0.1667
Episode_Termination/out_of_terrain_bounds: 0.0000
          Episode_Termination/nan_state: 0.0000
          Metrics/angular_momentum_mean: 0.0036
--------------------------------------------------------------------------------
                         Iteration time: 2.93s
                           Time elapsed: 00:12:22
                                    ETA: 00:37:32

################################################################################
[1m                          Learning iteration 248/1000                           [0m 

                               Run name: dynamic-gate-4096x1000-20260901
                            Total steps: 24477696 
                       Steps per second: 32844 
                        Collection time: 2.792s 
                          Learning time: 0.201s 
                        Mean value loss: 0.1781
                    Mean surrogate loss: -0.0033
                      Mean entropy loss: -0.7226
                            Mean reward: 233.51
                    Mean episode length: 942.66
                        Mean action std: 0.23
                 Episode_Reward/upright: 1.8813
            Episode_Reward/body_ang_vel: -0.0766
        Episode_Reward/angular_momentum: -0.0000
          Episode_Reward/action_rate_l2: -1.1172
       Episode_Reward/crouch_glide_pose: 4.4738
    Episode_Reward/crouch_glide_pose_l1: -0.4022
           Episode_Reward/forward_speed: 1.8589
  Episode_Reward/forward_speed_tracking: 5.1084
            Episode_Reward/heading_hold: 0.3232
     Episode_Reward/crouch_forward_lean: 0.3756
               Episode_Reward/feet_flat: -0.0749
         Episode_Reward/self_collisions: -0.0058
     Episode_Reward/neck_action_rate_l2: -0.1830
        Episode_Reward/joint_torques_l2: -0.0006
        Episode_Metrics/mean_action_acc: 0.4627
          Curriculum/action_rate_weight: -0.5000
                   Curriculum/com_range: 0.0030
              Curriculum/head_com_range: 0.0030
           Episode_Termination/time_out: 2.8750
          Episode_Termination/fell_over: 0.1667
Episode_Termination/out_of_terrain_bounds: 0.0000
          Episode_Termination/nan_state: 0.0000
          Metrics/angular_momentum_mean: 0.0036
--------------------------------------------------------------------------------
                         Iteration time: 2.99s
                           Time elapsed: 00:12:25
                                    ETA: 00:37:29

################################################################################
[1m                          Learning iteration 249/1000                           [0m 

                               Run name: dynamic-gate-4096x1000-20260901
                            Total steps: 24576000 
                       Steps per second: 31961 
                        Collection time: 2.883s 
                          Learning time: 0.193s 
                        Mean value loss: 0.1152
                    Mean surrogate loss: 0.0018
                      Mean entropy loss: -0.7453
                            Mean reward: 227.56
                    Mean episode length: 919.68
                        Mean action std: 0.23
                 Episode_Reward/upright: 1.7324
            Episode_Reward/body_ang_vel: -0.0682
        Episode_Reward/angular_momentum: -0.0000
          Episode_Reward/action_rate_l2: -1.0293
       Episode_Reward/crouch_glide_pose: 4.1234
    Episode_Reward/crouch_glide_pose_l1: -0.3739
           Episode_Reward/forward_speed: 1.7080
  Episode_Reward/forward_speed_tracking: 4.7134
            Episode_Reward/heading_hold: 0.3244
     Episode_Reward/crouch_forward_lean: 0.3390
               Episode_Reward/feet_flat: -0.0663
         Episode_Reward/self_collisions: -0.0069
     Episode_Reward/neck_action_rate_l2: -0.1681
        Episode_Reward/joint_torques_l2: -0.0005
        Episode_Metrics/mean_action_acc: 0.4609
          Curriculum/action_rate_weight: -0.5000
                   Curriculum/com_range: 0.0030
              Curriculum/head_com_range: 0.0030
           Episode_Termination/time_out: 2.8750
          Episode_Termination/fell_over: 0.2917
Episode_Termination/out_of_terrain_bounds: 0.0000
          Episode_Termination/nan_state: 0.0000
          Metrics/angular_momentum_mean: 0.0036
--------------------------------------------------------------------------------
                         Iteration time: 3.08s
                           Time elapsed: 00:12:29
                                    ETA: 00:37:27

################################################################################
[1m                          Learning iteration 250/1000                           [0m 

                               Run name: dynamic-gate-4096x1000-20260901
                            Total steps: 24674304 
                       Steps per second: 33116 
                        Collection time: 2.769s 
                          Learning time: 0.199s 
                        Mean value loss: 0.1685
                    Mean surrogate loss: -0.0038
                      Mean entropy loss: -0.7750
                            Mean reward: 235.29
                    Mean episode length: 947.90
                        Mean action std: 0.23
                 Episode_Reward/upright: 1.8347
            Episode_Reward/body_ang_vel: -0.0733
        Episode_Reward/angular_momentum: -0.0000
          Episode_Reward/action_rate_l2: -1.0979
       Episode_Reward/crouch_glide_pose: 4.3632
    Episode_Reward/crouch_glide_pose_l1: -0.3941
           Episode_Reward/forward_speed: 1.8155
  Episode_Reward/forward_speed_tracking: 5.0184
            Episode_Reward/heading_hold: 0.3051
     Episode_Reward/crouch_forward_lean: 0.3589
               Episode_Reward/feet_flat: -0.0683
         Episode_Reward/self_collisions: -0.0049
     Episode_Reward/neck_action_rate_l2: -0.1780
        Episode_Reward/joint_torques_l2: -0.0005
        Episode_Metrics/mean_action_acc: 0.4622
          Curriculum/action_rate_weight: -0.8000
                   Curriculum/com_range: 0.0030
              Curriculum/head_com_range: 0.0030
           Episode_Termination/time_out: 2.1667
          Episode_Termination/fell_over: 0.1250
Episode_Termination/out_of_terrain_bounds: 0.0000
          Episode_Termination/nan_state: 0.0000
          Metrics/angular_momentum_mean: 0.0036
--------------------------------------------------------------------------------
                         Iteration time: 2.97s
                           Time elapsed: 00:12:32
                                    ETA: 00:37:24

################################################################################
[1m                          Learning iteration 251/1000                           [0m 

                               Run name: dynamic-gate-4096x1000-20260901
                            Total steps: 24772608 
                       Steps per second: 33946 
                        Collection time: 2.700s 
                          Learning time: 0.196s 
                        Mean value loss: 0.0667
                    Mean surrogate loss: -0.0039
                      Mean entropy loss: -0.8834
                            Mean reward: 231.37
                    Mean episode length: 937.48
                        Mean action std: 0.23
                 Episode_Reward/upright: 1.7987
            Episode_Reward/body_ang_vel: -0.0711
        Episode_Reward/angular_momentum: -0.0000
          Episode_Reward/action_rate_l2: -1.0882
       Episode_Reward/crouch_glide_pose: 4.2915
    Episode_Reward/crouch_glide_pose_l1: -0.3857
           Episode_Reward/forward_speed: 1.7793
  Episode_Reward/forward_speed_tracking: 4.8969
            Episode_Reward/heading_hold: 0.2884
     Episode_Reward/crouch_forward_lean: 0.3573
               Episode_Reward/feet_flat: -0.0666
         Episode_Reward/self_collisions: -0.0050
     Episode_Reward/neck_action_rate_l2: -0.1748
        Episode_Reward/joint_torques_l2: -0.0005
        Episode_Metrics/mean_action_acc: 0.4618
          Curriculum/action_rate_weight: -0.8000
                   Curriculum/com_range: 0.0030
              Curriculum/head_com_range: 0.0030
           Episode_Termination/time_out: 2.9167
          Episode_Termination/fell_over: 0.2083
Episode_Termination/out_of_terrain_bounds: 0.0000
          Episode_Termination/nan_state: 0.0000
          Metrics/angular_momentum_mean: 0.0036
--------------------------------------------------------------------------------
                         Iteration time: 2.90s
                           Time elapsed: 00:12:34
                                    ETA: 00:37:20

################################################################################
[1m                          Learning iteration 252/1000                           [0m 

                               Run name: dynamic-gate-4096x1000-20260901
                            Total steps: 24870912 
                       Steps per second: 33191 
                        Collection time: 2.743s 
                          Learning time: 0.219s 
                        Mean value loss: 0.1052
                    Mean surrogate loss: -0.0025
                      Mean entropy loss: -0.9837
                            Mean reward: 237.59
                    Mean episode length: 961.45
                        Mean action std: 0.23
                 Episode_Reward/upright: 1.8740
            Episode_Reward/body_ang_vel: -0.0712
        Episode_Reward/angular_momentum: -0.0000
          Episode_Reward/action_rate_l2: -1.1407
       Episode_Reward/crouch_glide_pose: 4.4404
    Episode_Reward/crouch_glide_pose_l1: -0.3990
           Episode_Reward/forward_speed: 1.8453
  Episode_Reward/forward_speed_tracking: 5.1049
            Episode_Reward/heading_hold: 0.3301
     Episode_Reward/crouch_forward_lean: 0.3495
               Episode_Reward/feet_flat: -0.0703
         Episode_Reward/self_collisions: -0.0042
     Episode_Reward/neck_action_rate_l2: -0.1799
        Episode_Reward/joint_torques_l2: -0.0006
        Episode_Metrics/mean_action_acc: 0.4606
          Curriculum/action_rate_weight: -0.8000
                   Curriculum/com_range: 0.0030
              Curriculum/head_com_range: 0.0030
           Episode_Termination/time_out: 2.4167
          Episode_Termination/fell_over: 0.0833
Episode_Termination/out_of_terrain_bounds: 0.0000
          Episode_Termination/nan_state: 0.0000
          Metrics/angular_momentum_mean: 0.0036
--------------------------------------------------------------------------------
                         Iteration time: 2.96s
                           Time elapsed: 00:12:37
                                    ETA: 00:37:17

################################################################################
[1m                          Learning iteration 253/1000                           [0m 

                               Run name: dynamic-gate-4096x1000-20260901
                            Total steps: 24969216 
                       Steps per second: 34032 
                        Collection time: 2.696s 
                          Learning time: 0.193s 
                        Mean value loss: 0.1923
                    Mean surrogate loss: -0.0034
                      Mean entropy loss: -1.0550
                            Mean reward: 240.00
                    Mean episode length: 967.11
                        Mean action std: 0.23
                 Episode_Reward/upright: 1.8852
            Episode_Reward/body_ang_vel: -0.0740
        Episode_Reward/angular_momentum: -0.0000
          Episode_Reward/action_rate_l2: -1.1597
       Episode_Reward/crouch_glide_pose: 4.4870
    Episode_Reward/crouch_glide_pose_l1: -0.3991
           Episode_Reward/forward_speed: 1.8615
  Episode_Reward/forward_speed_tracking: 5.1484
            Episode_Reward/heading_hold: 0.3393
     Episode_Reward/crouch_forward_lean: 0.3714
               Episode_Reward/feet_flat: -0.0698
         Episode_Reward/self_collisions: -0.0049
     Episode_Reward/neck_action_rate_l2: -0.1806
        Episode_Reward/joint_torques_l2: -0.0006
        Episode_Metrics/mean_action_acc: 0.4602
          Curriculum/action_rate_weight: -0.8000
                   Curriculum/com_range: 0.0030
              Curriculum/head_com_range: 0.0030
           Episode_Termination/time_out: 3.3333
          Episode_Termination/fell_over: 0.0833
Episode_Termination/out_of_terrain_bounds: 0.0000
          Episode_Termination/nan_state: 0.0000
          Metrics/angular_momentum_mean: 0.0036
--------------------------------------------------------------------------------
                         Iteration time: 2.89s
                           Time elapsed: 00:12:40
                                    ETA: 00:37:14

################################################################################
[1m                          Learning iteration 254/1000                           [0m 

                               Run name: dynamic-gate-4096x1000-20260901
                            Total steps: 25067520 
                       Steps per second: 33252 
                        Collection time: 2.762s 
                          Learning time: 0.194s 
                        Mean value loss: 0.1367
                    Mean surrogate loss: -0.0025
                      Mean entropy loss: -1.0569
                            Mean reward: 235.54
                    Mean episode length: 952.54
                        Mean action std: 0.22
                 Episode_Reward/upright: 1.8372
            Episode_Reward/body_ang_vel: -0.0753
        Episode_Reward/angular_momentum: -0.0000
          Episode_Reward/action_rate_l2: -1.1468
       Episode_Reward/crouch_glide_pose: 4.3938
    Episode_Reward/crouch_glide_pose_l1: -0.3899
           Episode_Reward/forward_speed: 1.8118
  Episode_Reward/forward_speed_tracking: 4.9835
            Episode_Reward/heading_hold: 0.3234
     Episode_Reward/crouch_forward_lean: 0.3627
               Episode_Reward/feet_flat: -0.0716
         Episode_Reward/self_collisions: -0.0065
     Episode_Reward/neck_action_rate_l2: -0.1774
        Episode_Reward/joint_torques_l2: -0.0006
        Episode_Metrics/mean_action_acc: 0.4597
          Curriculum/action_rate_weight: -0.8000
                   Curriculum/com_range: 0.0030
              Curriculum/head_com_range: 0.0030
           Episode_Termination/time_out: 2.9167
          Episode_Termination/fell_over: 0.3333
Episode_Termination/out_of_terrain_bounds: 0.0000
          Episode_Termination/nan_state: 0.0000
          Metrics/angular_momentum_mean: 0.0036
--------------------------------------------------------------------------------
                         Iteration time: 2.96s
                           Time elapsed: 00:12:43
                                    ETA: 00:37:11

################################################################################
[1m                          Learning iteration 255/1000                           [0m 

                               Run name: dynamic-gate-4096x1000-20260901
                            Total steps: 25165824 
                       Steps per second: 33712 
                        Collection time: 2.717s 
                          Learning time: 0.199s 
                        Mean value loss: 0.1436
                    Mean surrogate loss: -0.0029
                      Mean entropy loss: -1.1295
                            Mean reward: 223.59
                    Mean episode length: 908.97
                        Mean action std: 0.22
                 Episode_Reward/upright: 1.7283
            Episode_Reward/body_ang_vel: -0.0701
        Episode_Reward/angular_momentum: -0.0000
          Episode_Reward/action_rate_l2: -1.1031
       Episode_Reward/crouch_glide_pose: 4.1616
    Episode_Reward/crouch_glide_pose_l1: -0.3726
           Episode_Reward/forward_speed: 1.7150
  Episode_Reward/forward_speed_tracking: 4.6900
            Episode_Reward/heading_hold: 0.3182
     Episode_Reward/crouch_forward_lean: 0.3367
               Episode_Reward/feet_flat: -0.0705
         Episode_Reward/self_collisions: -0.0059
     Episode_Reward/neck_action_rate_l2: -0.1680
        Episode_Reward/joint_torques_l2: -0.0005
        Episode_Metrics/mean_action_acc: 0.4578
          Curriculum/action_rate_weight: -0.8000
                   Curriculum/com_range: 0.0030
              Curriculum/head_com_range: 0.0030
           Episode_Termination/time_out: 2.7500
          Episode_Termination/fell_over: 0.3333
Episode_Termination/out_of_terrain_bounds: 0.0000
          Episode_Termination/nan_state: 0.0000
          Metrics/angular_momentum_mean: 0.0036
--------------------------------------------------------------------------------
                         Iteration time: 2.92s
                           Time elapsed: 00:12:46
                                    ETA: 00:37:08

################################################################################
[1m                          Learning iteration 256/1000                           [0m 

                               Run name: dynamic-gate-4096x1000-20260901
                            Total steps: 25264128 
                       Steps per second: 33741 
                        Collection time: 2.705s 
                          Learning time: 0.209s 
                        Mean value loss: 0.1769
                    Mean surrogate loss: -0.0011
                      Mean entropy loss: -1.1299
                            Mean reward: 235.50
                    Mean episode length: 950.47
                        Mean action std: 0.22
                 Episode_Reward/upright: 1.8190
            Episode_Reward/body_ang_vel: -0.0720
        Episode_Reward/angular_momentum: -0.0000
          Episode_Reward/action_rate_l2: -1.1585
       Episode_Reward/crouch_glide_pose: 4.3420
    Episode_Reward/crouch_glide_pose_l1: -0.3841
           Episode_Reward/forward_speed: 1.7946
  Episode_Reward/forward_speed_tracking: 4.9693
            Episode_Reward/heading_hold: 0.3578
     Episode_Reward/crouch_forward_lean: 0.3633
               Episode_Reward/feet_flat: -0.0685
         Episode_Reward/self_collisions: -0.0059
     Episode_Reward/neck_action_rate_l2: -0.1752
        Episode_Reward/joint_torques_l2: -0.0005
        Episode_Metrics/mean_action_acc: 0.4572
          Curriculum/action_rate_weight: -0.8000
                   Curriculum/com_range: 0.0030
              Curriculum/head_com_range: 0.0030
           Episode_Termination/time_out: 2.7083
          Episode_Termination/fell_over: 0.1667
Episode_Termination/out_of_terrain_bounds: 0.0000
          Episode_Termination/nan_state: 0.0000
          Metrics/angular_momentum_mean: 0.0036
--------------------------------------------------------------------------------
                         Iteration time: 2.91s
                           Time elapsed: 00:12:49
                                    ETA: 00:37:04

################################################################################
[1m                          Learning iteration 257/1000                           [0m 

                               Run name: dynamic-gate-4096x1000-20260901
                            Total steps: 25362432 
                       Steps per second: 33006 
                        Collection time: 2.780s 
                          Learning time: 0.198s 
                        Mean value loss: 0.1077
                    Mean surrogate loss: -0.0030
                      Mean entropy loss: -1.1677
                            Mean reward: 226.35
                    Mean episode length: 919.01
                        Mean action std: 0.22
                 Episode_Reward/upright: 1.7878
            Episode_Reward/body_ang_vel: -0.0716
        Episode_Reward/angular_momentum: -0.0000
          Episode_Reward/action_rate_l2: -1.1592
       Episode_Reward/crouch_glide_pose: 4.2972
    Episode_Reward/crouch_glide_pose_l1: -0.3817
           Episode_Reward/forward_speed: 1.7690
  Episode_Reward/forward_speed_tracking: 4.8655
            Episode_Reward/heading_hold: 0.2484
     Episode_Reward/crouch_forward_lean: 0.3531
               Episode_Reward/feet_flat: -0.0718
         Episode_Reward/self_collisions: -0.0080
     Episode_Reward/neck_action_rate_l2: -0.1722
        Episode_Reward/joint_torques_l2: -0.0005
        Episode_Metrics/mean_action_acc: 0.4574
          Curriculum/action_rate_weight: -0.8000
                   Curriculum/com_range: 0.0030
              Curriculum/head_com_range: 0.0030
           Episode_Termination/time_out: 2.0417
          Episode_Termination/fell_over: 0.2917
Episode_Termination/out_of_terrain_bounds: 0.0000
          Episode_Termination/nan_state: 0.0000
          Metrics/angular_momentum_mean: 0.0036
--------------------------------------------------------------------------------
                         Iteration time: 2.98s
                           Time elapsed: 00:12:52
                                    ETA: 00:37:01

################################################################################
[1m                          Learning iteration 258/1000                           [0m 

                               Run name: dynamic-gate-4096x1000-20260901
                            Total steps: 25460736 
                       Steps per second: 33960 
                        Collection time: 2.700s 
                          Learning time: 0.194s 
                        Mean value loss: 0.1546
                    Mean surrogate loss: -0.0039
                      Mean entropy loss: -1.2362
                            Mean reward: 234.97
                    Mean episode length: 952.38
                        Mean action std: 0.22
                 Episode_Reward/upright: 1.8808
            Episode_Reward/body_ang_vel: -0.0708
        Episode_Reward/angular_momentum: -0.0000
          Episode_Reward/action_rate_l2: -1.2200
       Episode_Reward/crouch_glide_pose: 4.4949
    Episode_Reward/crouch_glide_pose_l1: -0.3936
           Episode_Reward/forward_speed: 1.8546
  Episode_Reward/forward_speed_tracking: 5.1408
            Episode_Reward/heading_hold: 0.2973
     Episode_Reward/crouch_forward_lean: 0.3726
               Episode_Reward/feet_flat: -0.0688
         Episode_Reward/self_collisions: -0.0041
     Episode_Reward/neck_action_rate_l2: -0.1809
        Episode_Reward/joint_torques_l2: -0.0005
        Episode_Metrics/mean_action_acc: 0.4578
          Curriculum/action_rate_weight: -0.8000
                   Curriculum/com_range: 0.0030
              Curriculum/head_com_range: 0.0030
           Episode_Termination/time_out: 3.2083
          Episode_Termination/fell_over: 0.0833
Episode_Termination/out_of_terrain_bounds: 0.0000
          Episode_Termination/nan_state: 0.0000
          Metrics/angular_momentum_mean: 0.0036
--------------------------------------------------------------------------------
                         Iteration time: 2.89s
                           Time elapsed: 00:12:55
                                    ETA: 00:36:58

################################################################################
[1m                          Learning iteration 259/1000                           [0m 

                               Run name: dynamic-gate-4096x1000-20260901
                            Total steps: 25559040 
                       Steps per second: 32385 
                        Collection time: 2.838s 
                          Learning time: 0.197s 
                        Mean value loss: 0.1673
                    Mean surrogate loss: -0.0013
                      Mean entropy loss: -1.2601
                            Mean reward: 232.28
                    Mean episode length: 938.88
                        Mean action std: 0.22
                 Episode_Reward/upright: 1.7945
            Episode_Reward/body_ang_vel: -0.0703
        Episode_Reward/angular_momentum: -0.0000
          Episode_Reward/action_rate_l2: -1.1771
       Episode_Reward/crouch_glide_pose: 4.3054
    Episode_Reward/crouch_glide_pose_l1: -0.3786
           Episode_Reward/forward_speed: 1.7731
  Episode_Reward/forward_speed_tracking: 4.9072
            Episode_Reward/heading_hold: 0.3617
     Episode_Reward/crouch_forward_lean: 0.3659
               Episode_Reward/feet_flat: -0.0695
         Episode_Reward/self_collisions: -0.0065
     Episode_Reward/neck_action_rate_l2: -0.1711
        Episode_Reward/joint_torques_l2: -0.0005
        Episode_Metrics/mean_action_acc: 0.4559
          Curriculum/action_rate_weight: -0.8000
                   Curriculum/com_range: 0.0030
              Curriculum/head_com_range: 0.0030
           Episode_Termination/time_out: 3.0417
          Episode_Termination/fell_over: 0.2917
Episode_Termination/out_of_terrain_bounds: 0.0000
          Episode_Termination/nan_state: 0.0000
          Metrics/angular_momentum_mean: 0.0036
--------------------------------------------------------------------------------
                         Iteration time: 3.04s
                           Time elapsed: 00:12:58
                                    ETA: 00:36:55

################################################################################
[1m                          Learning iteration 260/1000                           [0m 

                               Run name: dynamic-gate-4096x1000-20260901
                            Total steps: 25657344 
                       Steps per second: 33200 
                        Collection time: 2.772s 
                          Learning time: 0.189s 
                        Mean value loss: 0.1950
                    Mean surrogate loss: -0.0037
                      Mean entropy loss: -1.2742
                            Mean reward: 233.06
                    Mean episode length: 943.65
                        Mean action std: 0.22
                 Episode_Reward/upright: 1.7990
            Episode_Reward/body_ang_vel: -0.0707
        Episode_Reward/angular_momentum: -0.0000
          Episode_Reward/action_rate_l2: -1.1956
       Episode_Reward/crouch_glide_pose: 4.2855
    Episode_Reward/crouch_glide_pose_l1: -0.3809
           Episode_Reward/forward_speed: 1.7684
  Episode_Reward/forward_speed_tracking: 4.8823
            Episode_Reward/heading_hold: 0.3353
     Episode_Reward/crouch_forward_lean: 0.3419
               Episode_Reward/feet_flat: -0.0712
         Episode_Reward/self_collisions: -0.0068
     Episode_Reward/neck_action_rate_l2: -0.1711
        Episode_Reward/joint_torques_l2: -0.0005
        Episode_Metrics/mean_action_acc: 0.4564
          Curriculum/action_rate_weight: -0.8000
                   Curriculum/com_range: 0.0030
              Curriculum/head_com_range: 0.0030
           Episode_Termination/time_out: 2.7500
          Episode_Termination/fell_over: 0.2500
Episode_Termination/out_of_terrain_bounds: 0.0000
          Episode_Termination/nan_state: 0.0000
          Metrics/angular_momentum_mean: 0.0036
--------------------------------------------------------------------------------
                         Iteration time: 2.96s
                           Time elapsed: 00:13:01
                                    ETA: 00:36:52

################################################################################
[1m                          Learning iteration 261/1000                           [0m 

                               Run name: dynamic-gate-4096x1000-20260901
                            Total steps: 25755648 
                       Steps per second: 33997 
                        Collection time: 2.698s 
                          Learning time: 0.194s 
                        Mean value loss: 0.1374
                    Mean surrogate loss: -0.0041
                      Mean entropy loss: -1.3051
                            Mean reward: 235.82
                    Mean episode length: 953.50
                        Mean action std: 0.22
                 Episode_Reward/upright: 1.8013
            Episode_Reward/body_ang_vel: -0.0732
        Episode_Reward/angular_momentum: -0.0000
          Episode_Reward/action_rate_l2: -1.2038
       Episode_Reward/crouch_glide_pose: 4.3186
    Episode_Reward/crouch_glide_pose_l1: -0.3806
           Episode_Reward/forward_speed: 1.7822
  Episode_Reward/forward_speed_tracking: 4.9121
            Episode_Reward/heading_hold: 0.3310
     Episode_Reward/crouch_forward_lean: 0.3508
               Episode_Reward/feet_flat: -0.0696
         Episode_Reward/self_collisions: -0.0081
     Episode_Reward/neck_action_rate_l2: -0.1716
        Episode_Reward/joint_torques_l2: -0.0005
        Episode_Metrics/mean_action_acc: 0.4550
          Curriculum/action_rate_weight: -0.8000
                   Curriculum/com_range: 0.0030
              Curriculum/head_com_range: 0.0030
           Episode_Termination/time_out: 3.0833
          Episode_Termination/fell_over: 0.2500
Episode_Termination/out_of_terrain_bounds: 0.0000
          Episode_Termination/nan_state: 0.0000
          Metrics/angular_momentum_mean: 0.0036
--------------------------------------------------------------------------------
                         Iteration time: 2.89s
                           Time elapsed: 00:13:04
                                    ETA: 00:36:49

################################################################################
[1m                          Learning iteration 262/1000                           [0m 

                               Run name: dynamic-gate-4096x1000-20260901
                            Total steps: 25853952 
                       Steps per second: 33949 
                        Collection time: 2.704s 
                          Learning time: 0.192s 
                        Mean value loss: 0.2169
                    Mean surrogate loss: -0.0021
                      Mean entropy loss: -1.3383
                            Mean reward: 239.68
                    Mean episode length: 967.97
                        Mean action std: 0.22
                 Episode_Reward/upright: 1.8579
            Episode_Reward/body_ang_vel: -0.0705
        Episode_Reward/angular_momentum: -0.0000
          Episode_Reward/action_rate_l2: -1.2520
       Episode_Reward/crouch_glide_pose: 4.4509
    Episode_Reward/crouch_glide_pose_l1: -0.3871
           Episode_Reward/forward_speed: 1.8328
  Episode_Reward/forward_speed_tracking: 5.0883
            Episode_Reward/heading_hold: 0.3657
     Episode_Reward/crouch_forward_lean: 0.3759
               Episode_Reward/feet_flat: -0.0670
         Episode_Reward/self_collisions: -0.0053
     Episode_Reward/neck_action_rate_l2: -0.1769
        Episode_Reward/joint_torques_l2: -0.0005
        Episode_Metrics/mean_action_acc: 0.4542
          Curriculum/action_rate_weight: -0.8000
                   Curriculum/com_range: 0.0030
              Curriculum/head_com_range: 0.0030
           Episode_Termination/time_out: 3.0417
          Episode_Termination/fell_over: 0.1667
Episode_Termination/out_of_terrain_bounds: 0.0000
          Episode_Termination/nan_state: 0.0000
          Metrics/angular_momentum_mean: 0.0036
--------------------------------------------------------------------------------
                         Iteration time: 2.90s
                           Time elapsed: 00:13:07
                                    ETA: 00:36:45

################################################################################
[1m                          Learning iteration 263/1000                           [0m 

                               Run name: dynamic-gate-4096x1000-20260901
                            Total steps: 25952256 
                       Steps per second: 33702 
                        Collection time: 2.712s 
                          Learning time: 0.205s 
                        Mean value loss: 0.1831
                    Mean surrogate loss: -0.0025
                      Mean entropy loss: -1.3439
                            Mean reward: 235.47
                    Mean episode length: 953.16
                        Mean action std: 0.22
                 Episode_Reward/upright: 1.8039
            Episode_Reward/body_ang_vel: -0.0700
        Episode_Reward/angular_momentum: -0.0000
          Episode_Reward/action_rate_l2: -1.2248
       Episode_Reward/crouch_glide_pose: 4.3409
    Episode_Reward/crouch_glide_pose_l1: -0.3793
           Episode_Reward/forward_speed: 1.7839
  Episode_Reward/forward_speed_tracking: 4.9355
            Episode_Reward/heading_hold: 0.3585
     Episode_Reward/crouch_forward_lean: 0.3583
               Episode_Reward/feet_flat: -0.0653
         Episode_Reward/self_collisions: -0.0055
     Episode_Reward/neck_action_rate_l2: -0.1702
        Episode_Reward/joint_torques_l2: -0.0005
        Episode_Metrics/mean_action_acc: 0.4519
          Curriculum/action_rate_weight: -0.8000
                   Curriculum/com_range: 0.0030
              Curriculum/head_com_range: 0.0030
           Episode_Termination/time_out: 3.9583
          Episode_Termination/fell_over: 0.2500
Episode_Termination/out_of_terrain_bounds: 0.0000
          Episode_Termination/nan_state: 0.0000
          Metrics/angular_momentum_mean: 0.0036
--------------------------------------------------------------------------------
                         Iteration time: 2.92s
                           Time elapsed: 00:13:10
                                    ETA: 00:36:42

################################################################################
[1m                          Learning iteration 264/1000                           [0m 

                               Run name: dynamic-gate-4096x1000-20260901
                            Total steps: 26050560 
                       Steps per second: 33167 
                        Collection time: 2.776s 
                          Learning time: 0.188s 
                        Mean value loss: 0.2546
                    Mean surrogate loss: -0.0033
                      Mean entropy loss: -1.3515
                            Mean reward: 237.47
                    Mean episode length: 958.94
                        Mean action std: 0.22
                 Episode_Reward/upright: 1.8287
            Episode_Reward/body_ang_vel: -0.0701
        Episode_Reward/angular_momentum: -0.0000
          Episode_Reward/action_rate_l2: -1.2491
       Episode_Reward/crouch_glide_pose: 4.4001
    Episode_Reward/crouch_glide_pose_l1: -0.3826
           Episode_Reward/forward_speed: 1.8050
  Episode_Reward/forward_speed_tracking: 5.0070
            Episode_Reward/heading_hold: 0.3426
     Episode_Reward/crouch_forward_lean: 0.3772
               Episode_Reward/feet_flat: -0.0660
         Episode_Reward/self_collisions: -0.0058
     Episode_Reward/neck_action_rate_l2: -0.1713
        Episode_Reward/joint_torques_l2: -0.0005
        Episode_Metrics/mean_action_acc: 0.4518
          Curriculum/action_rate_weight: -0.8000
                   Curriculum/com_range: 0.0030
              Curriculum/head_com_range: 0.0030
           Episode_Termination/time_out: 5.2083
          Episode_Termination/fell_over: 0.3333
Episode_Termination/out_of_terrain_bounds: 0.0000
          Episode_Termination/nan_state: 0.0000
          Metrics/angular_momentum_mean: 0.0036
--------------------------------------------------------------------------------
                         Iteration time: 2.96s
                           Time elapsed: 00:13:13
                                    ETA: 00:36:39

################################################################################
[1m                          Learning iteration 265/1000                           [0m 

                               Run name: dynamic-gate-4096x1000-20260901
                            Total steps: 26148864 
                       Steps per second: 33698 
                        Collection time: 2.731s 
                          Learning time: 0.187s 
                        Mean value loss: 0.2514
                    Mean surrogate loss: -0.0027
                      Mean entropy loss: -1.3052
                            Mean reward: 243.94
                    Mean episode length: 990.13
                        Mean action std: 0.22
                 Episode_Reward/upright: 1.8541
            Episode_Reward/body_ang_vel: -0.0706
        Episode_Reward/angular_momentum: -0.0000
          Episode_Reward/action_rate_l2: -1.2732
       Episode_Reward/crouch_glide_pose: 4.4510
    Episode_Reward/crouch_glide_pose_l1: -0.3862
           Episode_Reward/forward_speed: 1.8258
  Episode_Reward/forward_speed_tracking: 5.0639
            Episode_Reward/heading_hold: 0.3348
     Episode_Reward/crouch_forward_lean: 0.3718
               Episode_Reward/feet_flat: -0.0659
         Episode_Reward/self_collisions: -0.0054
     Episode_Reward/neck_action_rate_l2: -0.1739
        Episode_Reward/joint_torques_l2: -0.0005
        Episode_Metrics/mean_action_acc: 0.4510
          Curriculum/action_rate_weight: -0.8000
                   Curriculum/com_range: 0.0030
              Curriculum/head_com_range: 0.0030
           Episode_Termination/time_out: 7.0000
          Episode_Termination/fell_over: 0.4167
Episode_Termination/out_of_terrain_bounds: 0.0000
          Episode_Termination/nan_state: 0.0000
          Metrics/angular_momentum_mean: 0.0037
--------------------------------------------------------------------------------
                         Iteration time: 2.92s
                           Time elapsed: 00:13:15
                                    ETA: 00:36:36

################################################################################
[1m                          Learning iteration 266/1000                           [0m 

                               Run name: dynamic-gate-4096x1000-20260901
                            Total steps: 26247168 
                       Steps per second: 32612 
                        Collection time: 2.819s 
                          Learning time: 0.195s 
                        Mean value loss: 0.2145
                    Mean surrogate loss: -0.0033
                      Mean entropy loss: -1.2774
                            Mean reward: 232.99
                    Mean episode length: 950.31
                        Mean action std: 0.22
                 Episode_Reward/upright: 1.8394
            Episode_Reward/body_ang_vel: -0.0695
        Episode_Reward/angular_momentum: -0.0000
          Episode_Reward/action_rate_l2: -1.2779
       Episode_Reward/crouch_glide_pose: 4.4071
    Episode_Reward/crouch_glide_pose_l1: -0.3834
           Episode_Reward/forward_speed: 1.8060
  Episode_Reward/forward_speed_tracking: 5.0032
            Episode_Reward/heading_hold: 0.3398
     Episode_Reward/crouch_forward_lean: 0.3636
               Episode_Reward/feet_flat: -0.0662
         Episode_Reward/self_collisions: -0.0056
     Episode_Reward/neck_action_rate_l2: -0.1717
        Episode_Reward/joint_torques_l2: -0.0005
        Episode_Metrics/mean_action_acc: 0.4503
          Curriculum/action_rate_weight: -0.8000
                   Curriculum/com_range: 0.0030
              Curriculum/head_com_range: 0.0030
           Episode_Termination/time_out: 7.8333
          Episode_Termination/fell_over: 0.5417
Episode_Termination/out_of_terrain_bounds: 0.0000
          Episode_Termination/nan_state: 0.0000
          Metrics/angular_momentum_mean: 0.0037
--------------------------------------------------------------------------------
                         Iteration time: 3.01s
                           Time elapsed: 00:13:19
                                    ETA: 00:36:33

################################################################################
[1m                          Learning iteration 267/1000                           [0m 

                               Run name: dynamic-gate-4096x1000-20260901
                            Total steps: 26345472 
                       Steps per second: 31260 
                        Collection time: 2.917s 
                          Learning time: 0.227s 
                        Mean value loss: 0.1572
                    Mean surrogate loss: -0.0029
                      Mean entropy loss: -1.3033
                            Mean reward: 243.32
                    Mean episode length: 980.83
                        Mean action std: 0.22
                 Episode_Reward/upright: 1.8950
            Episode_Reward/body_ang_vel: -0.0702
        Episode_Reward/angular_momentum: -0.0000
          Episode_Reward/action_rate_l2: -1.3172
       Episode_Reward/crouch_glide_pose: 4.5380
    Episode_Reward/crouch_glide_pose_l1: -0.3919
           Episode_Reward/forward_speed: 1.8589
  Episode_Reward/forward_speed_tracking: 5.1687
            Episode_Reward/heading_hold: 0.3579
     Episode_Reward/crouch_forward_lean: 0.3799
               Episode_Reward/feet_flat: -0.0674
         Episode_Reward/self_collisions: -0.0048
     Episode_Reward/neck_action_rate_l2: -0.1761
        Episode_Reward/joint_torques_l2: -0.0005
        Episode_Metrics/mean_action_acc: 0.4498
          Curriculum/action_rate_weight: -0.8000
                   Curriculum/com_range: 0.0030
              Curriculum/head_com_range: 0.0030
           Episode_Termination/time_out: 9.8333
          Episode_Termination/fell_over: 0.2500
Episode_Termination/out_of_terrain_bounds: 0.0000
          Episode_Termination/nan_state: 0.0000
          Metrics/angular_momentum_mean: 0.0037
--------------------------------------------------------------------------------
                         Iteration time: 3.14s
                           Time elapsed: 00:13:22
                                    ETA: 00:36:30

################################################################################
[1m                          Learning iteration 268/1000                           [0m 

                               Run name: dynamic-gate-4096x1000-20260901
                            Total steps: 26443776 
                       Steps per second: 30510 
                        Collection time: 3.014s 
                          Learning time: 0.208s 
                        Mean value loss: 0.3492
                    Mean surrogate loss: -0.0031
                      Mean entropy loss: -1.2922
                            Mean reward: 236.57
                    Mean episode length: 955.54
                        Mean action std: 0.22
                 Episode_Reward/upright: 1.8438
            Episode_Reward/body_ang_vel: -0.0690
        Episode_Reward/angular_momentum: -0.0000
          Episode_Reward/action_rate_l2: -1.2977
       Episode_Reward/crouch_glide_pose: 4.4197
    Episode_Reward/crouch_glide_pose_l1: -0.3804
           Episode_Reward/forward_speed: 1.8097
  Episode_Reward/forward_speed_tracking: 5.0296
            Episode_Reward/heading_hold: 0.3567
     Episode_Reward/crouch_forward_lean: 0.3647
               Episode_Reward/feet_flat: -0.0666
         Episode_Reward/self_collisions: -0.0053
     Episode_Reward/neck_action_rate_l2: -0.1711
        Episode_Reward/joint_torques_l2: -0.0005
        Episode_Metrics/mean_action_acc: 0.4490
          Curriculum/action_rate_weight: -0.8000
                   Curriculum/com_range: 0.0030
              Curriculum/head_com_range: 0.0030
           Episode_Termination/time_out: 9.7917
          Episode_Termination/fell_over: 0.5417
Episode_Termination/out_of_terrain_bounds: 0.0000
          Episode_Termination/nan_state: 0.0000
          Metrics/angular_momentum_mean: 0.0037
--------------------------------------------------------------------------------
                         Iteration time: 3.22s
                           Time elapsed: 00:13:25
                                    ETA: 00:36:28

################################################################################
[1m                          Learning iteration 269/1000                           [0m 

                               Run name: dynamic-gate-4096x1000-20260901
                            Total steps: 26542080 
                       Steps per second: 30845 
                        Collection time: 2.968s 
                          Learning time: 0.219s 
                        Mean value loss: 0.2490
                    Mean surrogate loss: -0.0037
                      Mean entropy loss: -1.2527
                            Mean reward: 242.89
                    Mean episode length: 980.63
                        Mean action std: 0.22
                 Episode_Reward/upright: 1.8620
            Episode_Reward/body_ang_vel: -0.0695
        Episode_Reward/angular_momentum: -0.0000
          Episode_Reward/action_rate_l2: -1.3171
       Episode_Reward/crouch_glide_pose: 4.4761
    Episode_Reward/crouch_glide_pose_l1: -0.3824
           Episode_Reward/forward_speed: 1.8309
  Episode_Reward/forward_speed_tracking: 5.0848
            Episode_Reward/heading_hold: 0.3789
     Episode_Reward/crouch_forward_lean: 0.3691
               Episode_Reward/feet_flat: -0.0656
         Episode_Reward/self_collisions: -0.0043
     Episode_Reward/neck_action_rate_l2: -0.1719
        Episode_Reward/joint_torques_l2: -0.0005
        Episode_Metrics/mean_action_acc: 0.4476
          Curriculum/action_rate_weight: -0.8000
                   Curriculum/com_range: 0.0030
              Curriculum/head_com_range: 0.0030
           Episode_Termination/time_out: 9.7083
          Episode_Termination/fell_over: 0.5000
Episode_Termination/out_of_terrain_bounds: 0.0000
          Episode_Termination/nan_state: 0.0000
          Metrics/angular_momentum_mean: 0.0037
--------------------------------------------------------------------------------
                         Iteration time: 3.19s
                           Time elapsed: 00:13:28
                                    ETA: 00:36:26

################################################################################
[1m                          Learning iteration 270/1000                           [0m 

                               Run name: dynamic-gate-4096x1000-20260901
                            Total steps: 26640384 
                       Steps per second: 30009 
                        Collection time: 3.057s 
                          Learning time: 0.219s 
                        Mean value loss: 0.2284
                    Mean surrogate loss: -0.0030
                      Mean entropy loss: -1.2452
                            Mean reward: 235.42
                    Mean episode length: 951.99
                        Mean action std: 0.22
                 Episode_Reward/upright: 1.8225
            Episode_Reward/body_ang_vel: -0.0684
        Episode_Reward/angular_momentum: -0.0000
          Episode_Reward/action_rate_l2: -1.3016
       Episode_Reward/crouch_glide_pose: 4.3650
    Episode_Reward/crouch_glide_pose_l1: -0.3759
           Episode_Reward/forward_speed: 1.7884
  Episode_Reward/forward_speed_tracking: 4.9717
            Episode_Reward/heading_hold: 0.3462
     Episode_Reward/crouch_forward_lean: 0.3572
               Episode_Reward/feet_flat: -0.0657
         Episode_Reward/self_collisions: -0.0054
     Episode_Reward/neck_action_rate_l2: -0.1684
        Episode_Reward/joint_torques_l2: -0.0005
        Episode_Metrics/mean_action_acc: 0.4465
          Curriculum/action_rate_weight: -0.8000
                   Curriculum/com_range: 0.0030
              Curriculum/head_com_range: 0.0030
           Episode_Termination/time_out: 8.4583
          Episode_Termination/fell_over: 0.5000
Episode_Termination/out_of_terrain_bounds: 0.0000
          Episode_Termination/nan_state: 0.0000
          Metrics/angular_momentum_mean: 0.0037
--------------------------------------------------------------------------------
                         Iteration time: 3.28s
                           Time elapsed: 00:13:31
                                    ETA: 00:36:23

################################################################################
[1m                          Learning iteration 271/1000                           [0m 

                               Run name: dynamic-gate-4096x1000-20260901
                            Total steps: 26738688 
                       Steps per second: 28729 
                        Collection time: 3.202s 
                          Learning time: 0.220s 
                        Mean value loss: 0.2244
                    Mean surrogate loss: -0.0019
                      Mean entropy loss: -1.1927
                            Mean reward: 233.15
                    Mean episode length: 942.67
                        Mean action std: 0.22
                 Episode_Reward/upright: 1.8444
            Episode_Reward/body_ang_vel: -0.0694
        Episode_Reward/angular_momentum: -0.0000
          Episode_Reward/action_rate_l2: -1.3285
       Episode_Reward/crouch_glide_pose: 4.4196
    Episode_Reward/crouch_glide_pose_l1: -0.3789
           Episode_Reward/forward_speed: 1.8124
  Episode_Reward/forward_speed_tracking: 5.0394
            Episode_Reward/heading_hold: 0.3874
     Episode_Reward/crouch_forward_lean: 0.3646
               Episode_Reward/feet_flat: -0.0658
         Episode_Reward/self_collisions: -0.0043
     Episode_Reward/neck_action_rate_l2: -0.1698
        Episode_Reward/joint_torques_l2: -0.0005
        Episode_Metrics/mean_action_acc: 0.4472
          Curriculum/action_rate_weight: -0.8000
                   Curriculum/com_range: 0.0030
              Curriculum/head_com_range: 0.0030
           Episode_Termination/time_out: 7.8333
          Episode_Termination/fell_over: 0.4583
Episode_Termination/out_of_terrain_bounds: 0.0000
          Episode_Termination/nan_state: 0.0000
          Metrics/angular_momentum_mean: 0.0037
--------------------------------------------------------------------------------
                         Iteration time: 3.42s
                           Time elapsed: 00:13:35
                                    ETA: 00:36:22

################################################################################
[1m                          Learning iteration 272/1000                           [0m 

                               Run name: dynamic-gate-4096x1000-20260901
                            Total steps: 26836992 
                       Steps per second: 27547 
                        Collection time: 3.305s 
                          Learning time: 0.264s 
                        Mean value loss: 0.1418
                    Mean surrogate loss: -0.0026
                      Mean entropy loss: -1.2235
                            Mean reward: 231.21
                    Mean episode length: 940.45
                        Mean action std: 0.22
                 Episode_Reward/upright: 1.8160
            Episode_Reward/body_ang_vel: -0.0695
        Episode_Reward/angular_momentum: -0.0000
          Episode_Reward/action_rate_l2: -1.3205
       Episode_Reward/crouch_glide_pose: 4.3613
    Episode_Reward/crouch_glide_pose_l1: -0.3757
           Episode_Reward/forward_speed: 1.7877
  Episode_Reward/forward_speed_tracking: 4.9722
            Episode_Reward/heading_hold: 0.3740
     Episode_Reward/crouch_forward_lean: 0.3612
               Episode_Reward/feet_flat: -0.0664
         Episode_Reward/self_collisions: -0.0054
     Episode_Reward/neck_action_rate_l2: -0.1673
        Episode_Reward/joint_torques_l2: -0.0005
        Episode_Metrics/mean_action_acc: 0.4456
          Curriculum/action_rate_weight: -0.8000
                   Curriculum/com_range: 0.0030
              Curriculum/head_com_range: 0.0030
           Episode_Termination/time_out: 7.2500
          Episode_Termination/fell_over: 0.5000
Episode_Termination/out_of_terrain_bounds: 0.0000
          Episode_Termination/nan_state: 0.0000
          Metrics/angular_momentum_mean: 0.0037
--------------------------------------------------------------------------------
                         Iteration time: 3.57s
                           Time elapsed: 00:13:38
                                    ETA: 00:36:20

################################################################################
[1m                          Learning iteration 273/1000                           [0m 

                               Run name: dynamic-gate-4096x1000-20260901
                            Total steps: 26935296 
                       Steps per second: 29787 
                        Collection time: 3.091s 
                          Learning time: 0.209s 
                        Mean value loss: 0.2177
                    Mean surrogate loss: -0.0019
                      Mean entropy loss: -1.2423
                            Mean reward: 240.39
                    Mean episode length: 978.46
                        Mean action std: 0.22
                 Episode_Reward/upright: 1.8764
            Episode_Reward/body_ang_vel: -0.0703
        Episode_Reward/angular_momentum: -0.0000
          Episode_Reward/action_rate_l2: -1.3733
       Episode_Reward/crouch_glide_pose: 4.5017
    Episode_Reward/crouch_glide_pose_l1: -0.3853
           Episode_Reward/forward_speed: 1.8431
  Episode_Reward/forward_speed_tracking: 5.1165
            Episode_Reward/heading_hold: 0.3847
     Episode_Reward/crouch_forward_lean: 0.3660
               Episode_Reward/feet_flat: -0.0678
         Episode_Reward/self_collisions: -0.0041
     Episode_Reward/neck_action_rate_l2: -0.1717
        Episode_Reward/joint_torques_l2: -0.0005
        Episode_Metrics/mean_action_acc: 0.4456
          Curriculum/action_rate_weight: -0.8000
                   Curriculum/com_range: 0.0030
              Curriculum/head_com_range: 0.0030
           Episode_Termination/time_out: 7.5417
          Episode_Termination/fell_over: 0.2083
Episode_Termination/out_of_terrain_bounds: 0.0000
          Episode_Termination/nan_state: 0.0000
          Metrics/angular_momentum_mean: 0.0037
--------------------------------------------------------------------------------
                         Iteration time: 3.30s
                           Time elapsed: 00:13:42
                                    ETA: 00:36:18

################################################################################
[1m                          Learning iteration 274/1000                           [0m 

                               Run name: dynamic-gate-4096x1000-20260901
                            Total steps: 27033600 
                       Steps per second: 29601 
                        Collection time: 3.096s 
                          Learning time: 0.225s 
                        Mean value loss: 0.1725
                    Mean surrogate loss: -0.0023
                      Mean entropy loss: -1.2523
                            Mean reward: 236.20
                    Mean episode length: 957.36
                        Mean action std: 0.22
                 Episode_Reward/upright: 1.8249
            Episode_Reward/body_ang_vel: -0.0693
        Episode_Reward/angular_momentum: -0.0000
          Episode_Reward/action_rate_l2: -1.3470
       Episode_Reward/crouch_glide_pose: 4.4060
    Episode_Reward/crouch_glide_pose_l1: -0.3734
           Episode_Reward/forward_speed: 1.7973
  Episode_Reward/forward_speed_tracking: 4.9913
            Episode_Reward/heading_hold: 0.3645
     Episode_Reward/crouch_forward_lean: 0.3679
               Episode_Reward/feet_flat: -0.0654
         Episode_Reward/self_collisions: -0.0042
     Episode_Reward/neck_action_rate_l2: -0.1669
        Episode_Reward/joint_torques_l2: -0.0005
        Episode_Metrics/mean_action_acc: 0.4436
          Curriculum/action_rate_weight: -0.8000
                   Curriculum/com_range: 0.0030
              Curriculum/head_com_range: 0.0030
           Episode_Termination/time_out: 5.3333
          Episode_Termination/fell_over: 0.3333
Episode_Termination/out_of_terrain_bounds: 0.0000
          Episode_Termination/nan_state: 0.0000
          Metrics/angular_momentum_mean: 0.0037
--------------------------------------------------------------------------------
                         Iteration time: 3.32s
                           Time elapsed: 00:13:45
                                    ETA: 00:36:16

################################################################################
[1m                          Learning iteration 275/1000                           [0m 

                               Run name: dynamic-gate-4096x1000-20260901
                            Total steps: 27131904 
                       Steps per second: 29448 
                        Collection time: 3.114s 
                          Learning time: 0.224s 
                        Mean value loss: 0.1900
                    Mean surrogate loss: -0.0030
                      Mean entropy loss: -1.2654
                            Mean reward: 242.53
                    Mean episode length: 987.18
                        Mean action std: 0.22
                 Episode_Reward/upright: 1.8931
            Episode_Reward/body_ang_vel: -0.0702
        Episode_Reward/angular_momentum: -0.0000
          Episode_Reward/action_rate_l2: -1.4053
       Episode_Reward/crouch_glide_pose: 4.5478
    Episode_Reward/crouch_glide_pose_l1: -0.3870
           Episode_Reward/forward_speed: 1.8630
  Episode_Reward/forward_speed_tracking: 5.1735
            Episode_Reward/heading_hold: 0.3507
     Episode_Reward/crouch_forward_lean: 0.3725
               Episode_Reward/feet_flat: -0.0677
         Episode_Reward/self_collisions: -0.0046
     Episode_Reward/neck_action_rate_l2: -0.1734
        Episode_Reward/joint_torques_l2: -0.0005
        Episode_Metrics/mean_action_acc: 0.4437
          Curriculum/action_rate_weight: -0.8000
                   Curriculum/com_range: 0.0030
              Curriculum/head_com_range: 0.0030
           Episode_Termination/time_out: 4.0833
          Episode_Termination/fell_over: 0.0833
Episode_Termination/out_of_terrain_bounds: 0.0000
          Episode_Termination/nan_state: 0.0000
          Metrics/angular_momentum_mean: 0.0037
--------------------------------------------------------------------------------
                         Iteration time: 3.34s
                           Time elapsed: 00:13:48
                                    ETA: 00:36:14

################################################################################
[1m                          Learning iteration 276/1000                           [0m 

                               Run name: dynamic-gate-4096x1000-20260901
                            Total steps: 27230208 
                       Steps per second: 29279 
                        Collection time: 3.155s 
                          Learning time: 0.203s 
                        Mean value loss: 0.2493
                    Mean surrogate loss: -0.0032
                      Mean entropy loss: -1.2584
                            Mean reward: 231.01
                    Mean episode length: 938.59
                        Mean action std: 0.22
                 Episode_Reward/upright: 1.7601
            Episode_Reward/body_ang_vel: -0.0690
        Episode_Reward/angular_momentum: -0.0000
          Episode_Reward/action_rate_l2: -1.3193
       Episode_Reward/crouch_glide_pose: 4.2310
    Episode_Reward/crouch_glide_pose_l1: -0.3599
           Episode_Reward/forward_speed: 1.7252
  Episode_Reward/forward_speed_tracking: 4.7807
            Episode_Reward/heading_hold: 0.3786
     Episode_Reward/crouch_forward_lean: 0.3451
               Episode_Reward/feet_flat: -0.0659
         Episode_Reward/self_collisions: -0.0051
     Episode_Reward/neck_action_rate_l2: -0.1606
        Episode_Reward/joint_torques_l2: -0.0005
        Episode_Metrics/mean_action_acc: 0.4410
          Curriculum/action_rate_weight: -0.8000
                   Curriculum/com_range: 0.0030
              Curriculum/head_com_range: 0.0030
           Episode_Termination/time_out: 3.8750
          Episode_Termination/fell_over: 0.3333
Episode_Termination/out_of_terrain_bounds: 0.0000
          Episode_Termination/nan_state: 0.0000
          Metrics/angular_momentum_mean: 0.0037
--------------------------------------------------------------------------------
                         Iteration time: 3.36s
                           Time elapsed: 00:13:52
                                    ETA: 00:36:12

################################################################################
[1m                          Learning iteration 277/1000                           [0m 

                               Run name: dynamic-gate-4096x1000-20260901
                            Total steps: 27328512 
                       Steps per second: 31314 
                        Collection time: 2.937s 
                          Learning time: 0.202s 
                        Mean value loss: 0.0985
                    Mean surrogate loss: -0.0041
                      Mean entropy loss: -1.2786
                            Mean reward: 227.53
                    Mean episode length: 929.76
                        Mean action std: 0.22
                 Episode_Reward/upright: 1.8495
            Episode_Reward/body_ang_vel: -0.0711
        Episode_Reward/angular_momentum: -0.0000
          Episode_Reward/action_rate_l2: -1.3973
       Episode_Reward/crouch_glide_pose: 4.4140
    Episode_Reward/crouch_glide_pose_l1: -0.3765
           Episode_Reward/forward_speed: 1.8087
  Episode_Reward/forward_speed_tracking: 5.0228
            Episode_Reward/heading_hold: 0.3184
     Episode_Reward/crouch_forward_lean: 0.3256
               Episode_Reward/feet_flat: -0.0718
         Episode_Reward/self_collisions: -0.0046
     Episode_Reward/neck_action_rate_l2: -0.1676
        Episode_Reward/joint_torques_l2: -0.0005
        Episode_Metrics/mean_action_acc: 0.4427
          Curriculum/action_rate_weight: -0.8000
                   Curriculum/com_range: 0.0030
              Curriculum/head_com_range: 0.0030
           Episode_Termination/time_out: 3.0417
          Episode_Termination/fell_over: 0.2917
Episode_Termination/out_of_terrain_bounds: 0.0000
          Episode_Termination/nan_state: 0.0000
          Metrics/angular_momentum_mean: 0.0037
--------------------------------------------------------------------------------
                         Iteration time: 3.14s
                           Time elapsed: 00:13:55
                                    ETA: 00:36:09

################################################################################
[1m                          Learning iteration 278/1000                           [0m 

                               Run name: dynamic-gate-4096x1000-20260901
                            Total steps: 27426816 
                       Steps per second: 33291 
                        Collection time: 2.755s 
                          Learning time: 0.198s 
                        Mean value loss: 0.1802
                    Mean surrogate loss: -0.0027
                      Mean entropy loss: -1.3335
                            Mean reward: 233.81
                    Mean episode length: 955.39
                        Mean action std: 0.22
                 Episode_Reward/upright: 1.8358
            Episode_Reward/body_ang_vel: -0.0691
        Episode_Reward/angular_momentum: -0.0000
          Episode_Reward/action_rate_l2: -1.3920
       Episode_Reward/crouch_glide_pose: 4.4041
    Episode_Reward/crouch_glide_pose_l1: -0.3757
           Episode_Reward/forward_speed: 1.7980
  Episode_Reward/forward_speed_tracking: 4.9833
            Episode_Reward/heading_hold: 0.3415
     Episode_Reward/crouch_forward_lean: 0.3527
               Episode_Reward/feet_flat: -0.0692
         Episode_Reward/self_collisions: -0.0060
     Episode_Reward/neck_action_rate_l2: -0.1674
        Episode_Reward/joint_torques_l2: -0.0005
        Episode_Metrics/mean_action_acc: 0.4402
          Curriculum/action_rate_weight: -0.8000
                   Curriculum/com_range: 0.0030
              Curriculum/head_com_range: 0.0030
           Episode_Termination/time_out: 3.0417
          Episode_Termination/fell_over: 0.2500
Episode_Termination/out_of_terrain_bounds: 0.0000
          Episode_Termination/nan_state: 0.0000
          Metrics/angular_momentum_mean: 0.0037
--------------------------------------------------------------------------------
                         Iteration time: 2.95s
                           Time elapsed: 00:13:58
                                    ETA: 00:36:06

################################################################################
[1m                          Learning iteration 279/1000                           [0m 

                               Run name: dynamic-gate-4096x1000-20260901
                            Total steps: 27525120 
                       Steps per second: 33366 
                        Collection time: 2.730s 
                          Learning time: 0.217s 
                        Mean value loss: 0.2075
                    Mean surrogate loss: -0.0032
                      Mean entropy loss: -1.3529
                            Mean reward: 231.12
                    Mean episode length: 943.57
                        Mean action std: 0.22
                 Episode_Reward/upright: 1.8204
            Episode_Reward/body_ang_vel: -0.0698
        Episode_Reward/angular_momentum: -0.0000
          Episode_Reward/action_rate_l2: -1.3952
       Episode_Reward/crouch_glide_pose: 4.3898
    Episode_Reward/crouch_glide_pose_l1: -0.3702
           Episode_Reward/forward_speed: 1.7945
  Episode_Reward/forward_speed_tracking: 4.9805
            Episode_Reward/heading_hold: 0.3879
     Episode_Reward/crouch_forward_lean: 0.3528
               Episode_Reward/feet_flat: -0.0676
         Episode_Reward/self_collisions: -0.0040
     Episode_Reward/neck_action_rate_l2: -0.1641
        Episode_Reward/joint_torques_l2: -0.0005
        Episode_Metrics/mean_action_acc: 0.4388
          Curriculum/action_rate_weight: -0.8000
                   Curriculum/com_range: 0.0030
              Curriculum/head_com_range: 0.0030
           Episode_Termination/time_out: 2.5833
          Episode_Termination/fell_over: 0.2500
Episode_Termination/out_of_terrain_bounds: 0.0000
          Episode_Termination/nan_state: 0.0000
          Metrics/angular_momentum_mean: 0.0037
--------------------------------------------------------------------------------
                         Iteration time: 2.95s
                           Time elapsed: 00:14:01
                                    ETA: 00:36:03

################################################################################
[1m                          Learning iteration 280/1000                           [0m 

                               Run name: dynamic-gate-4096x1000-20260901
                            Total steps: 27623424 
                       Steps per second: 32081 
                        Collection time: 2.848s 
                          Learning time: 0.216s 
                        Mean value loss: 0.1367
                    Mean surrogate loss: -0.0034
                      Mean entropy loss: -1.3740
                            Mean reward: 227.62
                    Mean episode length: 932.52
                        Mean action std: 0.22
                 Episode_Reward/upright: 1.8049
            Episode_Reward/body_ang_vel: -0.0703
        Episode_Reward/angular_momentum: -0.0000
          Episode_Reward/action_rate_l2: -1.3980
       Episode_Reward/crouch_glide_pose: 4.3896
    Episode_Reward/crouch_glide_pose_l1: -0.3682
           Episode_Reward/forward_speed: 1.7855
  Episode_Reward/forward_speed_tracking: 4.9382
            Episode_Reward/heading_hold: 0.2808
     Episode_Reward/crouch_forward_lean: 0.3536
               Episode_Reward/feet_flat: -0.0676
         Episode_Reward/self_collisions: -0.0054
     Episode_Reward/neck_action_rate_l2: -0.1633
        Episode_Reward/joint_torques_l2: -0.0005
        Episode_Metrics/mean_action_acc: 0.4386
          Curriculum/action_rate_weight: -0.8000
                   Curriculum/com_range: 0.0030
              Curriculum/head_com_range: 0.0030
           Episode_Termination/time_out: 2.6250
          Episode_Termination/fell_over: 0.2917
Episode_Termination/out_of_terrain_bounds: 0.0000
          Episode_Termination/nan_state: 0.0000
          Metrics/angular_momentum_mean: 0.0037
--------------------------------------------------------------------------------
                         Iteration time: 3.06s
                           Time elapsed: 00:14:04
                                    ETA: 00:36:00

################################################################################
[1m                          Learning iteration 281/1000                           [0m 

                               Run name: dynamic-gate-4096x1000-20260901
                            Total steps: 27721728 
                       Steps per second: 33085 
                        Collection time: 2.765s 
                          Learning time: 0.206s 
                        Mean value loss: 0.1457
                    Mean surrogate loss: -0.0017
                      Mean entropy loss: -1.4052
                            Mean reward: 233.74
                    Mean episode length: 958.54
                        Mean action std: 0.22
                 Episode_Reward/upright: 1.8480
            Episode_Reward/body_ang_vel: -0.0723
        Episode_Reward/angular_momentum: -0.0000
          Episode_Reward/action_rate_l2: -1.4361
       Episode_Reward/crouch_glide_pose: 4.4733
    Episode_Reward/crouch_glide_pose_l1: -0.3759
           Episode_Reward/forward_speed: 1.8238
  Episode_Reward/forward_speed_tracking: 5.0536
            Episode_Reward/heading_hold: 0.3142
     Episode_Reward/crouch_forward_lean: 0.3575
               Episode_Reward/feet_flat: -0.0696
         Episode_Reward/self_collisions: -0.0043
     Episode_Reward/neck_action_rate_l2: -0.1666
        Episode_Reward/joint_torques_l2: -0.0005
        Episode_Metrics/mean_action_acc: 0.4371
          Curriculum/action_rate_weight: -0.8000
                   Curriculum/com_range: 0.0030
              Curriculum/head_com_range: 0.0030
           Episode_Termination/time_out: 2.9583
          Episode_Termination/fell_over: 0.2083
Episode_Termination/out_of_terrain_bounds: 0.0000
          Episode_Termination/nan_state: 0.0000
          Metrics/angular_momentum_mean: 0.0037
--------------------------------------------------------------------------------
                         Iteration time: 2.97s
                           Time elapsed: 00:14:07
                                    ETA: 00:35:57

################################################################################
[1m                          Learning iteration 282/1000                           [0m 

                               Run name: dynamic-gate-4096x1000-20260901
                            Total steps: 27820032 
                       Steps per second: 34120 
                        Collection time: 2.687s 
                          Learning time: 0.194s 
                        Mean value loss: 0.1042
                    Mean surrogate loss: -0.0020
                      Mean entropy loss: -1.4385
                            Mean reward: 226.68
                    Mean episode length: 927.98
                        Mean action std: 0.22
                 Episode_Reward/upright: 1.6733
            Episode_Reward/body_ang_vel: -0.0650
        Episode_Reward/angular_momentum: -0.0000
          Episode_Reward/action_rate_l2: -1.3046
       Episode_Reward/crouch_glide_pose: 4.0642
    Episode_Reward/crouch_glide_pose_l1: -0.3384
           Episode_Reward/forward_speed: 1.6569
  Episode_Reward/forward_speed_tracking: 4.6115
            Episode_Reward/heading_hold: 0.2598
     Episode_Reward/crouch_forward_lean: 0.3403
               Episode_Reward/feet_flat: -0.0622
         Episode_Reward/self_collisions: -0.0038
     Episode_Reward/neck_action_rate_l2: -0.1489
        Episode_Reward/joint_torques_l2: -0.0005
        Episode_Metrics/mean_action_acc: 0.4324
          Curriculum/action_rate_weight: -0.8000
                   Curriculum/com_range: 0.0030
              Curriculum/head_com_range: 0.0030
           Episode_Termination/time_out: 2.1667
          Episode_Termination/fell_over: 0.3750
Episode_Termination/out_of_terrain_bounds: 0.0000
          Episode_Termination/nan_state: 0.0000
          Metrics/angular_momentum_mean: 0.0037
--------------------------------------------------------------------------------
                         Iteration time: 2.88s
                           Time elapsed: 00:14:10
                                    ETA: 00:35:53

################################################################################
[1m                          Learning iteration 283/1000                           [0m 

                               Run name: dynamic-gate-4096x1000-20260901
                            Total steps: 27918336 
                       Steps per second: 34287 
                        Collection time: 2.667s 
                          Learning time: 0.201s 
                        Mean value loss: 0.0824
                    Mean surrogate loss: -0.0034
                      Mean entropy loss: -1.5268
                            Mean reward: 226.01
                    Mean episode length: 921.13
                        Mean action std: 0.22
                 Episode_Reward/upright: 1.8144
            Episode_Reward/body_ang_vel: -0.0705
        Episode_Reward/angular_momentum: -0.0000
          Episode_Reward/action_rate_l2: -1.4249
       Episode_Reward/crouch_glide_pose: 4.3434
    Episode_Reward/crouch_glide_pose_l1: -0.3658
           Episode_Reward/forward_speed: 1.7742
  Episode_Reward/forward_speed_tracking: 4.9349
            Episode_Reward/heading_hold: 0.3663
     Episode_Reward/crouch_forward_lean: 0.3414
               Episode_Reward/feet_flat: -0.0704
         Episode_Reward/self_collisions: -0.0043
     Episode_Reward/neck_action_rate_l2: -0.1611
        Episode_Reward/joint_torques_l2: -0.0005
        Episode_Metrics/mean_action_acc: 0.4354
          Curriculum/action_rate_weight: -0.8000
                   Curriculum/com_range: 0.0030
              Curriculum/head_com_range: 0.0030
           Episode_Termination/time_out: 2.2083
          Episode_Termination/fell_over: 0.2083
Episode_Termination/out_of_terrain_bounds: 0.0000
          Episode_Termination/nan_state: 0.0000
          Metrics/angular_momentum_mean: 0.0036
--------------------------------------------------------------------------------
                         Iteration time: 2.87s
                           Time elapsed: 00:14:12
                                    ETA: 00:35:50

################################################################################
[1m                          Learning iteration 284/1000                           [0m 

                               Run name: dynamic-gate-4096x1000-20260901
                            Total steps: 28016640 
                       Steps per second: 32855 
                        Collection time: 2.785s 
                          Learning time: 0.208s 
                        Mean value loss: 0.0666
                    Mean surrogate loss: -0.0026
                      Mean entropy loss: -1.6031
                            Mean reward: 233.07
                    Mean episode length: 951.65
                        Mean action std: 0.22
                 Episode_Reward/upright: 1.9102
            Episode_Reward/body_ang_vel: -0.0705
        Episode_Reward/angular_momentum: -0.0000
          Episode_Reward/action_rate_l2: -1.5074
       Episode_Reward/crouch_glide_pose: 4.6029
    Episode_Reward/crouch_glide_pose_l1: -0.3843
           Episode_Reward/forward_speed: 1.8790
  Episode_Reward/forward_speed_tracking: 5.2221
            Episode_Reward/heading_hold: 0.3648
     Episode_Reward/crouch_forward_lean: 0.3589
               Episode_Reward/feet_flat: -0.0705
         Episode_Reward/self_collisions: -0.0034
     Episode_Reward/neck_action_rate_l2: -0.1701
        Episode_Reward/joint_torques_l2: -0.0005
        Episode_Metrics/mean_action_acc: 0.4359
          Curriculum/action_rate_weight: -0.8000
                   Curriculum/com_range: 0.0030
              Curriculum/head_com_range: 0.0030
           Episode_Termination/time_out: 2.2917
          Episode_Termination/fell_over: 0.0417
Episode_Termination/out_of_terrain_bounds: 0.0000
          Episode_Termination/nan_state: 0.0000
          Metrics/angular_momentum_mean: 0.0036
--------------------------------------------------------------------------------
                         Iteration time: 2.99s
                           Time elapsed: 00:14:15
                                    ETA: 00:35:47

################################################################################
[1m                          Learning iteration 285/1000                           [0m 

                               Run name: dynamic-gate-4096x1000-20260901
                            Total steps: 28114944 
                       Steps per second: 33726 
                        Collection time: 2.692s 
                          Learning time: 0.223s 
                        Mean value loss: 0.1068
                    Mean surrogate loss: -0.0020
                      Mean entropy loss: -1.6879
                            Mean reward: 234.82
                    Mean episode length: 961.60
                        Mean action std: 0.21
                 Episode_Reward/upright: 1.8316
            Episode_Reward/body_ang_vel: -0.0704
        Episode_Reward/angular_momentum: -0.0000
          Episode_Reward/action_rate_l2: -1.4526
       Episode_Reward/crouch_glide_pose: 4.4134
    Episode_Reward/crouch_glide_pose_l1: -0.3703
           Episode_Reward/forward_speed: 1.7997
  Episode_Reward/forward_speed_tracking: 4.9960
            Episode_Reward/heading_hold: 0.3258
     Episode_Reward/crouch_forward_lean: 0.3536
               Episode_Reward/feet_flat: -0.0691
         Episode_Reward/self_collisions: -0.0033
     Episode_Reward/neck_action_rate_l2: -0.1635
        Episode_Reward/joint_torques_l2: -0.0005
        Episode_Metrics/mean_action_acc: 0.4340
          Curriculum/action_rate_weight: -0.8000
                   Curriculum/com_range: 0.0030
              Curriculum/head_com_range: 0.0030
           Episode_Termination/time_out: 2.5417
          Episode_Termination/fell_over: 0.1250
Episode_Termination/out_of_terrain_bounds: 0.0000
          Episode_Termination/nan_state: 0.0000
          Metrics/angular_momentum_mean: 0.0036
--------------------------------------------------------------------------------
                         Iteration time: 2.91s
                           Time elapsed: 00:14:18
                                    ETA: 00:35:44

################################################################################
[1m                          Learning iteration 286/1000                           [0m 

                               Run name: dynamic-gate-4096x1000-20260901
                            Total steps: 28213248 
                       Steps per second: 33174 
                        Collection time: 2.771s 
                          Learning time: 0.192s 
                        Mean value loss: 0.0990
                    Mean surrogate loss: -0.0039
                      Mean entropy loss: -1.7706
                            Mean reward: 238.48
                    Mean episode length: 971.30
                        Mean action std: 0.21
                 Episode_Reward/upright: 1.7262
            Episode_Reward/body_ang_vel: -0.0650
        Episode_Reward/angular_momentum: -0.0000
          Episode_Reward/action_rate_l2: -1.3778
       Episode_Reward/crouch_glide_pose: 4.1878
    Episode_Reward/crouch_glide_pose_l1: -0.3489
           Episode_Reward/forward_speed: 1.7048
  Episode_Reward/forward_speed_tracking: 4.7378
            Episode_Reward/heading_hold: 0.4087
     Episode_Reward/crouch_forward_lean: 0.3417
               Episode_Reward/feet_flat: -0.0652
         Episode_Reward/self_collisions: -0.0033
     Episode_Reward/neck_action_rate_l2: -0.1532
        Episode_Reward/joint_torques_l2: -0.0005
        Episode_Metrics/mean_action_acc: 0.4302
          Curriculum/action_rate_weight: -0.8000
                   Curriculum/com_range: 0.0030
              Curriculum/head_com_range: 0.0030
           Episode_Termination/time_out: 2.6667
          Episode_Termination/fell_over: 0.1250
Episode_Termination/out_of_terrain_bounds: 0.0000
          Episode_Termination/nan_state: 0.0000
          Metrics/angular_momentum_mean: 0.0037
--------------------------------------------------------------------------------
                         Iteration time: 2.96s
                           Time elapsed: 00:14:21
                                    ETA: 00:35:41

################################################################################
[1m                          Learning iteration 287/1000                           [0m 

                               Run name: dynamic-gate-4096x1000-20260901
                            Total steps: 28311552 
                       Steps per second: 33361 
                        Collection time: 2.758s 
                          Learning time: 0.189s 
                        Mean value loss: 0.1637
                    Mean surrogate loss: -0.0030
                      Mean entropy loss: -1.8222
                            Mean reward: 235.75
                    Mean episode length: 965.17
                        Mean action std: 0.21
                 Episode_Reward/upright: 1.8588
            Episode_Reward/body_ang_vel: -0.0702
        Episode_Reward/angular_momentum: -0.0000
          Episode_Reward/action_rate_l2: -1.4946
       Episode_Reward/crouch_glide_pose: 4.4964
    Episode_Reward/crouch_glide_pose_l1: -0.3726
           Episode_Reward/forward_speed: 1.8303
  Episode_Reward/forward_speed_tracking: 5.0969
            Episode_Reward/heading_hold: 0.3238
     Episode_Reward/crouch_forward_lean: 0.3579
               Episode_Reward/feet_flat: -0.0702
         Episode_Reward/self_collisions: -0.0035
     Episode_Reward/neck_action_rate_l2: -0.1630
        Episode_Reward/joint_torques_l2: -0.0005
        Episode_Metrics/mean_action_acc: 0.4317
          Curriculum/action_rate_weight: -0.8000
                   Curriculum/com_range: 0.0030
              Curriculum/head_com_range: 0.0030
           Episode_Termination/time_out: 3.2083
          Episode_Termination/fell_over: 0.1250
Episode_Termination/out_of_terrain_bounds: 0.0000
          Episode_Termination/nan_state: 0.0000
          Metrics/angular_momentum_mean: 0.0036
--------------------------------------------------------------------------------
                         Iteration time: 2.95s
                           Time elapsed: 00:14:24
                                    ETA: 00:35:37

################################################################################
[1m                          Learning iteration 288/1000                           [0m 

                               Run name: dynamic-gate-4096x1000-20260901
                            Total steps: 28409856 
                       Steps per second: 33675 
                        Collection time: 2.721s 
                          Learning time: 0.198s 
                        Mean value loss: 0.0868
                    Mean surrogate loss: -0.0016
                      Mean entropy loss: -1.8444
                            Mean reward: 237.87
                    Mean episode length: 974.40
                        Mean action std: 0.21
                 Episode_Reward/upright: 1.8792
            Episode_Reward/body_ang_vel: -0.0722
        Episode_Reward/angular_momentum: -0.0000
          Episode_Reward/action_rate_l2: -1.5207
       Episode_Reward/crouch_glide_pose: 4.5508
    Episode_Reward/crouch_glide_pose_l1: -0.3775
           Episode_Reward/forward_speed: 1.8519
  Episode_Reward/forward_speed_tracking: 5.1298
            Episode_Reward/heading_hold: 0.4028
     Episode_Reward/crouch_forward_lean: 0.3754
               Episode_Reward/feet_flat: -0.0691
         Episode_Reward/self_collisions: -0.0028
     Episode_Reward/neck_action_rate_l2: -0.1649
        Episode_Reward/joint_torques_l2: -0.0005
        Episode_Metrics/mean_action_acc: 0.4316
          Curriculum/action_rate_weight: -0.8000
                   Curriculum/com_range: 0.0030
              Curriculum/head_com_range: 0.0030
           Episode_Termination/time_out: 2.6667
          Episode_Termination/fell_over: 0.1667
Episode_Termination/out_of_terrain_bounds: 0.0000
          Episode_Termination/nan_state: 0.0000
          Metrics/angular_momentum_mean: 0.0036
--------------------------------------------------------------------------------
                         Iteration time: 2.92s
                           Time elapsed: 00:14:27
                                    ETA: 00:35:34

################################################################################
[1m                          Learning iteration 289/1000                           [0m 

                               Run name: dynamic-gate-4096x1000-20260901
                            Total steps: 28508160 
                       Steps per second: 33829 
                        Collection time: 2.718s 
                          Learning time: 0.188s 
                        Mean value loss: 0.1527
                    Mean surrogate loss: -0.0026
                      Mean entropy loss: -1.9147
                            Mean reward: 230.02
                    Mean episode length: 938.97
                        Mean action std: 0.21
                 Episode_Reward/upright: 1.7422
            Episode_Reward/body_ang_vel: -0.0658
        Episode_Reward/angular_momentum: -0.0000
          Episode_Reward/action_rate_l2: -1.4213
       Episode_Reward/crouch_glide_pose: 4.2331
    Episode_Reward/crouch_glide_pose_l1: -0.3533
           Episode_Reward/forward_speed: 1.7229
  Episode_Reward/forward_speed_tracking: 4.7924
            Episode_Reward/heading_hold: 0.3487
     Episode_Reward/crouch_forward_lean: 0.3509
               Episode_Reward/feet_flat: -0.0637
         Episode_Reward/self_collisions: -0.0043
     Episode_Reward/neck_action_rate_l2: -0.1528
        Episode_Reward/joint_torques_l2: -0.0005
        Episode_Metrics/mean_action_acc: 0.4282
          Curriculum/action_rate_weight: -0.8000
                   Curriculum/com_range: 0.0030
              Curriculum/head_com_range: 0.0030
           Episode_Termination/time_out: 3.0833
          Episode_Termination/fell_over: 0.2917
Episode_Termination/out_of_terrain_bounds: 0.0000
          Episode_Termination/nan_state: 0.0000
          Metrics/angular_momentum_mean: 0.0036
--------------------------------------------------------------------------------
                         Iteration time: 2.91s
                           Time elapsed: 00:14:30
                                    ETA: 00:35:31

################################################################################
[1m                          Learning iteration 290/1000                           [0m 

                               Run name: dynamic-gate-4096x1000-20260901
                            Total steps: 28606464 
                       Steps per second: 32898 
                        Collection time: 2.795s 
                          Learning time: 0.193s 
                        Mean value loss: 0.0662
                    Mean surrogate loss: -0.0042
                      Mean entropy loss: -2.0066
                            Mean reward: 236.25
                    Mean episode length: 965.89
                        Mean action std: 0.21
                 Episode_Reward/upright: 1.8409
            Episode_Reward/body_ang_vel: -0.0710
        Episode_Reward/angular_momentum: -0.0000
          Episode_Reward/action_rate_l2: -1.5064
       Episode_Reward/crouch_glide_pose: 4.4696
    Episode_Reward/crouch_glide_pose_l1: -0.3689
           Episode_Reward/forward_speed: 1.8160
  Episode_Reward/forward_speed_tracking: 5.0318
            Episode_Reward/heading_hold: 0.3625
     Episode_Reward/crouch_forward_lean: 0.3655
               Episode_Reward/feet_flat: -0.0688
         Episode_Reward/self_collisions: -0.0040
     Episode_Reward/neck_action_rate_l2: -0.1599
        Episode_Reward/joint_torques_l2: -0.0005
        Episode_Metrics/mean_action_acc: 0.4281
          Curriculum/action_rate_weight: -0.8000
                   Curriculum/com_range: 0.0030
              Curriculum/head_com_range: 0.0030
           Episode_Termination/time_out: 2.8333
          Episode_Termination/fell_over: 0.1667
Episode_Termination/out_of_terrain_bounds: 0.0000
          Episode_Termination/nan_state: 0.0000
          Metrics/angular_momentum_mean: 0.0036
--------------------------------------------------------------------------------
                         Iteration time: 2.99s
                           Time elapsed: 00:14:33
                                    ETA: 00:35:28

################################################################################
[1m                          Learning iteration 291/1000                           [0m 

                               Run name: dynamic-gate-4096x1000-20260901
                            Total steps: 28704768 
                       Steps per second: 34718 
                        Collection time: 2.634s 
                          Learning time: 0.198s 
                        Mean value loss: 0.0709
                    Mean surrogate loss: -0.0040
                      Mean entropy loss: -2.1156
                            Mean reward: 234.15
                    Mean episode length: 960.87
                        Mean action std: 0.21
                 Episode_Reward/upright: 1.8401
            Episode_Reward/body_ang_vel: -0.0699
        Episode_Reward/angular_momentum: -0.0000
          Episode_Reward/action_rate_l2: -1.5182
       Episode_Reward/crouch_glide_pose: 4.4610
    Episode_Reward/crouch_glide_pose_l1: -0.3700
           Episode_Reward/forward_speed: 1.8116
  Episode_Reward/forward_speed_tracking: 5.0310
            Episode_Reward/heading_hold: 0.2998
     Episode_Reward/crouch_forward_lean: 0.3555
               Episode_Reward/feet_flat: -0.0683
         Episode_Reward/self_collisions: -0.0035
     Episode_Reward/neck_action_rate_l2: -0.1598
        Episode_Reward/joint_torques_l2: -0.0005
        Episode_Metrics/mean_action_acc: 0.4272
          Curriculum/action_rate_weight: -0.8000
                   Curriculum/com_range: 0.0030
              Curriculum/head_com_range: 0.0030
           Episode_Termination/time_out: 3.2500
          Episode_Termination/fell_over: 0.1250
Episode_Termination/out_of_terrain_bounds: 0.0000
          Episode_Termination/nan_state: 0.0000
          Metrics/angular_momentum_mean: 0.0036
--------------------------------------------------------------------------------
                         Iteration time: 2.83s
                           Time elapsed: 00:14:36
                                    ETA: 00:35:25

################################################################################
[1m                          Learning iteration 292/1000                           [0m 

                               Run name: dynamic-gate-4096x1000-20260901
                            Total steps: 28803072 
                       Steps per second: 33149 
                        Collection time: 2.772s 
                          Learning time: 0.193s 
                        Mean value loss: 0.0642
                    Mean surrogate loss: -0.0038
                      Mean entropy loss: -2.2371
                            Mean reward: 230.81
                    Mean episode length: 951.22
                        Mean action std: 0.21
                 Episode_Reward/upright: 1.8310
            Episode_Reward/body_ang_vel: -0.0691
        Episode_Reward/angular_momentum: -0.0000
          Episode_Reward/action_rate_l2: -1.5045
       Episode_Reward/crouch_glide_pose: 4.4555
    Episode_Reward/crouch_glide_pose_l1: -0.3687
           Episode_Reward/forward_speed: 1.8125
  Episode_Reward/forward_speed_tracking: 5.0326
            Episode_Reward/heading_hold: 0.2933
     Episode_Reward/crouch_forward_lean: 0.3577
               Episode_Reward/feet_flat: -0.0668
         Episode_Reward/self_collisions: -0.0029
     Episode_Reward/neck_action_rate_l2: -0.1597
        Episode_Reward/joint_torques_l2: -0.0005
        Episode_Metrics/mean_action_acc: 0.4260
          Curriculum/action_rate_weight: -0.8000
                   Curriculum/com_range: 0.0030
              Curriculum/head_com_range: 0.0030
           Episode_Termination/time_out: 2.0417
          Episode_Termination/fell_over: 0.1667
Episode_Termination/out_of_terrain_bounds: 0.0000
          Episode_Termination/nan_state: 0.0000
          Metrics/angular_momentum_mean: 0.0036
--------------------------------------------------------------------------------
                         Iteration time: 2.97s
                           Time elapsed: 00:14:39
                                    ETA: 00:35:21

################################################################################
[1m                          Learning iteration 293/1000                           [0m 

                               Run name: dynamic-gate-4096x1000-20260901
                            Total steps: 28901376 
                       Steps per second: 33686 
                        Collection time: 2.722s 
                          Learning time: 0.196s 
                        Mean value loss: 0.0486
                    Mean surrogate loss: -0.0031
                      Mean entropy loss: -2.3356
                            Mean reward: 234.11
                    Mean episode length: 960.29
                        Mean action std: 0.20
                 Episode_Reward/upright: 1.8857
            Episode_Reward/body_ang_vel: -0.0706
        Episode_Reward/angular_momentum: -0.0000
          Episode_Reward/action_rate_l2: -1.5422
       Episode_Reward/crouch_glide_pose: 4.5713
    Episode_Reward/crouch_glide_pose_l1: -0.3775
           Episode_Reward/forward_speed: 1.8614
  Episode_Reward/forward_speed_tracking: 5.1932
            Episode_Reward/heading_hold: 0.3066
     Episode_Reward/crouch_forward_lean: 0.3617
               Episode_Reward/feet_flat: -0.0682
         Episode_Reward/self_collisions: -0.0031
     Episode_Reward/neck_action_rate_l2: -0.1624
        Episode_Reward/joint_torques_l2: -0.0005
        Episode_Metrics/mean_action_acc: 0.4256
          Curriculum/action_rate_weight: -0.8000
                   Curriculum/com_range: 0.0030
              Curriculum/head_com_range: 0.0030
           Episode_Termination/time_out: 3.2083
          Episode_Termination/fell_over: 0.0833
Episode_Termination/out_of_terrain_bounds: 0.0000
          Episode_Termination/nan_state: 0.0000
          Metrics/angular_momentum_mean: 0.0036
--------------------------------------------------------------------------------
                         Iteration time: 2.92s
                           Time elapsed: 00:14:42
                                    ETA: 00:35:18

################################################################################
[1m                          Learning iteration 294/1000                           [0m 

                               Run name: dynamic-gate-4096x1000-20260901
                            Total steps: 28999680 
                       Steps per second: 33295 
                        Collection time: 2.749s 
                          Learning time: 0.203s 
                        Mean value loss: 0.1064
                    Mean surrogate loss: -0.0026
                      Mean entropy loss: -2.4342
                            Mean reward: 241.91
                    Mean episode length: 990.25
                        Mean action std: 0.20
                 Episode_Reward/upright: 1.8855
            Episode_Reward/body_ang_vel: -0.0708
        Episode_Reward/angular_momentum: -0.0000
          Episode_Reward/action_rate_l2: -1.5296
       Episode_Reward/crouch_glide_pose: 4.5734
    Episode_Reward/crouch_glide_pose_l1: -0.3767
           Episode_Reward/forward_speed: 1.8577
  Episode_Reward/forward_speed_tracking: 5.1689
            Episode_Reward/heading_hold: 0.3406
     Episode_Reward/crouch_forward_lean: 0.3480
               Episode_Reward/feet_flat: -0.0704
         Episode_Reward/self_collisions: -0.0033
     Episode_Reward/neck_action_rate_l2: -0.1616
        Episode_Reward/joint_torques_l2: -0.0005
        Episode_Metrics/mean_action_acc: 0.4243
          Curriculum/action_rate_weight: -0.8000
                   Curriculum/com_range: 0.0030
              Curriculum/head_com_range: 0.0030
           Episode_Termination/time_out: 2.5000
          Episode_Termination/fell_over: 0.0417
Episode_Termination/out_of_terrain_bounds: 0.0000
          Episode_Termination/nan_state: 0.0000
          Metrics/angular_momentum_mean: 0.0036
--------------------------------------------------------------------------------
                         Iteration time: 2.95s
                           Time elapsed: 00:14:45
                                    ETA: 00:35:15

################################################################################
[1m                          Learning iteration 295/1000                           [0m 

                               Run name: dynamic-gate-4096x1000-20260901
                            Total steps: 29097984 
                       Steps per second: 34022 
                        Collection time: 2.694s 
                          Learning time: 0.195s 
                        Mean value loss: 0.1442
                    Mean surrogate loss: -0.0015
                      Mean entropy loss: -2.4223
                            Mean reward: 240.71
                    Mean episode length: 981.14
                        Mean action std: 0.20
                 Episode_Reward/upright: 1.8763
            Episode_Reward/body_ang_vel: -0.0709
        Episode_Reward/angular_momentum: -0.0000
          Episode_Reward/action_rate_l2: -1.5151
       Episode_Reward/crouch_glide_pose: 4.5623
    Episode_Reward/crouch_glide_pose_l1: -0.3752
           Episode_Reward/forward_speed: 1.8541
  Episode_Reward/forward_speed_tracking: 5.1408
            Episode_Reward/heading_hold: 0.3873
     Episode_Reward/crouch_forward_lean: 0.3737
               Episode_Reward/feet_flat: -0.0687
         Episode_Reward/self_collisions: -0.0036
     Episode_Reward/neck_action_rate_l2: -0.1599
        Episode_Reward/joint_torques_l2: -0.0005
        Episode_Metrics/mean_action_acc: 0.4220
          Curriculum/action_rate_weight: -0.8000
                   Curriculum/com_range: 0.0030
              Curriculum/head_com_range: 0.0030
           Episode_Termination/time_out: 2.7500
          Episode_Termination/fell_over: 0.0833
Episode_Termination/out_of_terrain_bounds: 0.0000
          Episode_Termination/nan_state: 0.0000
          Metrics/angular_momentum_mean: 0.0036
--------------------------------------------------------------------------------
                         Iteration time: 2.89s
                           Time elapsed: 00:14:48
                                    ETA: 00:35:12

################################################################################
[1m                          Learning iteration 296/1000                           [0m 

                               Run name: dynamic-gate-4096x1000-20260901
                            Total steps: 29196288 
                       Steps per second: 33694 
                        Collection time: 2.725s 
                          Learning time: 0.193s 
                        Mean value loss: 0.1571
                    Mean surrogate loss: -0.0029
                      Mean entropy loss: -2.4311
                            Mean reward: 228.77
                    Mean episode length: 933.88
                        Mean action std: 0.20
                 Episode_Reward/upright: 1.7977
            Episode_Reward/body_ang_vel: -0.0695
        Episode_Reward/angular_momentum: -0.0000
          Episode_Reward/action_rate_l2: -1.4609
       Episode_Reward/crouch_glide_pose: 4.3906
    Episode_Reward/crouch_glide_pose_l1: -0.3618
           Episode_Reward/forward_speed: 1.7808
  Episode_Reward/forward_speed_tracking: 4.9475
            Episode_Reward/heading_hold: 0.3475
     Episode_Reward/crouch_forward_lean: 0.3507
               Episode_Reward/feet_flat: -0.0682
         Episode_Reward/self_collisions: -0.0035
     Episode_Reward/neck_action_rate_l2: -0.1542
        Episode_Reward/joint_torques_l2: -0.0005
        Episode_Metrics/mean_action_acc: 0.4217
          Curriculum/action_rate_weight: -0.8000
                   Curriculum/com_range: 0.0030
              Curriculum/head_com_range: 0.0030
           Episode_Termination/time_out: 3.0417
          Episode_Termination/fell_over: 0.2917
Episode_Termination/out_of_terrain_bounds: 0.0000
          Episode_Termination/nan_state: 0.0000
          Metrics/angular_momentum_mean: 0.0036
--------------------------------------------------------------------------------
                         Iteration time: 2.92s
                           Time elapsed: 00:14:51
                                    ETA: 00:35:09

################################################################################
[1m                          Learning iteration 297/1000                           [0m 

                               Run name: dynamic-gate-4096x1000-20260901
                            Total steps: 29294592 
                       Steps per second: 33175 
                        Collection time: 2.769s 
                          Learning time: 0.194s 
                        Mean value loss: 0.1304
                    Mean surrogate loss: -0.0015
                      Mean entropy loss: -2.4073
                            Mean reward: 235.92
                    Mean episode length: 961.70
                        Mean action std: 0.20
                 Episode_Reward/upright: 1.7808
            Episode_Reward/body_ang_vel: -0.0673
        Episode_Reward/angular_momentum: -0.0000
          Episode_Reward/action_rate_l2: -1.4255
       Episode_Reward/crouch_glide_pose: 4.3250
    Episode_Reward/crouch_glide_pose_l1: -0.3559
           Episode_Reward/forward_speed: 1.7533
  Episode_Reward/forward_speed_tracking: 4.8772
            Episode_Reward/heading_hold: 0.3457
     Episode_Reward/crouch_forward_lean: 0.3498
               Episode_Reward/feet_flat: -0.0658
         Episode_Reward/self_collisions: -0.0038
     Episode_Reward/neck_action_rate_l2: -0.1507
        Episode_Reward/joint_torques_l2: -0.0005
        Episode_Metrics/mean_action_acc: 0.4162
          Curriculum/action_rate_weight: -0.8000
                   Curriculum/com_range: 0.0030
              Curriculum/head_com_range: 0.0030
           Episode_Termination/time_out: 2.9583
          Episode_Termination/fell_over: 0.2500
Episode_Termination/out_of_terrain_bounds: 0.0000
          Episode_Termination/nan_state: 0.0000
          Metrics/angular_momentum_mean: 0.0036
--------------------------------------------------------------------------------
                         Iteration time: 2.96s
                           Time elapsed: 00:14:54
                                    ETA: 00:35:06

################################################################################
[1m                          Learning iteration 298/1000                           [0m 

                               Run name: dynamic-gate-4096x1000-20260901
                            Total steps: 29392896 
                       Steps per second: 35194 
                        Collection time: 2.604s 
                          Learning time: 0.190s 
                        Mean value loss: 0.1144
                    Mean surrogate loss: 0.0001
                      Mean entropy loss: -2.4071
                            Mean reward: 234.55
                    Mean episode length: 956.28
                        Mean action std: 0.20
                 Episode_Reward/upright: 1.8519
            Episode_Reward/body_ang_vel: -0.0698
        Episode_Reward/angular_momentum: -0.0000
          Episode_Reward/action_rate_l2: -1.4730
       Episode_Reward/crouch_glide_pose: 4.5076
    Episode_Reward/crouch_glide_pose_l1: -0.3670
           Episode_Reward/forward_speed: 1.8240
  Episode_Reward/forward_speed_tracking: 5.0853
            Episode_Reward/heading_hold: 0.3071
     Episode_Reward/crouch_forward_lean: 0.3621
               Episode_Reward/feet_flat: -0.0685
         Episode_Reward/self_collisions: -0.0036
     Episode_Reward/neck_action_rate_l2: -0.1561
        Episode_Reward/joint_torques_l2: -0.0005
        Episode_Metrics/mean_action_acc: 0.4180
          Curriculum/action_rate_weight: -0.8000
                   Curriculum/com_range: 0.0030
              Curriculum/head_com_range: 0.0030
           Episode_Termination/time_out: 2.6250
          Episode_Termination/fell_over: 0.1667
Episode_Termination/out_of_terrain_bounds: 0.0000
          Episode_Termination/nan_state: 0.0000
          Metrics/angular_momentum_mean: 0.0036
--------------------------------------------------------------------------------
                         Iteration time: 2.79s
                           Time elapsed: 00:14:56
                                    ETA: 00:35:02

################################################################################
[1m                          Learning iteration 299/1000                           [0m 

                               Run name: dynamic-gate-4096x1000-20260901
                            Total steps: 29491200 
                       Steps per second: 32201 
                        Collection time: 2.842s 
                          Learning time: 0.211s 
                        Mean value loss: 0.1272
                    Mean surrogate loss: -0.0028
                      Mean entropy loss: -2.4393
                            Mean reward: 238.20
                    Mean episode length: 967.86
                        Mean action std: 0.20
                 Episode_Reward/upright: 1.9056
            Episode_Reward/body_ang_vel: -0.0690
        Episode_Reward/angular_momentum: -0.0000
          Episode_Reward/action_rate_l2: -1.5149
       Episode_Reward/crouch_glide_pose: 4.6338
    Episode_Reward/crouch_glide_pose_l1: -0.3787
           Episode_Reward/forward_speed: 1.8806
  Episode_Reward/forward_speed_tracking: 5.2630
            Episode_Reward/heading_hold: 0.3144
     Episode_Reward/crouch_forward_lean: 0.3770
               Episode_Reward/feet_flat: -0.0698
         Episode_Reward/self_collisions: -0.0040
     Episode_Reward/neck_action_rate_l2: -0.1601
        Episode_Reward/joint_torques_l2: -0.0005
        Episode_Metrics/mean_action_acc: 0.4193
          Curriculum/action_rate_weight: -0.8000
                   Curriculum/com_range: 0.0030
              Curriculum/head_com_range: 0.0030
           Episode_Termination/time_out: 2.4583
          Episode_Termination/fell_over: 0.1250
Episode_Termination/out_of_terrain_bounds: 0.0000
          Episode_Termination/nan_state: 0.0000
          Metrics/angular_momentum_mean: 0.0036
--------------------------------------------------------------------------------
                         Iteration time: 3.05s
                           Time elapsed: 00:14:59
                                    ETA: 00:34:59

################################################################################
[1m                          Learning iteration 300/1000                           [0m 

                               Run name: dynamic-gate-4096x1000-20260901
                            Total steps: 29589504 
                       Steps per second: 33674 
                        Collection time: 2.728s 
                          Learning time: 0.192s 
                        Mean value loss: 0.0771
                    Mean surrogate loss: -0.0030
                      Mean entropy loss: -2.5021
                            Mean reward: 239.02
                    Mean episode length: 970.22
                        Mean action std: 0.20
                 Episode_Reward/upright: 1.8144
            Episode_Reward/body_ang_vel: -0.0669
        Episode_Reward/angular_momentum: -0.0000
          Episode_Reward/action_rate_l2: -1.4364
       Episode_Reward/crouch_glide_pose: 4.4371
    Episode_Reward/crouch_glide_pose_l1: -0.3616
           Episode_Reward/forward_speed: 1.7974
  Episode_Reward/forward_speed_tracking: 5.0097
            Episode_Reward/heading_hold: 0.3290
     Episode_Reward/crouch_forward_lean: 0.3612
               Episode_Reward/feet_flat: -0.0664
         Episode_Reward/self_collisions: -0.0030
     Episode_Reward/neck_action_rate_l2: -0.1526
        Episode_Reward/joint_torques_l2: -0.0005
        Episode_Metrics/mean_action_acc: 0.4152
          Curriculum/action_rate_weight: -0.8000
                   Curriculum/com_range: 0.0030
              Curriculum/head_com_range: 0.0030
           Episode_Termination/time_out: 2.7917
          Episode_Termination/fell_over: 0.1667
Episode_Termination/out_of_terrain_bounds: 0.0000
          Episode_Termination/nan_state: 0.0000
          Metrics/angular_momentum_mean: 0.0036
--------------------------------------------------------------------------------
                         Iteration time: 2.92s
                           Time elapsed: 00:15:02
                                    ETA: 00:34:56

################################################################################
[1m                          Learning iteration 301/1000                           [0m 

                               Run name: dynamic-gate-4096x1000-20260901
                            Total steps: 29687808 
                       Steps per second: 33115 
                        Collection time: 2.775s 
                          Learning time: 0.193s 
                        Mean value loss: 0.1223
                    Mean surrogate loss: -0.0024
                      Mean entropy loss: -2.5481
                            Mean reward: 243.31
                    Mean episode length: 987.65
                        Mean action std: 0.20
                 Episode_Reward/upright: 1.9082
            Episode_Reward/body_ang_vel: -0.0690
        Episode_Reward/angular_momentum: -0.0000
          Episode_Reward/action_rate_l2: -1.5005
       Episode_Reward/crouch_glide_pose: 4.6453
    Episode_Reward/crouch_glide_pose_l1: -0.3780
           Episode_Reward/forward_speed: 1.8811
  Episode_Reward/forward_speed_tracking: 5.2474
            Episode_Reward/heading_hold: 0.3543
     Episode_Reward/crouch_forward_lean: 0.3780
               Episode_Reward/feet_flat: -0.0680
         Episode_Reward/self_collisions: -0.0031
     Episode_Reward/neck_action_rate_l2: -0.1584
        Episode_Reward/joint_torques_l2: -0.0005
        Episode_Metrics/mean_action_acc: 0.4161
          Curriculum/action_rate_weight: -0.8000
                   Curriculum/com_range: 0.0030
              Curriculum/head_com_range: 0.0030
           Episode_Termination/time_out: 3.4167
          Episode_Termination/fell_over: 0.0833
Episode_Termination/out_of_terrain_bounds: 0.0000
          Episode_Termination/nan_state: 0.0000
          Metrics/angular_momentum_mean: 0.0036
--------------------------------------------------------------------------------
                         Iteration time: 2.97s
                           Time elapsed: 00:15:05
                                    ETA: 00:34:53

################################################################################
[1m                          Learning iteration 302/1000                           [0m 

                               Run name: dynamic-gate-4096x1000-20260901
                            Total steps: 29786112 
                       Steps per second: 33309 
                        Collection time: 2.740s 
                          Learning time: 0.211s 
                        Mean value loss: 0.1147
                    Mean surrogate loss: -0.0021
                      Mean entropy loss: -2.5914
                            Mean reward: 239.75
                    Mean episode length: 973.80
                        Mean action std: 0.20
                 Episode_Reward/upright: 1.8144
            Episode_Reward/body_ang_vel: -0.0700
        Episode_Reward/angular_momentum: -0.0000
          Episode_Reward/action_rate_l2: -1.4335
       Episode_Reward/crouch_glide_pose: 4.4382
    Episode_Reward/crouch_glide_pose_l1: -0.3619
           Episode_Reward/forward_speed: 1.7971
  Episode_Reward/forward_speed_tracking: 4.9747
            Episode_Reward/heading_hold: 0.3347
     Episode_Reward/crouch_forward_lean: 0.3494
               Episode_Reward/feet_flat: -0.0689
         Episode_Reward/self_collisions: -0.0028
     Episode_Reward/neck_action_rate_l2: -0.1519
        Episode_Reward/joint_torques_l2: -0.0005
        Episode_Metrics/mean_action_acc: 0.4131
          Curriculum/action_rate_weight: -0.8000
                   Curriculum/com_range: 0.0030
              Curriculum/head_com_range: 0.0030
           Episode_Termination/time_out: 2.5833
          Episode_Termination/fell_over: 0.1667
Episode_Termination/out_of_terrain_bounds: 0.0000
          Episode_Termination/nan_state: 0.0000
          Metrics/angular_momentum_mean: 0.0036
--------------------------------------------------------------------------------
                         Iteration time: 2.95s
                           Time elapsed: 00:15:08
                                    ETA: 00:34:50

################################################################################
[1m                          Learning iteration 303/1000                           [0m 

                               Run name: dynamic-gate-4096x1000-20260901
                            Total steps: 29884416 
                       Steps per second: 34608 
                        Collection time: 2.630s 
                          Learning time: 0.211s 
                        Mean value loss: 0.0994
                    Mean surrogate loss: -0.0007
                      Mean entropy loss: -2.6274
                            Mean reward: 234.49
                    Mean episode length: 951.07
                        Mean action std: 0.20
                 Episode_Reward/upright: 1.6982
            Episode_Reward/body_ang_vel: -0.0634
        Episode_Reward/angular_momentum: -0.0000
          Episode_Reward/action_rate_l2: -1.3265
       Episode_Reward/crouch_glide_pose: 4.1295
    Episode_Reward/crouch_glide_pose_l1: -0.3389
           Episode_Reward/forward_speed: 1.6670
  Episode_Reward/forward_speed_tracking: 4.6469
            Episode_Reward/heading_hold: 0.3349
     Episode_Reward/crouch_forward_lean: 0.3124
               Episode_Reward/feet_flat: -0.0656
         Episode_Reward/self_collisions: -0.0033
     Episode_Reward/neck_action_rate_l2: -0.1405
        Episode_Reward/joint_torques_l2: -0.0005
        Episode_Metrics/mean_action_acc: 0.4100
          Curriculum/action_rate_weight: -0.8000
                   Curriculum/com_range: 0.0030
              Curriculum/head_com_range: 0.0030
           Episode_Termination/time_out: 2.9167
          Episode_Termination/fell_over: 0.3333
Episode_Termination/out_of_terrain_bounds: 0.0000
          Episode_Termination/nan_state: 0.0000
          Metrics/angular_momentum_mean: 0.0036
--------------------------------------------------------------------------------
                         Iteration time: 2.84s
                           Time elapsed: 00:15:11
                                    ETA: 00:34:47

################################################################################
[1m                          Learning iteration 304/1000                           [0m 

                               Run name: dynamic-gate-4096x1000-20260901
                            Total steps: 29982720 
                       Steps per second: 33183 
                        Collection time: 2.773s 
                          Learning time: 0.189s 
                        Mean value loss: 0.1710
                    Mean surrogate loss: -0.0016
                      Mean entropy loss: -2.6422
                            Mean reward: 243.67
                    Mean episode length: 984.08
                        Mean action std: 0.20
                 Episode_Reward/upright: 1.8756
            Episode_Reward/body_ang_vel: -0.0684
        Episode_Reward/angular_momentum: -0.0000
          Episode_Reward/action_rate_l2: -1.4607
       Episode_Reward/crouch_glide_pose: 4.5766
    Episode_Reward/crouch_glide_pose_l1: -0.3730
           Episode_Reward/forward_speed: 1.8515
  Episode_Reward/forward_speed_tracking: 5.1584
            Episode_Reward/heading_hold: 0.3956
     Episode_Reward/crouch_forward_lean: 0.3636
               Episode_Reward/feet_flat: -0.0690
         Episode_Reward/self_collisions: -0.0038
     Episode_Reward/neck_action_rate_l2: -0.1540
        Episode_Reward/joint_torques_l2: -0.0005
        Episode_Metrics/mean_action_acc: 0.4129
          Curriculum/action_rate_weight: -0.8000
                   Curriculum/com_range: 0.0030
              Curriculum/head_com_range: 0.0030
           Episode_Termination/time_out: 3.1667
          Episode_Termination/fell_over: 0.0833
Episode_Termination/out_of_terrain_bounds: 0.0000
          Episode_Termination/nan_state: 0.0000
          Metrics/angular_momentum_mean: 0.0035
--------------------------------------------------------------------------------
                         Iteration time: 2.96s
                           Time elapsed: 00:15:14
                                    ETA: 00:34:43

################################################################################
[1m                          Learning iteration 305/1000                           [0m 

                               Run name: dynamic-gate-4096x1000-20260901
                            Total steps: 30081024 
                       Steps per second: 32872 
                        Collection time: 2.794s 
                          Learning time: 0.197s 
                        Mean value loss: 0.1701
                    Mean surrogate loss: -0.0021
                      Mean entropy loss: -2.6310
                            Mean reward: 244.16
                    Mean episode length: 986.87
                        Mean action std: 0.20
                 Episode_Reward/upright: 1.9003
            Episode_Reward/body_ang_vel: -0.0679
        Episode_Reward/angular_momentum: -0.0000
          Episode_Reward/action_rate_l2: -1.4728
       Episode_Reward/crouch_glide_pose: 4.6525
    Episode_Reward/crouch_glide_pose_l1: -0.3757
           Episode_Reward/forward_speed: 1.8784
  Episode_Reward/forward_speed_tracking: 5.2452
            Episode_Reward/heading_hold: 0.3490
     Episode_Reward/crouch_forward_lean: 0.3745
               Episode_Reward/feet_flat: -0.0668
         Episode_Reward/self_collisions: -0.0034
     Episode_Reward/neck_action_rate_l2: -0.1566
        Episode_Reward/joint_torques_l2: -0.0005
        Episode_Metrics/mean_action_acc: 0.4120
          Curriculum/action_rate_weight: -0.8000
                   Curriculum/com_range: 0.0030
              Curriculum/head_com_range: 0.0030
           Episode_Termination/time_out: 4.1250
          Episode_Termination/fell_over: 0.1250
Episode_Termination/out_of_terrain_bounds: 0.0000
          Episode_Termination/nan_state: 0.0000
          Metrics/angular_momentum_mean: 0.0036
--------------------------------------------------------------------------------
                         Iteration time: 2.99s
                           Time elapsed: 00:15:17
                                    ETA: 00:34:40

################################################################################
[1m                          Learning iteration 306/1000                           [0m 

                               Run name: dynamic-gate-4096x1000-20260901
                            Total steps: 30179328 
                       Steps per second: 31856 
                        Collection time: 2.876s 
                          Learning time: 0.209s 
                        Mean value loss: 0.1757
                    Mean surrogate loss: -0.0021
                      Mean entropy loss: -2.5903
                            Mean reward: 237.18
                    Mean episode length: 958.16
                        Mean action std: 0.20
                 Episode_Reward/upright: 1.8059
            Episode_Reward/body_ang_vel: -0.0656
        Episode_Reward/angular_momentum: -0.0000
          Episode_Reward/action_rate_l2: -1.3898
       Episode_Reward/crouch_glide_pose: 4.4172
    Episode_Reward/crouch_glide_pose_l1: -0.3571
           Episode_Reward/forward_speed: 1.7767
  Episode_Reward/forward_speed_tracking: 4.9630
            Episode_Reward/heading_hold: 0.3571
     Episode_Reward/crouch_forward_lean: 0.3641
               Episode_Reward/feet_flat: -0.0640
         Episode_Reward/self_collisions: -0.0038
     Episode_Reward/neck_action_rate_l2: -0.1472
        Episode_Reward/joint_torques_l2: -0.0005
        Episode_Metrics/mean_action_acc: 0.4117
          Curriculum/action_rate_weight: -0.8000
                   Curriculum/com_range: 0.0030
              Curriculum/head_com_range: 0.0030
           Episode_Termination/time_out: 5.6250
          Episode_Termination/fell_over: 0.2917
Episode_Termination/out_of_terrain_bounds: 0.0000
          Episode_Termination/nan_state: 0.0000
          Metrics/angular_momentum_mean: 0.0036
--------------------------------------------------------------------------------
                         Iteration time: 3.09s
                           Time elapsed: 00:15:20
                                    ETA: 00:34:38

################################################################################
[1m                          Learning iteration 307/1000                           [0m 

                               Run name: dynamic-gate-4096x1000-20260901
                            Total steps: 30277632 
                       Steps per second: 32802 
                        Collection time: 2.792s 
                          Learning time: 0.205s 
                        Mean value loss: 0.2251
                    Mean surrogate loss: -0.0024
                      Mean entropy loss: -2.5583
                            Mean reward: 239.88
                    Mean episode length: 966.35
                        Mean action std: 0.20
                 Episode_Reward/upright: 1.8886
            Episode_Reward/body_ang_vel: -0.0678
        Episode_Reward/angular_momentum: -0.0000
          Episode_Reward/action_rate_l2: -1.4434
       Episode_Reward/crouch_glide_pose: 4.6224
    Episode_Reward/crouch_glide_pose_l1: -0.3711
           Episode_Reward/forward_speed: 1.8597
  Episode_Reward/forward_speed_tracking: 5.1907
            Episode_Reward/heading_hold: 0.3513
     Episode_Reward/crouch_forward_lean: 0.3699
               Episode_Reward/feet_flat: -0.0660
         Episode_Reward/self_collisions: -0.0032
     Episode_Reward/neck_action_rate_l2: -0.1530
        Episode_Reward/joint_torques_l2: -0.0005
        Episode_Metrics/mean_action_acc: 0.4082
          Curriculum/action_rate_weight: -0.8000
                   Curriculum/com_range: 0.0030
              Curriculum/head_com_range: 0.0030
           Episode_Termination/time_out: 7.3750
          Episode_Termination/fell_over: 0.2083
Episode_Termination/out_of_terrain_bounds: 0.0000
          Episode_Termination/nan_state: 0.0000
          Metrics/angular_momentum_mean: 0.0036
--------------------------------------------------------------------------------
                         Iteration time: 3.00s
                           Time elapsed: 00:15:23
                                    ETA: 00:34:35

################################################################################
[1m                          Learning iteration 308/1000                           [0m 

                               Run name: dynamic-gate-4096x1000-20260901
                            Total steps: 30375936 
                       Steps per second: 33563 
                        Collection time: 2.737s 
                          Learning time: 0.192s 
                        Mean value loss: 0.2972
                    Mean surrogate loss: -0.0031
                      Mean entropy loss: -2.5031
                            Mean reward: 245.93
                    Mean episode length: 986.90
                        Mean action std: 0.20
                 Episode_Reward/upright: 1.8626
            Episode_Reward/body_ang_vel: -0.0662
        Episode_Reward/angular_momentum: -0.0000
          Episode_Reward/action_rate_l2: -1.4185
       Episode_Reward/crouch_glide_pose: 4.5549
    Episode_Reward/crouch_glide_pose_l1: -0.3662
           Episode_Reward/forward_speed: 1.8304
  Episode_Reward/forward_speed_tracking: 5.1122
            Episode_Reward/heading_hold: 0.3617
     Episode_Reward/crouch_forward_lean: 0.3721
               Episode_Reward/feet_flat: -0.0661
         Episode_Reward/self_collisions: -0.0038
     Episode_Reward/neck_action_rate_l2: -0.1505
        Episode_Reward/joint_torques_l2: -0.0005
        Episode_Metrics/mean_action_acc: 0.4080
          Curriculum/action_rate_weight: -0.8000
                   Curriculum/com_range: 0.0030
              Curriculum/head_com_range: 0.0030
           Episode_Termination/time_out: 8.8750
          Episode_Termination/fell_over: 0.4167
Episode_Termination/out_of_terrain_bounds: 0.0000
          Episode_Termination/nan_state: 0.0000
          Metrics/angular_momentum_mean: 0.0036
--------------------------------------------------------------------------------
                         Iteration time: 2.93s
                           Time elapsed: 00:15:26
                                    ETA: 00:34:31

################################################################################
[1m                          Learning iteration 309/1000                           [0m 

                               Run name: dynamic-gate-4096x1000-20260901
                            Total steps: 30474240 
                       Steps per second: 32615 
                        Collection time: 2.813s 
                          Learning time: 0.201s 
                        Mean value loss: 0.2570
                    Mean surrogate loss: -0.0026
                      Mean entropy loss: -2.4467
                            Mean reward: 239.45
                    Mean episode length: 963.49
                        Mean action std: 0.20
                 Episode_Reward/upright: 1.8472
            Episode_Reward/body_ang_vel: -0.0652
        Episode_Reward/angular_momentum: -0.0000
          Episode_Reward/action_rate_l2: -1.3974
       Episode_Reward/crouch_glide_pose: 4.5015
    Episode_Reward/crouch_glide_pose_l1: -0.3612
           Episode_Reward/forward_speed: 1.8072
  Episode_Reward/forward_speed_tracking: 5.0624
            Episode_Reward/heading_hold: 0.3469
     Episode_Reward/crouch_forward_lean: 0.3575
               Episode_Reward/feet_flat: -0.0644
         Episode_Reward/self_collisions: -0.0027
     Episode_Reward/neck_action_rate_l2: -0.1479
        Episode_Reward/joint_torques_l2: -0.0005
        Episode_Metrics/mean_action_acc: 0.4071
          Curriculum/action_rate_weight: -0.8000
                   Curriculum/com_range: 0.0030
              Curriculum/head_com_range: 0.0030
           Episode_Termination/time_out: 9.5000
          Episode_Termination/fell_over: 0.4583
Episode_Termination/out_of_terrain_bounds: 0.0000
          Episode_Termination/nan_state: 0.0000
          Metrics/angular_momentum_mean: 0.0036
--------------------------------------------------------------------------------
                         Iteration time: 3.01s
                           Time elapsed: 00:15:29
                                    ETA: 00:34:28

################################################################################
[1m                          Learning iteration 310/1000                           [0m 

                               Run name: dynamic-gate-4096x1000-20260901
                            Total steps: 30572544 
                       Steps per second: 32813 
                        Collection time: 2.795s 
                          Learning time: 0.201s 
                        Mean value loss: 0.2969
                    Mean surrogate loss: -0.0022
                      Mean entropy loss: -2.3853
                            Mean reward: 235.32
                    Mean episode length: 944.25
                        Mean action std: 0.20
                 Episode_Reward/upright: 1.8257
            Episode_Reward/body_ang_vel: -0.0652
        Episode_Reward/angular_momentum: -0.0000
          Episode_Reward/action_rate_l2: -1.3829
       Episode_Reward/crouch_glide_pose: 4.4672
    Episode_Reward/crouch_glide_pose_l1: -0.3578
           Episode_Reward/forward_speed: 1.7924
  Episode_Reward/forward_speed_tracking: 5.0163
            Episode_Reward/heading_hold: 0.3534
     Episode_Reward/crouch_forward_lean: 0.3603
               Episode_Reward/feet_flat: -0.0643
         Episode_Reward/self_collisions: -0.0034
     Episode_Reward/neck_action_rate_l2: -0.1468
        Episode_Reward/joint_torques_l2: -0.0005
        Episode_Metrics/mean_action_acc: 0.4062
          Curriculum/action_rate_weight: -0.8000
                   Curriculum/com_range: 0.0030
              Curriculum/head_com_range: 0.0030
           Episode_Termination/time_out: 9.3750
          Episode_Termination/fell_over: 0.5000
Episode_Termination/out_of_terrain_bounds: 0.0000
          Episode_Termination/nan_state: 0.0000
          Metrics/angular_momentum_mean: 0.0037
--------------------------------------------------------------------------------
                         Iteration time: 3.00s
                           Time elapsed: 00:15:32
                                    ETA: 00:34:25

################################################################################
[1m                          Learning iteration 311/1000                           [0m 

                               Run name: dynamic-gate-4096x1000-20260901
                            Total steps: 30670848 
                       Steps per second: 32536 
                        Collection time: 2.810s 
                          Learning time: 0.212s 
                        Mean value loss: 0.3832
                    Mean surrogate loss: -0.0035
                      Mean entropy loss: -2.3092
                            Mean reward: 241.71
                    Mean episode length: 969.79
                        Mean action std: 0.21
                 Episode_Reward/upright: 1.8744
            Episode_Reward/body_ang_vel: -0.0668
        Episode_Reward/angular_momentum: -0.0000
          Episode_Reward/action_rate_l2: -1.4127
       Episode_Reward/crouch_glide_pose: 4.5889
    Episode_Reward/crouch_glide_pose_l1: -0.3660
           Episode_Reward/forward_speed: 1.8420
  Episode_Reward/forward_speed_tracking: 5.1563
            Episode_Reward/heading_hold: 0.3517
     Episode_Reward/crouch_forward_lean: 0.3680
               Episode_Reward/feet_flat: -0.0664
         Episode_Reward/self_collisions: -0.0029
     Episode_Reward/neck_action_rate_l2: -0.1498
        Episode_Reward/joint_torques_l2: -0.0005
        Episode_Metrics/mean_action_acc: 0.4054
          Curriculum/action_rate_weight: -0.8000
                   Curriculum/com_range: 0.0030
              Curriculum/head_com_range: 0.0030
           Episode_Termination/time_out: 9.5833
          Episode_Termination/fell_over: 0.3750
Episode_Termination/out_of_terrain_bounds: 0.0000
          Episode_Termination/nan_state: 0.0000
          Metrics/angular_momentum_mean: 0.0037
--------------------------------------------------------------------------------
                         Iteration time: 3.02s
                           Time elapsed: 00:15:35
                                    ETA: 00:34:23

################################################################################
[1m                          Learning iteration 312/1000                           [0m 

                               Run name: dynamic-gate-4096x1000-20260901
                            Total steps: 30769152 
                       Steps per second: 31481 
                        Collection time: 2.914s 
                          Learning time: 0.208s 
                        Mean value loss: 0.1725
                    Mean surrogate loss: -0.0009
                      Mean entropy loss: -2.2424
                            Mean reward: 226.31
                    Mean episode length: 911.73
                        Mean action std: 0.21
                 Episode_Reward/upright: 1.8073
            Episode_Reward/body_ang_vel: -0.0648
        Episode_Reward/angular_momentum: -0.0000
          Episode_Reward/action_rate_l2: -1.3575
       Episode_Reward/crouch_glide_pose: 4.4112
    Episode_Reward/crouch_glide_pose_l1: -0.3538
           Episode_Reward/forward_speed: 1.7704
  Episode_Reward/forward_speed_tracking: 4.9435
            Episode_Reward/heading_hold: 0.3123
     Episode_Reward/crouch_forward_lean: 0.3462
               Episode_Reward/feet_flat: -0.0646
         Episode_Reward/self_collisions: -0.0033
     Episode_Reward/neck_action_rate_l2: -0.1440
        Episode_Reward/joint_torques_l2: -0.0005
        Episode_Metrics/mean_action_acc: 0.4040
          Curriculum/action_rate_weight: -0.8000
                   Curriculum/com_range: 0.0030
              Curriculum/head_com_range: 0.0030
           Episode_Termination/time_out: 8.4167
          Episode_Termination/fell_over: 0.5833
Episode_Termination/out_of_terrain_bounds: 0.0000
          Episode_Termination/nan_state: 0.0000
          Metrics/angular_momentum_mean: 0.0037
--------------------------------------------------------------------------------
                         Iteration time: 3.12s
                           Time elapsed: 00:15:38
                                    ETA: 00:34:20

################################################################################
[1m                          Learning iteration 313/1000                           [0m 

                               Run name: dynamic-gate-4096x1000-20260901
                            Total steps: 30867456 
                       Steps per second: 33525 
                        Collection time: 2.739s 
                          Learning time: 0.194s 
                        Mean value loss: 0.2613
                    Mean surrogate loss: -0.0023
                      Mean entropy loss: -2.2224
                            Mean reward: 240.00
                    Mean episode length: 961.55
                        Mean action std: 0.21
                 Episode_Reward/upright: 1.8795
            Episode_Reward/body_ang_vel: -0.0679
        Episode_Reward/angular_momentum: -0.0000
          Episode_Reward/action_rate_l2: -1.4087
       Episode_Reward/crouch_glide_pose: 4.5859
    Episode_Reward/crouch_glide_pose_l1: -0.3662
           Episode_Reward/forward_speed: 1.8432
  Episode_Reward/forward_speed_tracking: 5.1513
            Episode_Reward/heading_hold: 0.3502
     Episode_Reward/crouch_forward_lean: 0.3626
               Episode_Reward/feet_flat: -0.0666
         Episode_Reward/self_collisions: -0.0034
     Episode_Reward/neck_action_rate_l2: -0.1494
        Episode_Reward/joint_torques_l2: -0.0005
        Episode_Metrics/mean_action_acc: 0.4043
          Curriculum/action_rate_weight: -0.8000
                   Curriculum/com_range: 0.0030
              Curriculum/head_com_range: 0.0030
           Episode_Termination/time_out: 8.0833
          Episode_Termination/fell_over: 0.2500
Episode_Termination/out_of_terrain_bounds: 0.0000
          Episode_Termination/nan_state: 0.0000
          Metrics/angular_momentum_mean: 0.0036
--------------------------------------------------------------------------------
                         Iteration time: 2.93s
                           Time elapsed: 00:15:41
                                    ETA: 00:34:17

################################################################################
[1m                          Learning iteration 314/1000                           [0m 

                               Run name: dynamic-gate-4096x1000-20260901
                            Total steps: 30965760 
                       Steps per second: 32544 
                        Collection time: 2.827s 
                          Learning time: 0.193s 
                        Mean value loss: 0.2026
                    Mean surrogate loss: -0.0020
                      Mean entropy loss: -2.1799
                            Mean reward: 237.22
                    Mean episode length: 951.87
                        Mean action std: 0.21
                 Episode_Reward/upright: 1.8376
            Episode_Reward/body_ang_vel: -0.0656
        Episode_Reward/angular_momentum: -0.0000
          Episode_Reward/action_rate_l2: -1.3709
       Episode_Reward/crouch_glide_pose: 4.4984
    Episode_Reward/crouch_glide_pose_l1: -0.3588
           Episode_Reward/forward_speed: 1.8053
  Episode_Reward/forward_speed_tracking: 5.0575
            Episode_Reward/heading_hold: 0.3443
     Episode_Reward/crouch_forward_lean: 0.3586
               Episode_Reward/feet_flat: -0.0650
         Episode_Reward/self_collisions: -0.0028
     Episode_Reward/neck_action_rate_l2: -0.1456
        Episode_Reward/joint_torques_l2: -0.0005
        Episode_Metrics/mean_action_acc: 0.4037
          Curriculum/action_rate_weight: -0.8000
                   Curriculum/com_range: 0.0030
              Curriculum/head_com_range: 0.0030
           Episode_Termination/time_out: 6.7917
          Episode_Termination/fell_over: 0.3750
Episode_Termination/out_of_terrain_bounds: 0.0000
          Episode_Termination/nan_state: 0.0000
          Metrics/angular_momentum_mean: 0.0036
--------------------------------------------------------------------------------
                         Iteration time: 3.02s
                           Time elapsed: 00:15:44
                                    ETA: 00:34:14

################################################################################
[1m                          Learning iteration 315/1000                           [0m 

                               Run name: dynamic-gate-4096x1000-20260901
                            Total steps: 31064064 
                       Steps per second: 33398 
                        Collection time: 2.746s 
                          Learning time: 0.198s 
                        Mean value loss: 0.1329
                    Mean surrogate loss: -0.0010
                      Mean entropy loss: -2.1739
                            Mean reward: 247.94
                    Mean episode length: 994.16
                        Mean action std: 0.21
                 Episode_Reward/upright: 1.8966
            Episode_Reward/body_ang_vel: -0.0675
        Episode_Reward/angular_momentum: -0.0000
          Episode_Reward/action_rate_l2: -1.4090
       Episode_Reward/crouch_glide_pose: 4.6407
    Episode_Reward/crouch_glide_pose_l1: -0.3684
           Episode_Reward/forward_speed: 1.8602
  Episode_Reward/forward_speed_tracking: 5.2085
            Episode_Reward/heading_hold: 0.3592
     Episode_Reward/crouch_forward_lean: 0.3620
               Episode_Reward/feet_flat: -0.0665
         Episode_Reward/self_collisions: -0.0030
     Episode_Reward/neck_action_rate_l2: -0.1492
        Episode_Reward/joint_torques_l2: -0.0005
        Episode_Metrics/mean_action_acc: 0.4025
          Curriculum/action_rate_weight: -0.8000
                   Curriculum/com_range: 0.0030
              Curriculum/head_com_range: 0.0030
           Episode_Termination/time_out: 7.6667
          Episode_Termination/fell_over: 0.2083
Episode_Termination/out_of_terrain_bounds: 0.0000
          Episode_Termination/nan_state: 0.0000
          Metrics/angular_momentum_mean: 0.0036
--------------------------------------------------------------------------------
                         Iteration time: 2.94s
                           Time elapsed: 00:15:47
                                    ETA: 00:34:11

################################################################################
[1m                          Learning iteration 316/1000                           [0m 

                               Run name: dynamic-gate-4096x1000-20260901
                            Total steps: 31162368 
                       Steps per second: 33527 
                        Collection time: 2.738s 
                          Learning time: 0.194s 
                        Mean value loss: 0.1680
                    Mean surrogate loss: -0.0025
                      Mean entropy loss: -2.1945
                            Mean reward: 241.24
                    Mean episode length: 961.48
                        Mean action std: 0.21
                 Episode_Reward/upright: 1.8047
            Episode_Reward/body_ang_vel: -0.0644
        Episode_Reward/angular_momentum: -0.0000
          Episode_Reward/action_rate_l2: -1.3358
       Episode_Reward/crouch_glide_pose: 4.4361
    Episode_Reward/crouch_glide_pose_l1: -0.3500
           Episode_Reward/forward_speed: 1.7734
  Episode_Reward/forward_speed_tracking: 4.9670
            Episode_Reward/heading_hold: 0.3807
     Episode_Reward/crouch_forward_lean: 0.3602
               Episode_Reward/feet_flat: -0.0626
         Episode_Reward/self_collisions: -0.0023
     Episode_Reward/neck_action_rate_l2: -0.1424
        Episode_Reward/joint_torques_l2: -0.0005
        Episode_Metrics/mean_action_acc: 0.4016
          Curriculum/action_rate_weight: -0.8000
                   Curriculum/com_range: 0.0030
              Curriculum/head_com_range: 0.0030
           Episode_Termination/time_out: 4.1667
          Episode_Termination/fell_over: 0.1667
Episode_Termination/out_of_terrain_bounds: 0.0000
          Episode_Termination/nan_state: 0.0000
          Metrics/angular_momentum_mean: 0.0036
--------------------------------------------------------------------------------
                         Iteration time: 2.93s
                           Time elapsed: 00:15:50
                                    ETA: 00:34:07

################################################################################
[1m                          Learning iteration 317/1000                           [0m 

                               Run name: dynamic-gate-4096x1000-20260901
                            Total steps: 31260672 
                       Steps per second: 33617 
                        Collection time: 2.728s 
                          Learning time: 0.196s 
                        Mean value loss: 0.1919
                    Mean surrogate loss: -0.0022
                      Mean entropy loss: -2.1909
                            Mean reward: 238.95
                    Mean episode length: 955.50
                        Mean action std: 0.21
                 Episode_Reward/upright: 1.8428
            Episode_Reward/body_ang_vel: -0.0658
        Episode_Reward/angular_momentum: -0.0000
          Episode_Reward/action_rate_l2: -1.3615
       Episode_Reward/crouch_glide_pose: 4.5063
    Episode_Reward/crouch_glide_pose_l1: -0.3582
           Episode_Reward/forward_speed: 1.8058
  Episode_Reward/forward_speed_tracking: 5.0676
            Episode_Reward/heading_hold: 0.3472
     Episode_Reward/crouch_forward_lean: 0.3493
               Episode_Reward/feet_flat: -0.0680
         Episode_Reward/self_collisions: -0.0047
     Episode_Reward/neck_action_rate_l2: -0.1445
        Episode_Reward/joint_torques_l2: -0.0005
        Episode_Metrics/mean_action_acc: 0.4018
          Curriculum/action_rate_weight: -0.8000
                   Curriculum/com_range: 0.0030
              Curriculum/head_com_range: 0.0030
           Episode_Termination/time_out: 4.0417
          Episode_Termination/fell_over: 0.2500
Episode_Termination/out_of_terrain_bounds: 0.0000
          Episode_Termination/nan_state: 0.0000
          Metrics/angular_momentum_mean: 0.0036
--------------------------------------------------------------------------------
                         Iteration time: 2.92s
                           Time elapsed: 00:15:53
                                    ETA: 00:34:04

################################################################################
[1m                          Learning iteration 318/1000                           [0m 

                               Run name: dynamic-gate-4096x1000-20260901
                            Total steps: 31358976 
                       Steps per second: 31351 
                        Collection time: 2.941s 
                          Learning time: 0.195s 
                        Mean value loss: 0.1386
                    Mean surrogate loss: -0.0027
                      Mean entropy loss: -2.1964
                            Mean reward: 244.49
                    Mean episode length: 976.89
                        Mean action std: 0.21
                 Episode_Reward/upright: 1.8757
            Episode_Reward/body_ang_vel: -0.0680
        Episode_Reward/angular_momentum: -0.0000
          Episode_Reward/action_rate_l2: -1.3820
       Episode_Reward/crouch_glide_pose: 4.5828
    Episode_Reward/crouch_glide_pose_l1: -0.3608
           Episode_Reward/forward_speed: 1.8366
  Episode_Reward/forward_speed_tracking: 5.1427
            Episode_Reward/heading_hold: 0.3311
     Episode_Reward/crouch_forward_lean: 0.3478
               Episode_Reward/feet_flat: -0.0689
         Episode_Reward/self_collisions: -0.0028
     Episode_Reward/neck_action_rate_l2: -0.1469
        Episode_Reward/joint_torques_l2: -0.0005
        Episode_Metrics/mean_action_acc: 0.4011
          Curriculum/action_rate_weight: -0.8000
                   Curriculum/com_range: 0.0030
              Curriculum/head_com_range: 0.0030
           Episode_Termination/time_out: 3.5833
          Episode_Termination/fell_over: 0.1667
Episode_Termination/out_of_terrain_bounds: 0.0000
          Episode_Termination/nan_state: 0.0000
          Metrics/angular_momentum_mean: 0.0036
--------------------------------------------------------------------------------
                         Iteration time: 3.14s
                           Time elapsed: 00:15:56
                                    ETA: 00:34:02

################################################################################
[1m                          Learning iteration 319/1000                           [0m 

                               Run name: dynamic-gate-4096x1000-20260901
                            Total steps: 31457280 
                       Steps per second: 32627 
                        Collection time: 2.818s 
                          Learning time: 0.195s 
                        Mean value loss: 0.1605
                    Mean surrogate loss: -0.0015
                      Mean entropy loss: -2.1888
                            Mean reward: 240.28
                    Mean episode length: 962.11
                        Mean action std: 0.21
                 Episode_Reward/upright: 1.8605
            Episode_Reward/body_ang_vel: -0.0669
        Episode_Reward/angular_momentum: -0.0000
          Episode_Reward/action_rate_l2: -1.3737
       Episode_Reward/crouch_glide_pose: 4.5483
    Episode_Reward/crouch_glide_pose_l1: -0.3613
           Episode_Reward/forward_speed: 1.8211
  Episode_Reward/forward_speed_tracking: 5.0902
            Episode_Reward/heading_hold: 0.3808
     Episode_Reward/crouch_forward_lean: 0.3399
               Episode_Reward/feet_flat: -0.0686
         Episode_Reward/self_collisions: -0.0045
     Episode_Reward/neck_action_rate_l2: -0.1464
        Episode_Reward/joint_torques_l2: -0.0005
        Episode_Metrics/mean_action_acc: 0.4005
          Curriculum/action_rate_weight: -0.8000
                   Curriculum/com_range: 0.0030
              Curriculum/head_com_range: 0.0030
           Episode_Termination/time_out: 3.1667
          Episode_Termination/fell_over: 0.2083
Episode_Termination/out_of_terrain_bounds: 0.0000
          Episode_Termination/nan_state: 0.0000
          Metrics/angular_momentum_mean: 0.0036
--------------------------------------------------------------------------------
                         Iteration time: 3.01s
                           Time elapsed: 00:15:59
                                    ETA: 00:33:59

################################################################################
[1m                          Learning iteration 320/1000                           [0m 

                               Run name: dynamic-gate-4096x1000-20260901
                            Total steps: 31555584 
                       Steps per second: 33420 
                        Collection time: 2.748s 
                          Learning time: 0.193s 
                        Mean value loss: 0.1291
                    Mean surrogate loss: -0.0018
                      Mean entropy loss: -2.2010
                            Mean reward: 232.18
                    Mean episode length: 929.47
                        Mean action std: 0.21
                 Episode_Reward/upright: 1.8040
            Episode_Reward/body_ang_vel: -0.0642
        Episode_Reward/angular_momentum: -0.0000
          Episode_Reward/action_rate_l2: -1.3188
       Episode_Reward/crouch_glide_pose: 4.4256
    Episode_Reward/crouch_glide_pose_l1: -0.3468
           Episode_Reward/forward_speed: 1.7690
  Episode_Reward/forward_speed_tracking: 4.9645
            Episode_Reward/heading_hold: 0.3135
     Episode_Reward/crouch_forward_lean: 0.3445
               Episode_Reward/feet_flat: -0.0658
         Episode_Reward/self_collisions: -0.0032
     Episode_Reward/neck_action_rate_l2: -0.1399
        Episode_Reward/joint_torques_l2: -0.0005
        Episode_Metrics/mean_action_acc: 0.3990
          Curriculum/action_rate_weight: -0.8000
                   Curriculum/com_range: 0.0030
              Curriculum/head_com_range: 0.0030
           Episode_Termination/time_out: 3.1250
          Episode_Termination/fell_over: 0.2917
Episode_Termination/out_of_terrain_bounds: 0.0000
          Episode_Termination/nan_state: 0.0000
          Metrics/angular_momentum_mean: 0.0036
--------------------------------------------------------------------------------
                         Iteration time: 2.94s
                           Time elapsed: 00:16:02
                                    ETA: 00:33:55

################################################################################
[1m                          Learning iteration 321/1000                           [0m 

                               Run name: dynamic-gate-4096x1000-20260901
                            Total steps: 31653888 
                       Steps per second: 33165 
                        Collection time: 2.744s 
                          Learning time: 0.220s 
                        Mean value loss: 0.1933
                    Mean surrogate loss: -0.0038
                      Mean entropy loss: -2.2148
                            Mean reward: 235.89
                    Mean episode length: 941.80
                        Mean action std: 0.21
                 Episode_Reward/upright: 1.8377
            Episode_Reward/body_ang_vel: -0.0673
        Episode_Reward/angular_momentum: -0.0000
          Episode_Reward/action_rate_l2: -1.3461
       Episode_Reward/crouch_glide_pose: 4.5123
    Episode_Reward/crouch_glide_pose_l1: -0.3548
           Episode_Reward/forward_speed: 1.8040
  Episode_Reward/forward_speed_tracking: 5.0335
            Episode_Reward/heading_hold: 0.3896
     Episode_Reward/crouch_forward_lean: 0.3459
               Episode_Reward/feet_flat: -0.0673
         Episode_Reward/self_collisions: -0.0029
     Episode_Reward/neck_action_rate_l2: -0.1435
        Episode_Reward/joint_torques_l2: -0.0005
        Episode_Metrics/mean_action_acc: 0.3989
          Curriculum/action_rate_weight: -0.8000
                   Curriculum/com_range: 0.0030
              Curriculum/head_com_range: 0.0030
           Episode_Termination/time_out: 2.4167
          Episode_Termination/fell_over: 0.1667
Episode_Termination/out_of_terrain_bounds: 0.0000
          Episode_Termination/nan_state: 0.0000
          Metrics/angular_momentum_mean: 0.0036
--------------------------------------------------------------------------------
                         Iteration time: 2.96s
                           Time elapsed: 00:16:05
                                    ETA: 00:33:52

################################################################################
[1m                          Learning iteration 322/1000                           [0m 

                               Run name: dynamic-gate-4096x1000-20260901
                            Total steps: 31752192 
                       Steps per second: 32350 
                        Collection time: 2.813s 
                          Learning time: 0.226s 
                        Mean value loss: 0.1661
                    Mean surrogate loss: -0.0021
                      Mean entropy loss: -2.1916
                            Mean reward: 231.06
                    Mean episode length: 924.32
                        Mean action std: 0.21
                 Episode_Reward/upright: 1.8069
            Episode_Reward/body_ang_vel: -0.0666
        Episode_Reward/angular_momentum: -0.0000
          Episode_Reward/action_rate_l2: -1.3280
       Episode_Reward/crouch_glide_pose: 4.4607
    Episode_Reward/crouch_glide_pose_l1: -0.3508
           Episode_Reward/forward_speed: 1.7802
  Episode_Reward/forward_speed_tracking: 4.9482
            Episode_Reward/heading_hold: 0.3278
     Episode_Reward/crouch_forward_lean: 0.3514
               Episode_Reward/feet_flat: -0.0667
         Episode_Reward/self_collisions: -0.0029
     Episode_Reward/neck_action_rate_l2: -0.1427
        Episode_Reward/joint_torques_l2: -0.0005
        Episode_Metrics/mean_action_acc: 0.3988
          Curriculum/action_rate_weight: -0.8000
                   Curriculum/com_range: 0.0030
              Curriculum/head_com_range: 0.0030
           Episode_Termination/time_out: 2.8750
          Episode_Termination/fell_over: 0.3750
Episode_Termination/out_of_terrain_bounds: 0.0000
          Episode_Termination/nan_state: 0.0000
          Metrics/angular_momentum_mean: 0.0036
--------------------------------------------------------------------------------
                         Iteration time: 3.04s
                           Time elapsed: 00:16:08
                                    ETA: 00:33:50

################################################################################
[1m                          Learning iteration 323/1000                           [0m 

                               Run name: dynamic-gate-4096x1000-20260901
                            Total steps: 31850496 
                       Steps per second: 31939 
                        Collection time: 2.865s 
                          Learning time: 0.213s 
                        Mean value loss: 0.1004
                    Mean surrogate loss: -0.0013
                      Mean entropy loss: -2.2134
                            Mean reward: 235.41
                    Mean episode length: 939.87
                        Mean action std: 0.21
                 Episode_Reward/upright: 1.8954
            Episode_Reward/body_ang_vel: -0.0669
        Episode_Reward/angular_momentum: -0.0000
          Episode_Reward/action_rate_l2: -1.3828
       Episode_Reward/crouch_glide_pose: 4.6785
    Episode_Reward/crouch_glide_pose_l1: -0.3653
           Episode_Reward/forward_speed: 1.8706
  Episode_Reward/forward_speed_tracking: 5.2346
            Episode_Reward/heading_hold: 0.3190
     Episode_Reward/crouch_forward_lean: 0.3688
               Episode_Reward/feet_flat: -0.0679
         Episode_Reward/self_collisions: -0.0018
     Episode_Reward/neck_action_rate_l2: -0.1482
        Episode_Reward/joint_torques_l2: -0.0005
        Episode_Metrics/mean_action_acc: 0.3974
          Curriculum/action_rate_weight: -0.8000
                   Curriculum/com_range: 0.0030
              Curriculum/head_com_range: 0.0030
           Episode_Termination/time_out: 2.7083
          Episode_Termination/fell_over: 0.0417
Episode_Termination/out_of_terrain_bounds: 0.0000
          Episode_Termination/nan_state: 0.0000
          Metrics/angular_momentum_mean: 0.0037
--------------------------------------------------------------------------------
                         Iteration time: 3.08s
                           Time elapsed: 00:16:11
                                    ETA: 00:33:47

################################################################################
[1m                          Learning iteration 324/1000                           [0m 

                               Run name: dynamic-gate-4096x1000-20260901
                            Total steps: 31948800 
                       Steps per second: 32172 
                        Collection time: 2.845s 
                          Learning time: 0.211s 
                        Mean value loss: 0.1286
                    Mean surrogate loss: -0.0013
                      Mean entropy loss: -2.2469
                            Mean reward: 240.06
                    Mean episode length: 959.25
                        Mean action std: 0.21
                 Episode_Reward/upright: 1.8097
            Episode_Reward/body_ang_vel: -0.0670
        Episode_Reward/angular_momentum: -0.0000
          Episode_Reward/action_rate_l2: -1.3145
       Episode_Reward/crouch_glide_pose: 4.4754
    Episode_Reward/crouch_glide_pose_l1: -0.3509
           Episode_Reward/forward_speed: 1.7901
  Episode_Reward/forward_speed_tracking: 5.0085
            Episode_Reward/heading_hold: 0.3190
     Episode_Reward/crouch_forward_lean: 0.3522
               Episode_Reward/feet_flat: -0.0703
         Episode_Reward/self_collisions: -0.0041
     Episode_Reward/neck_action_rate_l2: -0.1402
        Episode_Reward/joint_torques_l2: -0.0005
        Episode_Metrics/mean_action_acc: 0.3964
          Curriculum/action_rate_weight: -0.8000
                   Curriculum/com_range: 0.0030
              Curriculum/head_com_range: 0.0030
           Episode_Termination/time_out: 2.3750
          Episode_Termination/fell_over: 0.2500
Episode_Termination/out_of_terrain_bounds: 0.0000
          Episode_Termination/nan_state: 0.0000
          Metrics/angular_momentum_mean: 0.0036
--------------------------------------------------------------------------------
                         Iteration time: 3.06s
                           Time elapsed: 00:16:14
                                    ETA: 00:33:44

################################################################################
[1m                          Learning iteration 325/1000                           [0m 

                               Run name: dynamic-gate-4096x1000-20260901
                            Total steps: 32047104 
                       Steps per second: 28624 
                        Collection time: 3.219s 
                          Learning time: 0.216s 
                        Mean value loss: 0.1596
                    Mean surrogate loss: -0.0036
                      Mean entropy loss: -2.2589
                            Mean reward: 233.27
                    Mean episode length: 933.33
                        Mean action std: 0.21
                 Episode_Reward/upright: 1.8666
            Episode_Reward/body_ang_vel: -0.0668
        Episode_Reward/angular_momentum: -0.0000
          Episode_Reward/action_rate_l2: -1.3512
       Episode_Reward/crouch_glide_pose: 4.5669
    Episode_Reward/crouch_glide_pose_l1: -0.3572
           Episode_Reward/forward_speed: 1.8264
  Episode_Reward/forward_speed_tracking: 5.1128
            Episode_Reward/heading_hold: 0.3304
     Episode_Reward/crouch_forward_lean: 0.3414
               Episode_Reward/feet_flat: -0.0700
         Episode_Reward/self_collisions: -0.0024
     Episode_Reward/neck_action_rate_l2: -0.1437
        Episode_Reward/joint_torques_l2: -0.0005
        Episode_Metrics/mean_action_acc: 0.3985
          Curriculum/action_rate_weight: -0.8000
                   Curriculum/com_range: 0.0030
              Curriculum/head_com_range: 0.0030
           Episode_Termination/time_out: 2.1667
          Episode_Termination/fell_over: 0.1667
Episode_Termination/out_of_terrain_bounds: 0.0000
          Episode_Termination/nan_state: 0.0000
          Metrics/angular_momentum_mean: 0.0036
--------------------------------------------------------------------------------
                         Iteration time: 3.43s
                           Time elapsed: 00:16:18
                                    ETA: 00:33:42

################################################################################
[1m                          Learning iteration 326/1000                           [0m 

                               Run name: dynamic-gate-4096x1000-20260901
                            Total steps: 32145408 
                       Steps per second: 31476 
                        Collection time: 2.917s 
                          Learning time: 0.206s 
                        Mean value loss: 0.1409
                    Mean surrogate loss: -0.0034
                      Mean entropy loss: -2.2598
                            Mean reward: 234.60
                    Mean episode length: 940.40
                        Mean action std: 0.21
                 Episode_Reward/upright: 1.8488
            Episode_Reward/body_ang_vel: -0.0701
        Episode_Reward/angular_momentum: -0.0000
          Episode_Reward/action_rate_l2: -1.3386
       Episode_Reward/crouch_glide_pose: 4.5563
    Episode_Reward/crouch_glide_pose_l1: -0.3567
           Episode_Reward/forward_speed: 1.8150
  Episode_Reward/forward_speed_tracking: 5.0669
            Episode_Reward/heading_hold: 0.3177
     Episode_Reward/crouch_forward_lean: 0.3462
               Episode_Reward/feet_flat: -0.0702
         Episode_Reward/self_collisions: -0.0041
     Episode_Reward/neck_action_rate_l2: -0.1444
        Episode_Reward/joint_torques_l2: -0.0005
        Episode_Metrics/mean_action_acc: 0.3953
          Curriculum/action_rate_weight: -0.8000
                   Curriculum/com_range: 0.0030
              Curriculum/head_com_range: 0.0030
           Episode_Termination/time_out: 2.3333
          Episode_Termination/fell_over: 0.2500
Episode_Termination/out_of_terrain_bounds: 0.0000
          Episode_Termination/nan_state: 0.0000
          Metrics/angular_momentum_mean: 0.0036
--------------------------------------------------------------------------------
                         Iteration time: 3.12s
                           Time elapsed: 00:16:21
                                    ETA: 00:33:39

################################################################################
[1m                          Learning iteration 327/1000                           [0m 

                               Run name: dynamic-gate-4096x1000-20260901
                            Total steps: 32243712 
                       Steps per second: 33769 
                        Collection time: 2.702s 
                          Learning time: 0.209s 
                        Mean value loss: 0.1537
                    Mean surrogate loss: -0.0028
                      Mean entropy loss: -2.2422
                            Mean reward: 234.23
                    Mean episode length: 936.48
                        Mean action std: 0.21
                 Episode_Reward/upright: 1.8601
            Episode_Reward/body_ang_vel: -0.0650
        Episode_Reward/angular_momentum: -0.0000
          Episode_Reward/action_rate_l2: -1.3316
       Episode_Reward/crouch_glide_pose: 4.5686
    Episode_Reward/crouch_glide_pose_l1: -0.3524
           Episode_Reward/forward_speed: 1.8224
  Episode_Reward/forward_speed_tracking: 5.1231
            Episode_Reward/heading_hold: 0.3685
     Episode_Reward/crouch_forward_lean: 0.3493
               Episode_Reward/feet_flat: -0.0678
         Episode_Reward/self_collisions: -0.0028
     Episode_Reward/neck_action_rate_l2: -0.1435
        Episode_Reward/joint_torques_l2: -0.0005
        Episode_Metrics/mean_action_acc: 0.3959
          Curriculum/action_rate_weight: -0.8000
                   Curriculum/com_range: 0.0030
              Curriculum/head_com_range: 0.0030
           Episode_Termination/time_out: 2.2500
          Episode_Termination/fell_over: 0.1667
Episode_Termination/out_of_terrain_bounds: 0.0000
          Episode_Termination/nan_state: 0.0000
          Metrics/angular_momentum_mean: 0.0036
--------------------------------------------------------------------------------
                         Iteration time: 2.91s
                           Time elapsed: 00:16:24
                                    ETA: 00:33:36

################################################################################
[1m                          Learning iteration 328/1000                           [0m 

                               Run name: dynamic-gate-4096x1000-20260901
                            Total steps: 32342016 
                       Steps per second: 33533 
                        Collection time: 2.745s 
                          Learning time: 0.186s 
                        Mean value loss: 0.1296
                    Mean surrogate loss: -0.0027
                      Mean entropy loss: -2.2626
                            Mean reward: 238.93
                    Mean episode length: 950.02
                        Mean action std: 0.21
                 Episode_Reward/upright: 1.8547
            Episode_Reward/body_ang_vel: -0.0659
        Episode_Reward/angular_momentum: -0.0000
          Episode_Reward/action_rate_l2: -1.3325
       Episode_Reward/crouch_glide_pose: 4.5862
    Episode_Reward/crouch_glide_pose_l1: -0.3525
           Episode_Reward/forward_speed: 1.8276
  Episode_Reward/forward_speed_tracking: 5.1142
            Episode_Reward/heading_hold: 0.3159
     Episode_Reward/crouch_forward_lean: 0.3546
               Episode_Reward/feet_flat: -0.0687
         Episode_Reward/self_collisions: -0.0019
     Episode_Reward/neck_action_rate_l2: -0.1436
        Episode_Reward/joint_torques_l2: -0.0005
        Episode_Metrics/mean_action_acc: 0.3945
          Curriculum/action_rate_weight: -0.8000
                   Curriculum/com_range: 0.0030
              Curriculum/head_com_range: 0.0030
           Episode_Termination/time_out: 3.1250
          Episode_Termination/fell_over: 0.1250
Episode_Termination/out_of_terrain_bounds: 0.0000
          Episode_Termination/nan_state: 0.0000
          Metrics/angular_momentum_mean: 0.0036
--------------------------------------------------------------------------------
                         Iteration time: 2.93s
                           Time elapsed: 00:16:27
                                    ETA: 00:33:33

################################################################################
[1m                          Learning iteration 329/1000                           [0m 

                               Run name: dynamic-gate-4096x1000-20260901
                            Total steps: 32440320 
                       Steps per second: 32719 
                        Collection time: 2.802s 
                          Learning time: 0.202s 
                        Mean value loss: 0.0989
                    Mean surrogate loss: -0.0032
                      Mean entropy loss: -2.2909
                            Mean reward: 238.12
                    Mean episode length: 948.45
                        Mean action std: 0.21
                 Episode_Reward/upright: 1.8311
            Episode_Reward/body_ang_vel: -0.0655
        Episode_Reward/angular_momentum: -0.0000
          Episode_Reward/action_rate_l2: -1.3120
       Episode_Reward/crouch_glide_pose: 4.5161
    Episode_Reward/crouch_glide_pose_l1: -0.3480
           Episode_Reward/forward_speed: 1.8020
  Episode_Reward/forward_speed_tracking: 5.0386
            Episode_Reward/heading_hold: 0.3073
     Episode_Reward/crouch_forward_lean: 0.3507
               Episode_Reward/feet_flat: -0.0682
         Episode_Reward/self_collisions: -0.0015
     Episode_Reward/neck_action_rate_l2: -0.1400
        Episode_Reward/joint_torques_l2: -0.0005
        Episode_Metrics/mean_action_acc: 0.3943
          Curriculum/action_rate_weight: -0.8000
                   Curriculum/com_range: 0.0030
              Curriculum/head_com_range: 0.0030
           Episode_Termination/time_out: 2.9583
          Episode_Termination/fell_over: 0.2083
Episode_Termination/out_of_terrain_bounds: 0.0000
          Episode_Termination/nan_state: 0.0000
          Metrics/angular_momentum_mean: 0.0036
--------------------------------------------------------------------------------
                         Iteration time: 3.00s
                           Time elapsed: 00:16:30
                                    ETA: 00:33:30

################################################################################
[1m                          Learning iteration 330/1000                           [0m 

                               Run name: dynamic-gate-4096x1000-20260901
                            Total steps: 32538624 
                       Steps per second: 32836 
                        Collection time: 2.788s 
                          Learning time: 0.205s 
                        Mean value loss: 0.1469
                    Mean surrogate loss: -0.0032
                      Mean entropy loss: -2.3379
                            Mean reward: 239.08
                    Mean episode length: 951.02
                        Mean action std: 0.21
                 Episode_Reward/upright: 1.8694
            Episode_Reward/body_ang_vel: -0.0665
        Episode_Reward/angular_momentum: -0.0000
          Episode_Reward/action_rate_l2: -1.3359
       Episode_Reward/crouch_glide_pose: 4.6203
    Episode_Reward/crouch_glide_pose_l1: -0.3548
           Episode_Reward/forward_speed: 1.8408
  Episode_Reward/forward_speed_tracking: 5.1459
            Episode_Reward/heading_hold: 0.3354
     Episode_Reward/crouch_forward_lean: 0.3612
               Episode_Reward/feet_flat: -0.0692
         Episode_Reward/self_collisions: -0.0019
     Episode_Reward/neck_action_rate_l2: -0.1439
        Episode_Reward/joint_torques_l2: -0.0005
        Episode_Metrics/mean_action_acc: 0.3942
          Curriculum/action_rate_weight: -0.8000
                   Curriculum/com_range: 0.0030
              Curriculum/head_com_range: 0.0030
           Episode_Termination/time_out: 2.8333
          Episode_Termination/fell_over: 0.1667
Episode_Termination/out_of_terrain_bounds: 0.0000
          Episode_Termination/nan_state: 0.0000
          Metrics/angular_momentum_mean: 0.0036
--------------------------------------------------------------------------------
                         Iteration time: 2.99s
                           Time elapsed: 00:16:33
                                    ETA: 00:33:27

################################################################################
[1m                          Learning iteration 331/1000                           [0m 

                               Run name: dynamic-gate-4096x1000-20260901
                            Total steps: 32636928 
                       Steps per second: 33204 
                        Collection time: 2.769s 
                          Learning time: 0.192s 
                        Mean value loss: 0.1086
                    Mean surrogate loss: -0.0024
                      Mean entropy loss: -2.3497
                            Mean reward: 238.86
                    Mean episode length: 951.24
                        Mean action std: 0.20
                 Episode_Reward/upright: 1.8171
            Episode_Reward/body_ang_vel: -0.0648
        Episode_Reward/angular_momentum: -0.0000
          Episode_Reward/action_rate_l2: -1.3010
       Episode_Reward/crouch_glide_pose: 4.5006
    Episode_Reward/crouch_glide_pose_l1: -0.3468
           Episode_Reward/forward_speed: 1.7879
  Episode_Reward/forward_speed_tracking: 4.9979
            Episode_Reward/heading_hold: 0.3152
     Episode_Reward/crouch_forward_lean: 0.3631
               Episode_Reward/feet_flat: -0.0668
         Episode_Reward/self_collisions: -0.0017
     Episode_Reward/neck_action_rate_l2: -0.1395
        Episode_Reward/joint_torques_l2: -0.0005
        Episode_Metrics/mean_action_acc: 0.3934
          Curriculum/action_rate_weight: -0.8000
                   Curriculum/com_range: 0.0030
              Curriculum/head_com_range: 0.0030
           Episode_Termination/time_out: 3.4583
          Episode_Termination/fell_over: 0.2917
Episode_Termination/out_of_terrain_bounds: 0.0000
          Episode_Termination/nan_state: 0.0000
          Metrics/angular_momentum_mean: 0.0036
--------------------------------------------------------------------------------
                         Iteration time: 2.96s
                           Time elapsed: 00:16:36
                                    ETA: 00:33:24

################################################################################
[1m                          Learning iteration 332/1000                           [0m 

                               Run name: dynamic-gate-4096x1000-20260901
                            Total steps: 32735232 
                       Steps per second: 33738 
                        Collection time: 2.721s 
                          Learning time: 0.193s 
                        Mean value loss: 0.0752
                    Mean surrogate loss: -0.0033
                      Mean entropy loss: -2.4415
                            Mean reward: 239.85
                    Mean episode length: 952.55
                        Mean action std: 0.20
                 Episode_Reward/upright: 1.7408
            Episode_Reward/body_ang_vel: -0.0629
        Episode_Reward/angular_momentum: -0.0000
          Episode_Reward/action_rate_l2: -1.2449
       Episode_Reward/crouch_glide_pose: 4.3142
    Episode_Reward/crouch_glide_pose_l1: -0.3321
           Episode_Reward/forward_speed: 1.7112
  Episode_Reward/forward_speed_tracking: 4.7793
            Episode_Reward/heading_hold: 0.3750
     Episode_Reward/crouch_forward_lean: 0.3329
               Episode_Reward/feet_flat: -0.0637
         Episode_Reward/self_collisions: -0.0019
     Episode_Reward/neck_action_rate_l2: -0.1348
        Episode_Reward/joint_torques_l2: -0.0005
        Episode_Metrics/mean_action_acc: 0.3931
          Curriculum/action_rate_weight: -0.8000
                   Curriculum/com_range: 0.0030
              Curriculum/head_com_range: 0.0030
           Episode_Termination/time_out: 2.7500
          Episode_Termination/fell_over: 0.1667
Episode_Termination/out_of_terrain_bounds: 0.0000
          Episode_Termination/nan_state: 0.0000
          Metrics/angular_momentum_mean: 0.0036
--------------------------------------------------------------------------------
                         Iteration time: 2.91s
                           Time elapsed: 00:16:38
                                    ETA: 00:33:20

################################################################################
[1m                          Learning iteration 333/1000                           [0m 

                               Run name: dynamic-gate-4096x1000-20260901
                            Total steps: 32833536 
                       Steps per second: 34669 
                        Collection time: 2.644s 
                          Learning time: 0.192s 
                        Mean value loss: 0.2558
                    Mean surrogate loss: -0.0034
                      Mean entropy loss: -2.4546
                            Mean reward: 242.03
                    Mean episode length: 961.38
                        Mean action std: 0.20
                 Episode_Reward/upright: 1.8684
            Episode_Reward/body_ang_vel: -0.0661
        Episode_Reward/angular_momentum: -0.0000
          Episode_Reward/action_rate_l2: -1.3306
       Episode_Reward/crouch_glide_pose: 4.6238
    Episode_Reward/crouch_glide_pose_l1: -0.3548
           Episode_Reward/forward_speed: 1.8377
  Episode_Reward/forward_speed_tracking: 5.1468
            Episode_Reward/heading_hold: 0.3644
     Episode_Reward/crouch_forward_lean: 0.3542
               Episode_Reward/feet_flat: -0.0686
         Episode_Reward/self_collisions: -0.0017
     Episode_Reward/neck_action_rate_l2: -0.1432
        Episode_Reward/joint_torques_l2: -0.0005
        Episode_Metrics/mean_action_acc: 0.3928
          Curriculum/action_rate_weight: -0.8000
                   Curriculum/com_range: 0.0030
              Curriculum/head_com_range: 0.0030
           Episode_Termination/time_out: 2.7500
          Episode_Termination/fell_over: 0.1250
Episode_Termination/out_of_terrain_bounds: 0.0000
          Episode_Termination/nan_state: 0.0000
          Metrics/angular_momentum_mean: 0.0036
--------------------------------------------------------------------------------
                         Iteration time: 2.84s
                           Time elapsed: 00:16:41
                                    ETA: 00:33:17

################################################################################
[1m                          Learning iteration 334/1000                           [0m 

                               Run name: dynamic-gate-4096x1000-20260901
                            Total steps: 32931840 
                       Steps per second: 34054 
                        Collection time: 2.697s 
                          Learning time: 0.190s 
                        Mean value loss: 0.1450
                    Mean surrogate loss: -0.0023
                      Mean entropy loss: -2.4184
                            Mean reward: 238.27
                    Mean episode length: 945.45
                        Mean action std: 0.20
                 Episode_Reward/upright: 1.8458
            Episode_Reward/body_ang_vel: -0.0651
        Episode_Reward/angular_momentum: -0.0000
          Episode_Reward/action_rate_l2: -1.3110
       Episode_Reward/crouch_glide_pose: 4.5643
    Episode_Reward/crouch_glide_pose_l1: -0.3505
           Episode_Reward/forward_speed: 1.8147
  Episode_Reward/forward_speed_tracking: 5.0961
            Episode_Reward/heading_hold: 0.3582
     Episode_Reward/crouch_forward_lean: 0.3601
               Episode_Reward/feet_flat: -0.0680
         Episode_Reward/self_collisions: -0.0023
     Episode_Reward/neck_action_rate_l2: -0.1420
        Episode_Reward/joint_torques_l2: -0.0005
        Episode_Metrics/mean_action_acc: 0.3923
          Curriculum/action_rate_weight: -0.8000
                   Curriculum/com_range: 0.0030
              Curriculum/head_com_range: 0.0030
           Episode_Termination/time_out: 2.2500
          Episode_Termination/fell_over: 0.2917
Episode_Termination/out_of_terrain_bounds: 0.0000
          Episode_Termination/nan_state: 0.0000
          Metrics/angular_momentum_mean: 0.0036
--------------------------------------------------------------------------------
                         Iteration time: 2.89s
                           Time elapsed: 00:16:44
                                    ETA: 00:33:14

################################################################################
[1m                          Learning iteration 335/1000                           [0m 

                               Run name: dynamic-gate-4096x1000-20260901
                            Total steps: 33030144 
                       Steps per second: 32590 
                        Collection time: 2.808s 
                          Learning time: 0.208s 
                        Mean value loss: 0.0369
                    Mean surrogate loss: -0.0055
                      Mean entropy loss: -2.4959
                            Mean reward: 235.32
                    Mean episode length: 937.22
                        Mean action std: 0.20
                 Episode_Reward/upright: 1.8513
            Episode_Reward/body_ang_vel: -0.0662
        Episode_Reward/angular_momentum: -0.0000
          Episode_Reward/action_rate_l2: -1.3175
       Episode_Reward/crouch_glide_pose: 4.5822
    Episode_Reward/crouch_glide_pose_l1: -0.3527
           Episode_Reward/forward_speed: 1.8233
  Episode_Reward/forward_speed_tracking: 5.0863
            Episode_Reward/heading_hold: 0.3616
     Episode_Reward/crouch_forward_lean: 0.3480
               Episode_Reward/feet_flat: -0.0695
         Episode_Reward/self_collisions: -0.0022
     Episode_Reward/neck_action_rate_l2: -0.1430
        Episode_Reward/joint_torques_l2: -0.0005
        Episode_Metrics/mean_action_acc: 0.3928
          Curriculum/action_rate_weight: -0.8000
                   Curriculum/com_range: 0.0030
              Curriculum/head_com_range: 0.0030
           Episode_Termination/time_out: 2.8750
          Episode_Termination/fell_over: 0.1667
Episode_Termination/out_of_terrain_bounds: 0.0000
          Episode_Termination/nan_state: 0.0000
          Metrics/angular_momentum_mean: 0.0036
--------------------------------------------------------------------------------
                         Iteration time: 3.02s
                           Time elapsed: 00:16:47
                                    ETA: 00:33:11

################################################################################
[1m                          Learning iteration 336/1000                           [0m 

                               Run name: dynamic-gate-4096x1000-20260901
                            Total steps: 33128448 
                       Steps per second: 35267 
                        Collection time: 2.598s 
                          Learning time: 0.189s 
                        Mean value loss: 0.1921
                    Mean surrogate loss: -0.0030
                      Mean entropy loss: -2.5483
                            Mean reward: 245.54
                    Mean episode length: 975.17
                        Mean action std: 0.20
                 Episode_Reward/upright: 1.8898
            Episode_Reward/body_ang_vel: -0.0691
        Episode_Reward/angular_momentum: -0.0000
          Episode_Reward/action_rate_l2: -1.3471
       Episode_Reward/crouch_glide_pose: 4.6950
    Episode_Reward/crouch_glide_pose_l1: -0.3573
           Episode_Reward/forward_speed: 1.8640
  Episode_Reward/forward_speed_tracking: 5.2017
            Episode_Reward/heading_hold: 0.3609
     Episode_Reward/crouch_forward_lean: 0.3656
               Episode_Reward/feet_flat: -0.0697
         Episode_Reward/self_collisions: -0.0015
     Episode_Reward/neck_action_rate_l2: -0.1462
        Episode_Reward/joint_torques_l2: -0.0005
        Episode_Metrics/mean_action_acc: 0.3918
          Curriculum/action_rate_weight: -0.8000
                   Curriculum/com_range: 0.0030
              Curriculum/head_com_range: 0.0030
           Episode_Termination/time_out: 2.7500
          Episode_Termination/fell_over: 0.0833
Episode_Termination/out_of_terrain_bounds: 0.0000
          Episode_Termination/nan_state: 0.0000
          Metrics/angular_momentum_mean: 0.0036
--------------------------------------------------------------------------------
                         Iteration time: 2.79s
                           Time elapsed: 00:16:50
                                    ETA: 00:33:07

################################################################################
[1m                          Learning iteration 337/1000                           [0m 

                               Run name: dynamic-gate-4096x1000-20260901
                            Total steps: 33226752 
                       Steps per second: 33731 
                        Collection time: 2.719s 
                          Learning time: 0.195s 
                        Mean value loss: 0.1149
                    Mean surrogate loss: -0.0028
                      Mean entropy loss: -2.5246
                            Mean reward: 248.19
                    Mean episode length: 983.04
                        Mean action std: 0.20
                 Episode_Reward/upright: 1.8632
            Episode_Reward/body_ang_vel: -0.0669
        Episode_Reward/angular_momentum: -0.0000
          Episode_Reward/action_rate_l2: -1.3192
       Episode_Reward/crouch_glide_pose: 4.6273
    Episode_Reward/crouch_glide_pose_l1: -0.3499
           Episode_Reward/forward_speed: 1.8368
  Episode_Reward/forward_speed_tracking: 5.1235
            Episode_Reward/heading_hold: 0.3477
     Episode_Reward/crouch_forward_lean: 0.3682
               Episode_Reward/feet_flat: -0.0680
         Episode_Reward/self_collisions: -0.0016
     Episode_Reward/neck_action_rate_l2: -0.1434
        Episode_Reward/joint_torques_l2: -0.0005
        Episode_Metrics/mean_action_acc: 0.3918
          Curriculum/action_rate_weight: -0.8000
                   Curriculum/com_range: 0.0030
              Curriculum/head_com_range: 0.0030
           Episode_Termination/time_out: 2.5833
          Episode_Termination/fell_over: 0.1250
Episode_Termination/out_of_terrain_bounds: 0.0000
          Episode_Termination/nan_state: 0.0000
          Metrics/angular_momentum_mean: 0.0036
--------------------------------------------------------------------------------
                         Iteration time: 2.91s
                           Time elapsed: 00:16:53
                                    ETA: 00:33:04

################################################################################
[1m                          Learning iteration 338/1000                           [0m 

                               Run name: dynamic-gate-4096x1000-20260901
                            Total steps: 33325056 
                       Steps per second: 34305 
                        Collection time: 2.667s 
                          Learning time: 0.198s 
                        Mean value loss: 0.0841
                    Mean surrogate loss: -0.0029
                      Mean entropy loss: -2.5837
                            Mean reward: 243.41
                    Mean episode length: 966.29
                        Mean action std: 0.20
                 Episode_Reward/upright: 1.7839
            Episode_Reward/body_ang_vel: -0.0654
        Episode_Reward/angular_momentum: -0.0000
          Episode_Reward/action_rate_l2: -1.2738
       Episode_Reward/crouch_glide_pose: 4.4418
    Episode_Reward/crouch_glide_pose_l1: -0.3380
           Episode_Reward/forward_speed: 1.7608
  Episode_Reward/forward_speed_tracking: 4.8997
            Episode_Reward/heading_hold: 0.3453
     Episode_Reward/crouch_forward_lean: 0.3396
               Episode_Reward/feet_flat: -0.0675
         Episode_Reward/self_collisions: -0.0017
     Episode_Reward/neck_action_rate_l2: -0.1383
        Episode_Reward/joint_torques_l2: -0.0005
        Episode_Metrics/mean_action_acc: 0.3926
          Curriculum/action_rate_weight: -0.8000
                   Curriculum/com_range: 0.0030
              Curriculum/head_com_range: 0.0030
           Episode_Termination/time_out: 3.2500
          Episode_Termination/fell_over: 0.2500
Episode_Termination/out_of_terrain_bounds: 0.0000
          Episode_Termination/nan_state: 0.0000
          Metrics/angular_momentum_mean: 0.0036
--------------------------------------------------------------------------------
                         Iteration time: 2.87s
                           Time elapsed: 00:16:56
                                    ETA: 00:33:01

################################################################################
[1m                          Learning iteration 339/1000                           [0m 

                               Run name: dynamic-gate-4096x1000-20260901
                            Total steps: 33423360 
                       Steps per second: 33869 
                        Collection time: 2.710s 
                          Learning time: 0.192s 
                        Mean value loss: 0.1884
                    Mean surrogate loss: -0.0023
                      Mean entropy loss: -2.5855
                            Mean reward: 245.86
                    Mean episode length: 976.21
                        Mean action std: 0.20
                 Episode_Reward/upright: 1.8263
            Episode_Reward/body_ang_vel: -0.0660
        Episode_Reward/angular_momentum: -0.0000
          Episode_Reward/action_rate_l2: -1.2944
       Episode_Reward/crouch_glide_pose: 4.5403
    Episode_Reward/crouch_glide_pose_l1: -0.3433
           Episode_Reward/forward_speed: 1.8002
  Episode_Reward/forward_speed_tracking: 5.0375
            Episode_Reward/heading_hold: 0.3058
     Episode_Reward/crouch_forward_lean: 0.3581
               Episode_Reward/feet_flat: -0.0683
         Episode_Reward/self_collisions: -0.0014
     Episode_Reward/neck_action_rate_l2: -0.1409
        Episode_Reward/joint_torques_l2: -0.0005
        Episode_Metrics/mean_action_acc: 0.3904
          Curriculum/action_rate_weight: -0.8000
                   Curriculum/com_range: 0.0030
              Curriculum/head_com_range: 0.0030
           Episode_Termination/time_out: 3.1250
          Episode_Termination/fell_over: 0.1250
Episode_Termination/out_of_terrain_bounds: 0.0000
          Episode_Termination/nan_state: 0.0000
          Metrics/angular_momentum_mean: 0.0036
--------------------------------------------------------------------------------
                         Iteration time: 2.90s
                           Time elapsed: 00:16:59
                                    ETA: 00:32:58

################################################################################
[1m                          Learning iteration 340/1000                           [0m 

                               Run name: dynamic-gate-4096x1000-20260901
                            Total steps: 33521664 
                       Steps per second: 33247 
                        Collection time: 2.736s 
                          Learning time: 0.221s 
                        Mean value loss: 0.1627
                    Mean surrogate loss: -0.0027
                      Mean entropy loss: -2.5576
                            Mean reward: 238.08
                    Mean episode length: 946.40
                        Mean action std: 0.20
                 Episode_Reward/upright: 1.7466
            Episode_Reward/body_ang_vel: -0.0635
        Episode_Reward/angular_momentum: -0.0000
          Episode_Reward/action_rate_l2: -1.2415
       Episode_Reward/crouch_glide_pose: 4.3458
    Episode_Reward/crouch_glide_pose_l1: -0.3296
           Episode_Reward/forward_speed: 1.7195
  Episode_Reward/forward_speed_tracking: 4.8295
            Episode_Reward/heading_hold: 0.2505
     Episode_Reward/crouch_forward_lean: 0.3461
               Episode_Reward/feet_flat: -0.0652
         Episode_Reward/self_collisions: -0.0026
     Episode_Reward/neck_action_rate_l2: -0.1342
        Episode_Reward/joint_torques_l2: -0.0005
        Episode_Metrics/mean_action_acc: 0.3930
          Curriculum/action_rate_weight: -0.8000
                   Curriculum/com_range: 0.0030
              Curriculum/head_com_range: 0.0030
           Episode_Termination/time_out: 1.9583
          Episode_Termination/fell_over: 0.2500
Episode_Termination/out_of_terrain_bounds: 0.0000
          Episode_Termination/nan_state: 0.0000
          Metrics/angular_momentum_mean: 0.0036
--------------------------------------------------------------------------------
                         Iteration time: 2.96s
                           Time elapsed: 00:17:02
                                    ETA: 00:32:55

################################################################################
[1m                          Learning iteration 341/1000                           [0m 

                               Run name: dynamic-gate-4096x1000-20260901
                            Total steps: 33619968 
                       Steps per second: 34050 
                        Collection time: 2.694s 
                          Learning time: 0.193s 
                        Mean value loss: 0.1346
                    Mean surrogate loss: -0.0023
                      Mean entropy loss: -2.5553
                            Mean reward: 240.43
                    Mean episode length: 952.04
                        Mean action std: 0.20
                 Episode_Reward/upright: 1.7862
            Episode_Reward/body_ang_vel: -0.0628
        Episode_Reward/angular_momentum: -0.0000
          Episode_Reward/action_rate_l2: -1.2628
       Episode_Reward/crouch_glide_pose: 4.4498
    Episode_Reward/crouch_glide_pose_l1: -0.3358
           Episode_Reward/forward_speed: 1.7607
  Episode_Reward/forward_speed_tracking: 4.9439
            Episode_Reward/heading_hold: 0.3390
     Episode_Reward/crouch_forward_lean: 0.3569
               Episode_Reward/feet_flat: -0.0659
         Episode_Reward/self_collisions: -0.0017
     Episode_Reward/neck_action_rate_l2: -0.1371
        Episode_Reward/joint_torques_l2: -0.0005
        Episode_Metrics/mean_action_acc: 0.3902
          Curriculum/action_rate_weight: -0.8000
                   Curriculum/com_range: 0.0030
              Curriculum/head_com_range: 0.0030
           Episode_Termination/time_out: 2.9167
          Episode_Termination/fell_over: 0.2083
Episode_Termination/out_of_terrain_bounds: 0.0000
          Episode_Termination/nan_state: 0.0000
          Metrics/angular_momentum_mean: 0.0036
--------------------------------------------------------------------------------
                         Iteration time: 2.89s
                           Time elapsed: 00:17:04
                                    ETA: 00:32:52

################################################################################
[1m                          Learning iteration 342/1000                           [0m 

                               Run name: dynamic-gate-4096x1000-20260901
                            Total steps: 33718272 
                       Steps per second: 33560 
                        Collection time: 2.732s 
                          Learning time: 0.197s 
                        Mean value loss: 0.2522
                    Mean surrogate loss: -0.0031
                      Mean entropy loss: -2.5498
                            Mean reward: 241.76
                    Mean episode length: 958.45
                        Mean action std: 0.20
                 Episode_Reward/upright: 1.8326
            Episode_Reward/body_ang_vel: -0.0672
        Episode_Reward/angular_momentum: -0.0000
          Episode_Reward/action_rate_l2: -1.3066
       Episode_Reward/crouch_glide_pose: 4.5849
    Episode_Reward/crouch_glide_pose_l1: -0.3467
           Episode_Reward/forward_speed: 1.8144
  Episode_Reward/forward_speed_tracking: 5.0611
            Episode_Reward/heading_hold: 0.3321
     Episode_Reward/crouch_forward_lean: 0.3636
               Episode_Reward/feet_flat: -0.0698
         Episode_Reward/self_collisions: -0.0022
     Episode_Reward/neck_action_rate_l2: -0.1414
        Episode_Reward/joint_torques_l2: -0.0005
        Episode_Metrics/mean_action_acc: 0.3912
          Curriculum/action_rate_weight: -0.8000
                   Curriculum/com_range: 0.0030
              Curriculum/head_com_range: 0.0030
           Episode_Termination/time_out: 2.9583
          Episode_Termination/fell_over: 0.2917
Episode_Termination/out_of_terrain_bounds: 0.0000
          Episode_Termination/nan_state: 0.0000
          Metrics/angular_momentum_mean: 0.0036
--------------------------------------------------------------------------------
                         Iteration time: 2.93s
                           Time elapsed: 00:17:07
                                    ETA: 00:32:48

################################################################################
[1m                          Learning iteration 343/1000                           [0m 

                               Run name: dynamic-gate-4096x1000-20260901
                            Total steps: 33816576 
                       Steps per second: 34219 
                        Collection time: 2.684s 
                          Learning time: 0.189s 
                        Mean value loss: 0.1587
                    Mean surrogate loss: -0.0025
                      Mean entropy loss: -2.5216
                            Mean reward: 239.41
                    Mean episode length: 947.53
                        Mean action std: 0.20
                 Episode_Reward/upright: 1.8556
            Episode_Reward/body_ang_vel: -0.0664
        Episode_Reward/angular_momentum: -0.0000
          Episode_Reward/action_rate_l2: -1.3166
       Episode_Reward/crouch_glide_pose: 4.6277
    Episode_Reward/crouch_glide_pose_l1: -0.3469
           Episode_Reward/forward_speed: 1.8352
  Episode_Reward/forward_speed_tracking: 5.1439
            Episode_Reward/heading_hold: 0.3938
     Episode_Reward/crouch_forward_lean: 0.3577
               Episode_Reward/feet_flat: -0.0694
         Episode_Reward/self_collisions: -0.0023
     Episode_Reward/neck_action_rate_l2: -0.1429
        Episode_Reward/joint_torques_l2: -0.0005
        Episode_Metrics/mean_action_acc: 0.3917
          Curriculum/action_rate_weight: -0.8000
                   Curriculum/com_range: 0.0030
              Curriculum/head_com_range: 0.0030
           Episode_Termination/time_out: 2.9167
          Episode_Termination/fell_over: 0.2500
Episode_Termination/out_of_terrain_bounds: 0.0000
          Episode_Termination/nan_state: 0.0000
          Metrics/angular_momentum_mean: 0.0036
--------------------------------------------------------------------------------
                         Iteration time: 2.87s
                           Time elapsed: 00:17:10
                                    ETA: 00:32:45

################################################################################
[1m                          Learning iteration 344/1000                           [0m 

                               Run name: dynamic-gate-4096x1000-20260901
                            Total steps: 33914880 
                       Steps per second: 33740 
                        Collection time: 2.716s 
                          Learning time: 0.197s 
                        Mean value loss: 0.1273
                    Mean surrogate loss: -0.0027
                      Mean entropy loss: -2.5586
                            Mean reward: 236.01
                    Mean episode length: 938.30
                        Mean action std: 0.20
                 Episode_Reward/upright: 1.8105
            Episode_Reward/body_ang_vel: -0.0671
        Episode_Reward/angular_momentum: -0.0000
          Episode_Reward/action_rate_l2: -1.2849
       Episode_Reward/crouch_glide_pose: 4.4979
    Episode_Reward/crouch_glide_pose_l1: -0.3417
           Episode_Reward/forward_speed: 1.7840
  Episode_Reward/forward_speed_tracking: 4.9679
            Episode_Reward/heading_hold: 0.3485
     Episode_Reward/crouch_forward_lean: 0.3496
               Episode_Reward/feet_flat: -0.0676
         Episode_Reward/self_collisions: -0.0034
     Episode_Reward/neck_action_rate_l2: -0.1406
        Episode_Reward/joint_torques_l2: -0.0005
        Episode_Metrics/mean_action_acc: 0.3926
          Curriculum/action_rate_weight: -0.8000
                   Curriculum/com_range: 0.0030
              Curriculum/head_com_range: 0.0030
           Episode_Termination/time_out: 2.7083
          Episode_Termination/fell_over: 0.1250
Episode_Termination/out_of_terrain_bounds: 0.0000
          Episode_Termination/nan_state: 0.0000
          Metrics/angular_momentum_mean: 0.0036
--------------------------------------------------------------------------------
                         Iteration time: 2.91s
                           Time elapsed: 00:17:13
                                    ETA: 00:32:42

################################################################################
[1m                          Learning iteration 345/1000                           [0m 

                               Run name: dynamic-gate-4096x1000-20260901
                            Total steps: 34013184 
                       Steps per second: 34067 
                        Collection time: 2.695s 
                          Learning time: 0.191s 
                        Mean value loss: 0.1437
                    Mean surrogate loss: -0.0010
                      Mean entropy loss: -2.5712
                            Mean reward: 244.90
                    Mean episode length: 969.74
                        Mean action std: 0.20
                 Episode_Reward/upright: 1.7917
            Episode_Reward/body_ang_vel: -0.0636
        Episode_Reward/angular_momentum: -0.0000
          Episode_Reward/action_rate_l2: -1.2646
       Episode_Reward/crouch_glide_pose: 4.4562
    Episode_Reward/crouch_glide_pose_l1: -0.3374
           Episode_Reward/forward_speed: 1.7609
  Episode_Reward/forward_speed_tracking: 4.9263
            Episode_Reward/heading_hold: 0.3827
     Episode_Reward/crouch_forward_lean: 0.3337
               Episode_Reward/feet_flat: -0.0667
         Episode_Reward/self_collisions: -0.0027
     Episode_Reward/neck_action_rate_l2: -0.1384
        Episode_Reward/joint_torques_l2: -0.0005
        Episode_Metrics/mean_action_acc: 0.3890
          Curriculum/action_rate_weight: -0.8000
                   Curriculum/com_range: 0.0030
              Curriculum/head_com_range: 0.0030
           Episode_Termination/time_out: 3.2500
          Episode_Termination/fell_over: 0.1667
Episode_Termination/out_of_terrain_bounds: 0.0000
          Episode_Termination/nan_state: 0.0000
          Metrics/angular_momentum_mean: 0.0036
--------------------------------------------------------------------------------
                         Iteration time: 2.89s
                           Time elapsed: 00:17:16
                                    ETA: 00:32:39

################################################################################
[1m                          Learning iteration 346/1000                           [0m 

                               Run name: dynamic-gate-4096x1000-20260901
                            Total steps: 34111488 
                       Steps per second: 33783 
                        Collection time: 2.724s 
                          Learning time: 0.186s 
                        Mean value loss: 0.1436
                    Mean surrogate loss: -0.0010
                      Mean entropy loss: -2.5760
                            Mean reward: 246.12
                    Mean episode length: 967.93
                        Mean action std: 0.20
                 Episode_Reward/upright: 1.8455
            Episode_Reward/body_ang_vel: -0.0651
        Episode_Reward/angular_momentum: -0.0000
          Episode_Reward/action_rate_l2: -1.3098
       Episode_Reward/crouch_glide_pose: 4.6216
    Episode_Reward/crouch_glide_pose_l1: -0.3471
           Episode_Reward/forward_speed: 1.8261
  Episode_Reward/forward_speed_tracking: 5.1024
            Episode_Reward/heading_hold: 0.4318
     Episode_Reward/crouch_forward_lean: 0.3575
               Episode_Reward/feet_flat: -0.0678
         Episode_Reward/self_collisions: -0.0016
     Episode_Reward/neck_action_rate_l2: -0.1434
        Episode_Reward/joint_torques_l2: -0.0005
        Episode_Metrics/mean_action_acc: 0.3900
          Curriculum/action_rate_weight: -0.8000
                   Curriculum/com_range: 0.0030
              Curriculum/head_com_range: 0.0030
           Episode_Termination/time_out: 3.2917
          Episode_Termination/fell_over: 0.1667
Episode_Termination/out_of_terrain_bounds: 0.0000
          Episode_Termination/nan_state: 0.0000
          Metrics/angular_momentum_mean: 0.0036
--------------------------------------------------------------------------------
                         Iteration time: 2.91s
                           Time elapsed: 00:17:19
                                    ETA: 00:32:36

################################################################################
[1m                          Learning iteration 347/1000                           [0m 

                               Run name: dynamic-gate-4096x1000-20260901
                            Total steps: 34209792 
                       Steps per second: 33612 
                        Collection time: 2.735s 
                          Learning time: 0.190s 
                        Mean value loss: 0.1535
                    Mean surrogate loss: -0.0034
                      Mean entropy loss: -2.5739
                            Mean reward: 244.62
                    Mean episode length: 963.91
                        Mean action std: 0.20
                 Episode_Reward/upright: 1.8456
            Episode_Reward/body_ang_vel: -0.0647
        Episode_Reward/angular_momentum: -0.0000
          Episode_Reward/action_rate_l2: -1.3040
       Episode_Reward/crouch_glide_pose: 4.6014
    Episode_Reward/crouch_glide_pose_l1: -0.3458
           Episode_Reward/forward_speed: 1.8191
  Episode_Reward/forward_speed_tracking: 5.0991
            Episode_Reward/heading_hold: 0.3775
     Episode_Reward/crouch_forward_lean: 0.3687
               Episode_Reward/feet_flat: -0.0663
         Episode_Reward/self_collisions: -0.0020
     Episode_Reward/neck_action_rate_l2: -0.1423
        Episode_Reward/joint_torques_l2: -0.0005
        Episode_Metrics/mean_action_acc: 0.3901
          Curriculum/action_rate_weight: -0.8000
                   Curriculum/com_range: 0.0030
              Curriculum/head_com_range: 0.0030
           Episode_Termination/time_out: 4.4167
          Episode_Termination/fell_over: 0.2500
Episode_Termination/out_of_terrain_bounds: 0.0000
          Episode_Termination/nan_state: 0.0000
          Metrics/angular_momentum_mean: 0.0036
--------------------------------------------------------------------------------
                         Iteration time: 2.92s
                           Time elapsed: 00:17:22
                                    ETA: 00:32:33

################################################################################
[1m                          Learning iteration 348/1000                           [0m 

                               Run name: dynamic-gate-4096x1000-20260901
                            Total steps: 34308096 
                       Steps per second: 33435 
                        Collection time: 2.749s 
                          Learning time: 0.191s 
                        Mean value loss: 0.1528
                    Mean surrogate loss: -0.0024
                      Mean entropy loss: -2.5713
                            Mean reward: 244.28
                    Mean episode length: 963.45
                        Mean action std: 0.20
                 Episode_Reward/upright: 1.8313
            Episode_Reward/body_ang_vel: -0.0622
        Episode_Reward/angular_momentum: -0.0000
          Episode_Reward/action_rate_l2: -1.2913
       Episode_Reward/crouch_glide_pose: 4.5840
    Episode_Reward/crouch_glide_pose_l1: -0.3413
           Episode_Reward/forward_speed: 1.8049
  Episode_Reward/forward_speed_tracking: 5.0499
            Episode_Reward/heading_hold: 0.3693
     Episode_Reward/crouch_forward_lean: 0.3660
               Episode_Reward/feet_flat: -0.0651
         Episode_Reward/self_collisions: -0.0019
     Episode_Reward/neck_action_rate_l2: -0.1406
        Episode_Reward/joint_torques_l2: -0.0005
        Episode_Metrics/mean_action_acc: 0.3890
          Curriculum/action_rate_weight: -0.8000
                   Curriculum/com_range: 0.0030
              Curriculum/head_com_range: 0.0030
           Episode_Termination/time_out: 6.4583
          Episode_Termination/fell_over: 0.2500
Episode_Termination/out_of_terrain_bounds: 0.0000
          Episode_Termination/nan_state: 0.0000
          Metrics/angular_momentum_mean: 0.0036
--------------------------------------------------------------------------------
                         Iteration time: 2.94s
                           Time elapsed: 00:17:25
                                    ETA: 00:32:29

################################################################################
[1m                          Learning iteration 349/1000                           [0m 

                               Run name: dynamic-gate-4096x1000-20260901
                            Total steps: 34406400 
                       Steps per second: 33476 
                        Collection time: 2.714s 
                          Learning time: 0.223s 
                        Mean value loss: 0.1816
                    Mean surrogate loss: -0.0021
                      Mean entropy loss: -2.5787
                            Mean reward: 250.18
                    Mean episode length: 990.50
                        Mean action std: 0.20
                 Episode_Reward/upright: 1.8717
            Episode_Reward/body_ang_vel: -0.0650
        Episode_Reward/angular_momentum: -0.0000
          Episode_Reward/action_rate_l2: -1.3203
       Episode_Reward/crouch_glide_pose: 4.6708
    Episode_Reward/crouch_glide_pose_l1: -0.3485
           Episode_Reward/forward_speed: 1.8422
  Episode_Reward/forward_speed_tracking: 5.1533
            Episode_Reward/heading_hold: 0.3513
     Episode_Reward/crouch_forward_lean: 0.3658
               Episode_Reward/feet_flat: -0.0672
         Episode_Reward/self_collisions: -0.0020
     Episode_Reward/neck_action_rate_l2: -0.1437
        Episode_Reward/joint_torques_l2: -0.0005
        Episode_Metrics/mean_action_acc: 0.3892
          Curriculum/action_rate_weight: -0.8000
                   Curriculum/com_range: 0.0030
              Curriculum/head_com_range: 0.0030
           Episode_Termination/time_out: 6.9167
          Episode_Termination/fell_over: 0.2500
Episode_Termination/out_of_terrain_bounds: 0.0000
          Episode_Termination/nan_state: 0.0000
          Metrics/angular_momentum_mean: 0.0036
--------------------------------------------------------------------------------
                         Iteration time: 2.94s
                           Time elapsed: 00:17:28
                                    ETA: 00:32:26

################################################################################
[1m                          Learning iteration 350/1000                           [0m 

                               Run name: dynamic-gate-4096x1000-20260901
                            Total steps: 34504704 
                       Steps per second: 29934 
                        Collection time: 3.072s 
                          Learning time: 0.212s 
                        Mean value loss: 0.2167
                    Mean surrogate loss: -0.0032
                      Mean entropy loss: -2.5697
                            Mean reward: 250.43
                    Mean episode length: 986.60
                        Mean action std: 0.20
                 Episode_Reward/upright: 1.8885
            Episode_Reward/body_ang_vel: -0.0650
        Episode_Reward/angular_momentum: -0.0000
          Episode_Reward/action_rate_l2: -1.3287
       Episode_Reward/crouch_glide_pose: 4.7126
    Episode_Reward/crouch_glide_pose_l1: -0.3504
           Episode_Reward/forward_speed: 1.8572
  Episode_Reward/forward_speed_tracking: 5.2100
            Episode_Reward/heading_hold: 0.3604
     Episode_Reward/crouch_forward_lean: 0.3718
               Episode_Reward/feet_flat: -0.0664
         Episode_Reward/self_collisions: -0.0016
     Episode_Reward/neck_action_rate_l2: -0.1444
        Episode_Reward/joint_torques_l2: -0.0005
        Episode_Metrics/mean_action_acc: 0.3899
          Curriculum/action_rate_weight: -0.8000
                   Curriculum/com_range: 0.0030
              Curriculum/head_com_range: 0.0030
           Episode_Termination/time_out: 9.6667
          Episode_Termination/fell_over: 0.2083
Episode_Termination/out_of_terrain_bounds: 0.0000
          Episode_Termination/nan_state: 0.0000
          Metrics/angular_momentum_mean: 0.0036
--------------------------------------------------------------------------------
                         Iteration time: 3.28s
                           Time elapsed: 00:17:31
                                    ETA: 00:32:24

################################################################################
[1m                          Learning iteration 351/1000                           [0m 

                               Run name: dynamic-gate-4096x1000-20260901
                            Total steps: 34603008 
                       Steps per second: 33127 
                        Collection time: 2.776s 
                          Learning time: 0.191s 
                        Mean value loss: 0.3373
                    Mean surrogate loss: -0.0042
                      Mean entropy loss: -2.5207
                            Mean reward: 248.71
                    Mean episode length: 980.59
                        Mean action std: 0.20
                 Episode_Reward/upright: 1.8807
            Episode_Reward/body_ang_vel: -0.0654
        Episode_Reward/angular_momentum: -0.0000
          Episode_Reward/action_rate_l2: -1.3287
       Episode_Reward/crouch_glide_pose: 4.6935
    Episode_Reward/crouch_glide_pose_l1: -0.3497
           Episode_Reward/forward_speed: 1.8509
  Episode_Reward/forward_speed_tracking: 5.1942
            Episode_Reward/heading_hold: 0.3846
     Episode_Reward/crouch_forward_lean: 0.3644
               Episode_Reward/feet_flat: -0.0677
         Episode_Reward/self_collisions: -0.0020
     Episode_Reward/neck_action_rate_l2: -0.1445
        Episode_Reward/joint_torques_l2: -0.0005
        Episode_Metrics/mean_action_acc: 0.3904
          Curriculum/action_rate_weight: -0.8000
                   Curriculum/com_range: 0.0030
              Curriculum/head_com_range: 0.0030
           Episode_Termination/time_out: 10.0000
          Episode_Termination/fell_over: 0.2917
Episode_Termination/out_of_terrain_bounds: 0.0000
          Episode_Termination/nan_state: 0.0000
          Metrics/angular_momentum_mean: 0.0037
--------------------------------------------------------------------------------
                         Iteration time: 2.97s
                           Time elapsed: 00:17:34
                                    ETA: 00:32:21

################################################################################
[1m                          Learning iteration 352/1000                           [0m 

                               Run name: dynamic-gate-4096x1000-20260901
                            Total steps: 34701312 
                       Steps per second: 34293 
                        Collection time: 2.678s 
                          Learning time: 0.188s 
                        Mean value loss: 0.2035
                    Mean surrogate loss: -0.0029
                      Mean entropy loss: -2.4715
                            Mean reward: 244.52
                    Mean episode length: 965.89
                        Mean action std: 0.20
                 Episode_Reward/upright: 1.8229
            Episode_Reward/body_ang_vel: -0.0641
        Episode_Reward/angular_momentum: -0.0000
          Episode_Reward/action_rate_l2: -1.2888
       Episode_Reward/crouch_glide_pose: 4.5601
    Episode_Reward/crouch_glide_pose_l1: -0.3401
           Episode_Reward/forward_speed: 1.7962
  Episode_Reward/forward_speed_tracking: 5.0319
            Episode_Reward/heading_hold: 0.3548
     Episode_Reward/crouch_forward_lean: 0.3598
               Episode_Reward/feet_flat: -0.0659
         Episode_Reward/self_collisions: -0.0022
     Episode_Reward/neck_action_rate_l2: -0.1401
        Episode_Reward/joint_torques_l2: -0.0005
        Episode_Metrics/mean_action_acc: 0.3891
          Curriculum/action_rate_weight: -0.8000
                   Curriculum/com_range: 0.0030
              Curriculum/head_com_range: 0.0030
           Episode_Termination/time_out: 9.4583
          Episode_Termination/fell_over: 0.6250
Episode_Termination/out_of_terrain_bounds: 0.0000
          Episode_Termination/nan_state: 0.0000
          Metrics/angular_momentum_mean: 0.0037
--------------------------------------------------------------------------------
                         Iteration time: 2.87s
                           Time elapsed: 00:17:37
                                    ETA: 00:32:18

################################################################################
[1m                          Learning iteration 353/1000                           [0m 

                               Run name: dynamic-gate-4096x1000-20260901
                            Total steps: 34799616 
                       Steps per second: 33566 
                        Collection time: 2.739s 
                          Learning time: 0.190s 
                        Mean value loss: 0.2836
                    Mean surrogate loss: -0.0024
                      Mean entropy loss: -2.4560
                            Mean reward: 242.90
                    Mean episode length: 962.47
                        Mean action std: 0.20
                 Episode_Reward/upright: 1.8417
            Episode_Reward/body_ang_vel: -0.0645
        Episode_Reward/angular_momentum: -0.0000
          Episode_Reward/action_rate_l2: -1.3000
       Episode_Reward/crouch_glide_pose: 4.5978
    Episode_Reward/crouch_glide_pose_l1: -0.3425
           Episode_Reward/forward_speed: 1.8132
  Episode_Reward/forward_speed_tracking: 5.0811
            Episode_Reward/heading_hold: 0.3602
     Episode_Reward/crouch_forward_lean: 0.3541
               Episode_Reward/feet_flat: -0.0666
         Episode_Reward/self_collisions: -0.0017
     Episode_Reward/neck_action_rate_l2: -0.1416
        Episode_Reward/joint_torques_l2: -0.0005
        Episode_Metrics/mean_action_acc: 0.3900
          Curriculum/action_rate_weight: -0.8000
                   Curriculum/com_range: 0.0030
              Curriculum/head_com_range: 0.0030
           Episode_Termination/time_out: 8.6667
          Episode_Termination/fell_over: 0.4167
Episode_Termination/out_of_terrain_bounds: 0.0000
          Episode_Termination/nan_state: 0.0000
          Metrics/angular_momentum_mean: 0.0037
--------------------------------------------------------------------------------
                         Iteration time: 2.93s
                           Time elapsed: 00:17:40
                                    ETA: 00:32:14

################################################################################
[1m                          Learning iteration 354/1000                           [0m 

                               Run name: dynamic-gate-4096x1000-20260901
                            Total steps: 34897920 
                       Steps per second: 34048 
                        Collection time: 2.687s 
                          Learning time: 0.200s 
                        Mean value loss: 0.1759
                    Mean surrogate loss: -0.0027
                      Mean entropy loss: -2.4168
                            Mean reward: 241.26
                    Mean episode length: 953.71
                        Mean action std: 0.20
                 Episode_Reward/upright: 1.8416
            Episode_Reward/body_ang_vel: -0.0639
        Episode_Reward/angular_momentum: -0.0000
          Episode_Reward/action_rate_l2: -1.2950
       Episode_Reward/crouch_glide_pose: 4.5872
    Episode_Reward/crouch_glide_pose_l1: -0.3412
           Episode_Reward/forward_speed: 1.8091
  Episode_Reward/forward_speed_tracking: 5.0782
            Episode_Reward/heading_hold: 0.3363
     Episode_Reward/crouch_forward_lean: 0.3542
               Episode_Reward/feet_flat: -0.0658
         Episode_Reward/self_collisions: -0.0017
     Episode_Reward/neck_action_rate_l2: -0.1408
        Episode_Reward/joint_torques_l2: -0.0005
        Episode_Metrics/mean_action_acc: 0.3897
          Curriculum/action_rate_weight: -0.8000
                   Curriculum/com_range: 0.0030
              Curriculum/head_com_range: 0.0030
           Episode_Termination/time_out: 7.4167
          Episode_Termination/fell_over: 0.4167
Episode_Termination/out_of_terrain_bounds: 0.0000
          Episode_Termination/nan_state: 0.0000
          Metrics/angular_momentum_mean: 0.0037
--------------------------------------------------------------------------------
                         Iteration time: 2.89s
                           Time elapsed: 00:17:43
                                    ETA: 00:32:11

################################################################################
[1m                          Learning iteration 355/1000                           [0m 

                               Run name: dynamic-gate-4096x1000-20260901
                            Total steps: 34996224 
                       Steps per second: 32431 
                        Collection time: 2.832s 
                          Learning time: 0.199s 
                        Mean value loss: 0.1711
                    Mean surrogate loss: -0.0030
                      Mean entropy loss: -2.4383
                            Mean reward: 243.98
                    Mean episode length: 961.90
                        Mean action std: 0.20
                 Episode_Reward/upright: 1.8668
            Episode_Reward/body_ang_vel: -0.0648
        Episode_Reward/angular_momentum: -0.0000
          Episode_Reward/action_rate_l2: -1.3145
       Episode_Reward/crouch_glide_pose: 4.6488
    Episode_Reward/crouch_glide_pose_l1: -0.3472
           Episode_Reward/forward_speed: 1.8354
  Episode_Reward/forward_speed_tracking: 5.1483
            Episode_Reward/heading_hold: 0.3843
     Episode_Reward/crouch_forward_lean: 0.3623
               Episode_Reward/feet_flat: -0.0677
         Episode_Reward/self_collisions: -0.0019
     Episode_Reward/neck_action_rate_l2: -0.1430
        Episode_Reward/joint_torques_l2: -0.0005
        Episode_Metrics/mean_action_acc: 0.3897
          Curriculum/action_rate_weight: -0.8000
                   Curriculum/com_range: 0.0030
              Curriculum/head_com_range: 0.0030
           Episode_Termination/time_out: 8.2917
          Episode_Termination/fell_over: 0.2917
Episode_Termination/out_of_terrain_bounds: 0.0000
          Episode_Termination/nan_state: 0.0000
          Metrics/angular_momentum_mean: 0.0037
--------------------------------------------------------------------------------
                         Iteration time: 3.03s
                           Time elapsed: 00:17:46
                                    ETA: 00:32:08

################################################################################
[1m                          Learning iteration 356/1000                           [0m 

                               Run name: dynamic-gate-4096x1000-20260901
                            Total steps: 35094528 
                       Steps per second: 33608 
                        Collection time: 2.724s 
                          Learning time: 0.201s 
                        Mean value loss: 0.1883
                    Mean surrogate loss: -0.0025
                      Mean entropy loss: -2.4404
                            Mean reward: 247.81
                    Mean episode length: 981.22
                        Mean action std: 0.20
                 Episode_Reward/upright: 1.8936
            Episode_Reward/body_ang_vel: -0.0647
        Episode_Reward/angular_momentum: -0.0000
          Episode_Reward/action_rate_l2: -1.3309
       Episode_Reward/crouch_glide_pose: 4.7271
    Episode_Reward/crouch_glide_pose_l1: -0.3520
           Episode_Reward/forward_speed: 1.8646
  Episode_Reward/forward_speed_tracking: 5.2314
            Episode_Reward/heading_hold: 0.3490
     Episode_Reward/crouch_forward_lean: 0.3700
               Episode_Reward/feet_flat: -0.0677
         Episode_Reward/self_collisions: -0.0016
     Episode_Reward/neck_action_rate_l2: -0.1449
        Episode_Reward/joint_torques_l2: -0.0005
        Episode_Metrics/mean_action_acc: 0.3889
          Curriculum/action_rate_weight: -0.8000
                   Curriculum/com_range: 0.0030
              Curriculum/head_com_range: 0.0030
           Episode_Termination/time_out: 7.3750
          Episode_Termination/fell_over: 0.1250
Episode_Termination/out_of_terrain_bounds: 0.0000
          Episode_Termination/nan_state: 0.0000
          Metrics/angular_momentum_mean: 0.0036
--------------------------------------------------------------------------------
                         Iteration time: 2.93s
                           Time elapsed: 00:17:49
                                    ETA: 00:32:05

################################################################################
[1m                          Learning iteration 357/1000                           [0m 

                               Run name: dynamic-gate-4096x1000-20260901
                            Total steps: 35192832 
                       Steps per second: 31416 
                        Collection time: 2.890s 
                          Learning time: 0.239s 
                        Mean value loss: 0.2452
                    Mean surrogate loss: -0.0023
                      Mean entropy loss: -2.4254
                            Mean reward: 246.84
                    Mean episode length: 972.06
                        Mean action std: 0.20
                 Episode_Reward/upright: 1.8412
            Episode_Reward/body_ang_vel: -0.0643
        Episode_Reward/angular_momentum: -0.0000
          Episode_Reward/action_rate_l2: -1.2983
       Episode_Reward/crouch_glide_pose: 4.6031
    Episode_Reward/crouch_glide_pose_l1: -0.3434
           Episode_Reward/forward_speed: 1.8138
  Episode_Reward/forward_speed_tracking: 5.0757
            Episode_Reward/heading_hold: 0.3659
     Episode_Reward/crouch_forward_lean: 0.3574
               Episode_Reward/feet_flat: -0.0677
         Episode_Reward/self_collisions: -0.0022
     Episode_Reward/neck_action_rate_l2: -0.1413
        Episode_Reward/joint_torques_l2: -0.0005
        Episode_Metrics/mean_action_acc: 0.3904
          Curriculum/action_rate_weight: -0.8000
                   Curriculum/com_range: 0.0030
              Curriculum/head_com_range: 0.0030
           Episode_Termination/time_out: 6.3333
          Episode_Termination/fell_over: 0.3333
Episode_Termination/out_of_terrain_bounds: 0.0000
          Episode_Termination/nan_state: 0.0000
          Metrics/angular_momentum_mean: 0.0037
--------------------------------------------------------------------------------
                         Iteration time: 3.13s
                           Time elapsed: 00:17:52
                                    ETA: 00:32:02

################################################################################
[1m                          Learning iteration 358/1000                           [0m 

                               Run name: dynamic-gate-4096x1000-20260901
                            Total steps: 35291136 
                       Steps per second: 29971 
                        Collection time: 3.065s 
                          Learning time: 0.215s 
                        Mean value loss: 0.1983
                    Mean surrogate loss: -0.0031
                      Mean entropy loss: -2.4004
                            Mean reward: 228.09
                    Mean episode length: 901.30
                        Mean action std: 0.20
                 Episode_Reward/upright: 1.7319
            Episode_Reward/body_ang_vel: -0.0624
        Episode_Reward/angular_momentum: -0.0000
          Episode_Reward/action_rate_l2: -1.2192
       Episode_Reward/crouch_glide_pose: 4.3441
    Episode_Reward/crouch_glide_pose_l1: -0.3236
           Episode_Reward/forward_speed: 1.7067
  Episode_Reward/forward_speed_tracking: 4.7797
            Episode_Reward/heading_hold: 0.3382
     Episode_Reward/crouch_forward_lean: 0.3432
               Episode_Reward/feet_flat: -0.0649
         Episode_Reward/self_collisions: -0.0027
     Episode_Reward/neck_action_rate_l2: -0.1334
        Episode_Reward/joint_torques_l2: -0.0004
        Episode_Metrics/mean_action_acc: 0.3892
          Curriculum/action_rate_weight: -0.8000
                   Curriculum/com_range: 0.0030
              Curriculum/head_com_range: 0.0030
           Episode_Termination/time_out: 3.7917
          Episode_Termination/fell_over: 0.5417
Episode_Termination/out_of_terrain_bounds: 0.0000
          Episode_Termination/nan_state: 0.0000
          Metrics/angular_momentum_mean: 0.0037
--------------------------------------------------------------------------------
                         Iteration time: 3.28s
                           Time elapsed: 00:17:55
                                    ETA: 00:32:00

################################################################################
[1m                          Learning iteration 359/1000                           [0m 

                               Run name: dynamic-gate-4096x1000-20260901
                            Total steps: 35389440 
                       Steps per second: 30016 
                        Collection time: 3.006s 
                          Learning time: 0.269s 
                        Mean value loss: 0.2578
                    Mean surrogate loss: -0.0036
                      Mean entropy loss: -2.3828
                            Mean reward: 244.02
                    Mean episode length: 963.57
                        Mean action std: 0.20
                 Episode_Reward/upright: 1.8636
            Episode_Reward/body_ang_vel: -0.0663
        Episode_Reward/angular_momentum: -0.0000
          Episode_Reward/action_rate_l2: -1.3082
       Episode_Reward/crouch_glide_pose: 4.6402
    Episode_Reward/crouch_glide_pose_l1: -0.3451
           Episode_Reward/forward_speed: 1.8332
  Episode_Reward/forward_speed_tracking: 5.1352
            Episode_Reward/heading_hold: 0.3303
     Episode_Reward/crouch_forward_lean: 0.3560
               Episode_Reward/feet_flat: -0.0686
         Episode_Reward/self_collisions: -0.0020
     Episode_Reward/neck_action_rate_l2: -0.1417
        Episode_Reward/joint_torques_l2: -0.0005
        Episode_Metrics/mean_action_acc: 0.3895
          Curriculum/action_rate_weight: -0.8000
                   Curriculum/com_range: 0.0030
              Curriculum/head_com_range: 0.0030
           Episode_Termination/time_out: 4.0833
          Episode_Termination/fell_over: 0.2500
Episode_Termination/out_of_terrain_bounds: 0.0000
          Episode_Termination/nan_state: 0.0000
          Metrics/angular_momentum_mean: 0.0037
--------------------------------------------------------------------------------
                         Iteration time: 3.28s
                           Time elapsed: 00:17:58
                                    ETA: 00:31:57

################################################################################
[1m                          Learning iteration 360/1000                           [0m 

                               Run name: dynamic-gate-4096x1000-20260901
                            Total steps: 35487744 
                       Steps per second: 27373 
                        Collection time: 3.375s 
                          Learning time: 0.216s 
                        Mean value loss: 0.1549
                    Mean surrogate loss: -0.0029
                      Mean entropy loss: -2.3716
                            Mean reward: 234.44
                    Mean episode length: 927.74
                        Mean action std: 0.20
                 Episode_Reward/upright: 1.8308
            Episode_Reward/body_ang_vel: -0.0657
        Episode_Reward/angular_momentum: -0.0000
          Episode_Reward/action_rate_l2: -1.2857
       Episode_Reward/crouch_glide_pose: 4.5461
    Episode_Reward/crouch_glide_pose_l1: -0.3409
           Episode_Reward/forward_speed: 1.7960
  Episode_Reward/forward_speed_tracking: 5.0367
            Episode_Reward/heading_hold: 0.3538
     Episode_Reward/crouch_forward_lean: 0.3366
               Episode_Reward/feet_flat: -0.0692
         Episode_Reward/self_collisions: -0.0022
     Episode_Reward/neck_action_rate_l2: -0.1402
        Episode_Reward/joint_torques_l2: -0.0005
        Episode_Metrics/mean_action_acc: 0.3895
          Curriculum/action_rate_weight: -0.8000
                   Curriculum/com_range: 0.0030
              Curriculum/head_com_range: 0.0030
           Episode_Termination/time_out: 3.3333
          Episode_Termination/fell_over: 0.3333
Episode_Termination/out_of_terrain_bounds: 0.0000
          Episode_Termination/nan_state: 0.0000
          Metrics/angular_momentum_mean: 0.0036
--------------------------------------------------------------------------------
                         Iteration time: 3.59s
                           Time elapsed: 00:18:02
                                    ETA: 00:31:56

################################################################################
[1m                          Learning iteration 361/1000                           [0m 

                               Run name: dynamic-gate-4096x1000-20260901
                            Total steps: 35586048 
                       Steps per second: 28572 
                        Collection time: 3.213s 
                          Learning time: 0.228s 
                        Mean value loss: 0.1036
                    Mean surrogate loss: -0.0023
                      Mean entropy loss: -2.4134
                            Mean reward: 234.93
                    Mean episode length: 927.93
                        Mean action std: 0.20
                 Episode_Reward/upright: 1.7460
            Episode_Reward/body_ang_vel: -0.0637
        Episode_Reward/angular_momentum: -0.0000
          Episode_Reward/action_rate_l2: -1.2266
       Episode_Reward/crouch_glide_pose: 4.3579
    Episode_Reward/crouch_glide_pose_l1: -0.3272
           Episode_Reward/forward_speed: 1.7151
  Episode_Reward/forward_speed_tracking: 4.7926
            Episode_Reward/heading_hold: 0.3590
     Episode_Reward/crouch_forward_lean: 0.3305
               Episode_Reward/feet_flat: -0.0667
         Episode_Reward/self_collisions: -0.0034
     Episode_Reward/neck_action_rate_l2: -0.1345
        Episode_Reward/joint_torques_l2: -0.0005
        Episode_Metrics/mean_action_acc: 0.3890
          Curriculum/action_rate_weight: -0.8000
                   Curriculum/com_range: 0.0030
              Curriculum/head_com_range: 0.0030
           Episode_Termination/time_out: 3.2500
          Episode_Termination/fell_over: 0.3333
Episode_Termination/out_of_terrain_bounds: 0.0000
          Episode_Termination/nan_state: 0.0000
          Metrics/angular_momentum_mean: 0.0036
--------------------------------------------------------------------------------
                         Iteration time: 3.44s
                           Time elapsed: 00:18:05
                                    ETA: 00:31:53

################################################################################
[1m                          Learning iteration 362/1000                           [0m 

                               Run name: dynamic-gate-4096x1000-20260901
                            Total steps: 35684352 
                       Steps per second: 29938 
                        Collection time: 3.038s 
                          Learning time: 0.245s 
                        Mean value loss: 0.2768
                    Mean surrogate loss: -0.0025
                      Mean entropy loss: -2.4095
                            Mean reward: 241.31
                    Mean episode length: 951.50
                        Mean action std: 0.20
                 Episode_Reward/upright: 1.8592
            Episode_Reward/body_ang_vel: -0.0647
        Episode_Reward/angular_momentum: -0.0000
          Episode_Reward/action_rate_l2: -1.3090
       Episode_Reward/crouch_glide_pose: 4.6533
    Episode_Reward/crouch_glide_pose_l1: -0.3450
           Episode_Reward/forward_speed: 1.8368
  Episode_Reward/forward_speed_tracking: 5.1515
            Episode_Reward/heading_hold: 0.4117
     Episode_Reward/crouch_forward_lean: 0.3581
               Episode_Reward/feet_flat: -0.0686
         Episode_Reward/self_collisions: -0.0030
     Episode_Reward/neck_action_rate_l2: -0.1433
        Episode_Reward/joint_torques_l2: -0.0005
        Episode_Metrics/mean_action_acc: 0.3888
          Curriculum/action_rate_weight: -0.8000
                   Curriculum/com_range: 0.0030
              Curriculum/head_com_range: 0.0030
           Episode_Termination/time_out: 2.7917
          Episode_Termination/fell_over: 0.2083
Episode_Termination/out_of_terrain_bounds: 0.0000
          Episode_Termination/nan_state: 0.0000
          Metrics/angular_momentum_mean: 0.0037
--------------------------------------------------------------------------------
                         Iteration time: 3.28s
                           Time elapsed: 00:18:09
                                    ETA: 00:31:51

################################################################################
[1m                          Learning iteration 363/1000                           [0m 

                               Run name: dynamic-gate-4096x1000-20260901
                            Total steps: 35782656 
                       Steps per second: 29367 
                        Collection time: 3.140s 
                          Learning time: 0.208s 
                        Mean value loss: 0.1471
                    Mean surrogate loss: -0.0020
                      Mean entropy loss: -2.3793
                            Mean reward: 244.93
                    Mean episode length: 966.45
                        Mean action std: 0.20
                 Episode_Reward/upright: 1.8252
            Episode_Reward/body_ang_vel: -0.0653
        Episode_Reward/angular_momentum: -0.0000
          Episode_Reward/action_rate_l2: -1.2887
       Episode_Reward/crouch_glide_pose: 4.5895
    Episode_Reward/crouch_glide_pose_l1: -0.3412
           Episode_Reward/forward_speed: 1.8123
  Episode_Reward/forward_speed_tracking: 5.0624
            Episode_Reward/heading_hold: 0.3927
     Episode_Reward/crouch_forward_lean: 0.3607
               Episode_Reward/feet_flat: -0.0688
         Episode_Reward/self_collisions: -0.0021
     Episode_Reward/neck_action_rate_l2: -0.1403
        Episode_Reward/joint_torques_l2: -0.0005
        Episode_Metrics/mean_action_acc: 0.3878
          Curriculum/action_rate_weight: -0.8000
                   Curriculum/com_range: 0.0030
              Curriculum/head_com_range: 0.0030
           Episode_Termination/time_out: 2.8750
          Episode_Termination/fell_over: 0.1667
Episode_Termination/out_of_terrain_bounds: 0.0000
          Episode_Termination/nan_state: 0.0000
          Metrics/angular_momentum_mean: 0.0036
--------------------------------------------------------------------------------
                         Iteration time: 3.35s
                           Time elapsed: 00:18:12
                                    ETA: 00:31:48

################################################################################
[1m                          Learning iteration 364/1000                           [0m 

                               Run name: dynamic-gate-4096x1000-20260901
                            Total steps: 35880960 
                       Steps per second: 30358 
                        Collection time: 3.017s 
                          Learning time: 0.222s 
                        Mean value loss: 0.2204
                    Mean surrogate loss: -0.0035
                      Mean entropy loss: -2.3986
                            Mean reward: 238.39
                    Mean episode length: 941.78
                        Mean action std: 0.20
                 Episode_Reward/upright: 1.8242
            Episode_Reward/body_ang_vel: -0.0645
        Episode_Reward/angular_momentum: -0.0000
          Episode_Reward/action_rate_l2: -1.2846
       Episode_Reward/crouch_glide_pose: 4.5877
    Episode_Reward/crouch_glide_pose_l1: -0.3412
           Episode_Reward/forward_speed: 1.8101
  Episode_Reward/forward_speed_tracking: 5.0598
            Episode_Reward/heading_hold: 0.3392
     Episode_Reward/crouch_forward_lean: 0.3592
               Episode_Reward/feet_flat: -0.0684
         Episode_Reward/self_collisions: -0.0026
     Episode_Reward/neck_action_rate_l2: -0.1407
        Episode_Reward/joint_torques_l2: -0.0005
        Episode_Metrics/mean_action_acc: 0.3880
          Curriculum/action_rate_weight: -0.8000
                   Curriculum/com_range: 0.0030
              Curriculum/head_com_range: 0.0030
           Episode_Termination/time_out: 2.6667
          Episode_Termination/fell_over: 0.2917
Episode_Termination/out_of_terrain_bounds: 0.0000
          Episode_Termination/nan_state: 0.0000
          Metrics/angular_momentum_mean: 0.0037
--------------------------------------------------------------------------------
                         Iteration time: 3.24s
                           Time elapsed: 00:18:15
                                    ETA: 00:31:46

################################################################################
[1m                          Learning iteration 365/1000                           [0m 

                               Run name: dynamic-gate-4096x1000-20260901
                            Total steps: 35979264 
                       Steps per second: 31258 
                        Collection time: 2.925s 
                          Learning time: 0.220s 
                        Mean value loss: 0.1378
                    Mean surrogate loss: -0.0025
                      Mean entropy loss: -2.3820
                            Mean reward: 232.65
                    Mean episode length: 918.96
                        Mean action std: 0.20
                 Episode_Reward/upright: 1.8151
            Episode_Reward/body_ang_vel: -0.0637
        Episode_Reward/angular_momentum: -0.0000
          Episode_Reward/action_rate_l2: -1.2690
       Episode_Reward/crouch_glide_pose: 4.5557
    Episode_Reward/crouch_glide_pose_l1: -0.3378
           Episode_Reward/forward_speed: 1.7949
  Episode_Reward/forward_speed_tracking: 5.0216
            Episode_Reward/heading_hold: 0.3388
     Episode_Reward/crouch_forward_lean: 0.3474
               Episode_Reward/feet_flat: -0.0684
         Episode_Reward/self_collisions: -0.0019
     Episode_Reward/neck_action_rate_l2: -0.1389
        Episode_Reward/joint_torques_l2: -0.0005
        Episode_Metrics/mean_action_acc: 0.3877
          Curriculum/action_rate_weight: -0.8000
                   Curriculum/com_range: 0.0030
              Curriculum/head_com_range: 0.0030
           Episode_Termination/time_out: 2.5833
          Episode_Termination/fell_over: 0.2917
Episode_Termination/out_of_terrain_bounds: 0.0000
          Episode_Termination/nan_state: 0.0000
          Metrics/angular_momentum_mean: 0.0037
--------------------------------------------------------------------------------
                         Iteration time: 3.14s
                           Time elapsed: 00:18:18
                                    ETA: 00:31:43

################################################################################
[1m                          Learning iteration 366/1000                           [0m 

                               Run name: dynamic-gate-4096x1000-20260901
                            Total steps: 36077568 
                       Steps per second: 30224 
                        Collection time: 3.039s 
                          Learning time: 0.214s 
                        Mean value loss: 0.2155
                    Mean surrogate loss: -0.0020
                      Mean entropy loss: -2.3907
                            Mean reward: 233.32
                    Mean episode length: 919.77
                        Mean action std: 0.20
                 Episode_Reward/upright: 1.7571
            Episode_Reward/body_ang_vel: -0.0642
        Episode_Reward/angular_momentum: -0.0000
          Episode_Reward/action_rate_l2: -1.2258
       Episode_Reward/crouch_glide_pose: 4.4208
    Episode_Reward/crouch_glide_pose_l1: -0.3244
           Episode_Reward/forward_speed: 1.7427
  Episode_Reward/forward_speed_tracking: 4.8814
            Episode_Reward/heading_hold: 0.3234
     Episode_Reward/crouch_forward_lean: 0.3417
               Episode_Reward/feet_flat: -0.0667
         Episode_Reward/self_collisions: -0.0030
     Episode_Reward/neck_action_rate_l2: -0.1342
        Episode_Reward/joint_torques_l2: -0.0005
        Episode_Metrics/mean_action_acc: 0.3890
          Curriculum/action_rate_weight: -0.8000
                   Curriculum/com_range: 0.0030
              Curriculum/head_com_range: 0.0030
           Episode_Termination/time_out: 2.0000
          Episode_Termination/fell_over: 0.1667
Episode_Termination/out_of_terrain_bounds: 0.0000
          Episode_Termination/nan_state: 0.0000
          Metrics/angular_momentum_mean: 0.0037
--------------------------------------------------------------------------------
                         Iteration time: 3.25s
                           Time elapsed: 00:18:22
                                    ETA: 00:31:41

################################################################################
[1m                          Learning iteration 367/1000                           [0m 

                               Run name: dynamic-gate-4096x1000-20260901
                            Total steps: 36175872 
                       Steps per second: 32443 
                        Collection time: 2.819s 
                          Learning time: 0.211s 
                        Mean value loss: 0.1280
                    Mean surrogate loss: -0.0023
                      Mean entropy loss: -2.3787
                            Mean reward: 233.33
                    Mean episode length: 919.83
                        Mean action std: 0.20
                 Episode_Reward/upright: 1.7470
            Episode_Reward/body_ang_vel: -0.0634
        Episode_Reward/angular_momentum: -0.0000
          Episode_Reward/action_rate_l2: -1.2246
       Episode_Reward/crouch_glide_pose: 4.3704
    Episode_Reward/crouch_glide_pose_l1: -0.3251
           Episode_Reward/forward_speed: 1.7210
  Episode_Reward/forward_speed_tracking: 4.8254
            Episode_Reward/heading_hold: 0.3760
     Episode_Reward/crouch_forward_lean: 0.3348
               Episode_Reward/feet_flat: -0.0665
         Episode_Reward/self_collisions: -0.0032
     Episode_Reward/neck_action_rate_l2: -0.1347
        Episode_Reward/joint_torques_l2: -0.0005
        Episode_Metrics/mean_action_acc: 0.3892
          Curriculum/action_rate_weight: -0.8000
                   Curriculum/com_range: 0.0030
              Curriculum/head_com_range: 0.0030
           Episode_Termination/time_out: 2.1667
          Episode_Termination/fell_over: 0.2917
Episode_Termination/out_of_terrain_bounds: 0.0000
          Episode_Termination/nan_state: 0.0000
          Metrics/angular_momentum_mean: 0.0037
--------------------------------------------------------------------------------
                         Iteration time: 3.03s
                           Time elapsed: 00:18:25
                                    ETA: 00:31:38

################################################################################
[1m                          Learning iteration 368/1000                           [0m 

                               Run name: dynamic-gate-4096x1000-20260901
                            Total steps: 36274176 
                       Steps per second: 33004 
                        Collection time: 2.763s 
                          Learning time: 0.215s 
                        Mean value loss: 0.0887
                    Mean surrogate loss: -0.0025
                      Mean entropy loss: -2.4303
                            Mean reward: 235.97
                    Mean episode length: 932.67
                        Mean action std: 0.20
                 Episode_Reward/upright: 1.8372
            Episode_Reward/body_ang_vel: -0.0660
        Episode_Reward/angular_momentum: -0.0000
          Episode_Reward/action_rate_l2: -1.2855
       Episode_Reward/crouch_glide_pose: 4.5994
    Episode_Reward/crouch_glide_pose_l1: -0.3407
           Episode_Reward/forward_speed: 1.8133
  Episode_Reward/forward_speed_tracking: 5.0755
            Episode_Reward/heading_hold: 0.2940
     Episode_Reward/crouch_forward_lean: 0.3549
               Episode_Reward/feet_flat: -0.0694
         Episode_Reward/self_collisions: -0.0027
     Episode_Reward/neck_action_rate_l2: -0.1425
        Episode_Reward/joint_torques_l2: -0.0005
        Episode_Metrics/mean_action_acc: 0.3880
          Curriculum/action_rate_weight: -0.8000
                   Curriculum/com_range: 0.0030
              Curriculum/head_com_range: 0.0030
           Episode_Termination/time_out: 2.4583
          Episode_Termination/fell_over: 0.1250
Episode_Termination/out_of_terrain_bounds: 0.0000
          Episode_Termination/nan_state: 0.0000
          Metrics/angular_momentum_mean: 0.0037
--------------------------------------------------------------------------------
                         Iteration time: 2.98s
                           Time elapsed: 00:18:28
                                    ETA: 00:31:35

################################################################################
[1m                          Learning iteration 369/1000                           [0m 

                               Run name: dynamic-gate-4096x1000-20260901
                            Total steps: 36372480 
                       Steps per second: 33734 
                        Collection time: 2.717s 
                          Learning time: 0.197s 
                        Mean value loss: 0.1164
                    Mean surrogate loss: -0.0021
                      Mean entropy loss: -2.4538
                            Mean reward: 243.25
                    Mean episode length: 960.37
                        Mean action std: 0.20
                 Episode_Reward/upright: 1.8879
            Episode_Reward/body_ang_vel: -0.0673
        Episode_Reward/angular_momentum: -0.0000
          Episode_Reward/action_rate_l2: -1.3165
       Episode_Reward/crouch_glide_pose: 4.7231
    Episode_Reward/crouch_glide_pose_l1: -0.3487
           Episode_Reward/forward_speed: 1.8655
  Episode_Reward/forward_speed_tracking: 5.2482
            Episode_Reward/heading_hold: 0.3622
     Episode_Reward/crouch_forward_lean: 0.3624
               Episode_Reward/feet_flat: -0.0699
         Episode_Reward/self_collisions: -0.0026
     Episode_Reward/neck_action_rate_l2: -0.1432
        Episode_Reward/joint_torques_l2: -0.0005
        Episode_Metrics/mean_action_acc: 0.3881
          Curriculum/action_rate_weight: -0.8000
                   Curriculum/com_range: 0.0030
              Curriculum/head_com_range: 0.0030
           Episode_Termination/time_out: 2.6667
          Episode_Termination/fell_over: 0.1250
Episode_Termination/out_of_terrain_bounds: 0.0000
          Episode_Termination/nan_state: 0.0000
          Metrics/angular_momentum_mean: 0.0037
--------------------------------------------------------------------------------
                         Iteration time: 2.91s
                           Time elapsed: 00:18:31
                                    ETA: 00:31:31

################################################################################
[1m                          Learning iteration 370/1000                           [0m 

                               Run name: dynamic-gate-4096x1000-20260901
                            Total steps: 36470784 
                       Steps per second: 32693 
                        Collection time: 2.784s 
                          Learning time: 0.223s 
                        Mean value loss: 0.1032
                    Mean surrogate loss: -0.0024
                      Mean entropy loss: -2.4832
                            Mean reward: 244.03
                    Mean episode length: 959.07
                        Mean action std: 0.20
                 Episode_Reward/upright: 1.8458
            Episode_Reward/body_ang_vel: -0.0635
        Episode_Reward/angular_momentum: -0.0000
          Episode_Reward/action_rate_l2: -1.2857
       Episode_Reward/crouch_glide_pose: 4.6132
    Episode_Reward/crouch_glide_pose_l1: -0.3414
           Episode_Reward/forward_speed: 1.8200
  Episode_Reward/forward_speed_tracking: 5.1243
            Episode_Reward/heading_hold: 0.3678
     Episode_Reward/crouch_forward_lean: 0.3541
               Episode_Reward/feet_flat: -0.0670
         Episode_Reward/self_collisions: -0.0023
     Episode_Reward/neck_action_rate_l2: -0.1396
        Episode_Reward/joint_torques_l2: -0.0005
        Episode_Metrics/mean_action_acc: 0.3878
          Curriculum/action_rate_weight: -0.8000
                   Curriculum/com_range: 0.0030
              Curriculum/head_com_range: 0.0030
           Episode_Termination/time_out: 2.9167
          Episode_Termination/fell_over: 0.2083
Episode_Termination/out_of_terrain_bounds: 0.0000
          Episode_Termination/nan_state: 0.0000
          Metrics/angular_momentum_mean: 0.0037
--------------------------------------------------------------------------------
                         Iteration time: 3.01s
                           Time elapsed: 00:18:34
                                    ETA: 00:31:28

################################################################################
[1m                          Learning iteration 371/1000                           [0m 

                               Run name: dynamic-gate-4096x1000-20260901
                            Total steps: 36569088 
                       Steps per second: 33087 
                        Collection time: 2.785s 
                          Learning time: 0.186s 
                        Mean value loss: 0.1122
                    Mean surrogate loss: -0.0028
                      Mean entropy loss: -2.5183
                            Mean reward: 244.88
                    Mean episode length: 960.35
                        Mean action std: 0.20
                 Episode_Reward/upright: 1.8407
            Episode_Reward/body_ang_vel: -0.0656
        Episode_Reward/angular_momentum: -0.0000
          Episode_Reward/action_rate_l2: -1.2859
       Episode_Reward/crouch_glide_pose: 4.6158
    Episode_Reward/crouch_glide_pose_l1: -0.3406
           Episode_Reward/forward_speed: 1.8218
  Episode_Reward/forward_speed_tracking: 5.1062
            Episode_Reward/heading_hold: 0.3658
     Episode_Reward/crouch_forward_lean: 0.3711
               Episode_Reward/feet_flat: -0.0687
         Episode_Reward/self_collisions: -0.0032
     Episode_Reward/neck_action_rate_l2: -0.1402
        Episode_Reward/joint_torques_l2: -0.0005
        Episode_Metrics/mean_action_acc: 0.3891
          Curriculum/action_rate_weight: -0.8000
                   Curriculum/com_range: 0.0030
              Curriculum/head_com_range: 0.0030
           Episode_Termination/time_out: 2.9167
          Episode_Termination/fell_over: 0.1250
Episode_Termination/out_of_terrain_bounds: 0.0000
          Episode_Termination/nan_state: 0.0000
          Metrics/angular_momentum_mean: 0.0037
--------------------------------------------------------------------------------
                         Iteration time: 2.97s
                           Time elapsed: 00:18:37
                                    ETA: 00:31:25

################################################################################
[1m                          Learning iteration 372/1000                           [0m 

                               Run name: dynamic-gate-4096x1000-20260901
                            Total steps: 36667392 
                       Steps per second: 33605 
                        Collection time: 2.735s 
                          Learning time: 0.191s 
                        Mean value loss: 0.0683
                    Mean surrogate loss: -0.0033
                      Mean entropy loss: -2.5789
                            Mean reward: 244.22
                    Mean episode length: 956.89
                        Mean action std: 0.20
                 Episode_Reward/upright: 1.8594
            Episode_Reward/body_ang_vel: -0.0657
        Episode_Reward/angular_momentum: -0.0000
          Episode_Reward/action_rate_l2: -1.3006
       Episode_Reward/crouch_glide_pose: 4.6699
    Episode_Reward/crouch_glide_pose_l1: -0.3444
           Episode_Reward/forward_speed: 1.8420
  Episode_Reward/forward_speed_tracking: 5.1670
            Episode_Reward/heading_hold: 0.3956
     Episode_Reward/crouch_forward_lean: 0.3655
               Episode_Reward/feet_flat: -0.0692
         Episode_Reward/self_collisions: -0.0027
     Episode_Reward/neck_action_rate_l2: -0.1421
        Episode_Reward/joint_torques_l2: -0.0005
        Episode_Metrics/mean_action_acc: 0.3879
          Curriculum/action_rate_weight: -0.8000
                   Curriculum/com_range: 0.0030
              Curriculum/head_com_range: 0.0030
           Episode_Termination/time_out: 3.3750
          Episode_Termination/fell_over: 0.1250
Episode_Termination/out_of_terrain_bounds: 0.0000
          Episode_Termination/nan_state: 0.0000
          Metrics/angular_momentum_mean: 0.0036
--------------------------------------------------------------------------------
                         Iteration time: 2.93s
                           Time elapsed: 00:18:39
                                    ETA: 00:31:22

################################################################################
[1m                          Learning iteration 373/1000                           [0m 

                               Run name: dynamic-gate-4096x1000-20260901
                            Total steps: 36765696 
                       Steps per second: 33364 
                        Collection time: 2.731s 
                          Learning time: 0.216s 
                        Mean value loss: 0.1593
                    Mean surrogate loss: -0.0019
                      Mean entropy loss: -2.6100
                            Mean reward: 250.82
                    Mean episode length: 982.52
                        Mean action std: 0.20
                 Episode_Reward/upright: 1.9202
            Episode_Reward/body_ang_vel: -0.0676
        Episode_Reward/angular_momentum: -0.0000
          Episode_Reward/action_rate_l2: -1.3393
       Episode_Reward/crouch_glide_pose: 4.8218
    Episode_Reward/crouch_glide_pose_l1: -0.3531
           Episode_Reward/forward_speed: 1.9021
  Episode_Reward/forward_speed_tracking: 5.3342
            Episode_Reward/heading_hold: 0.4122
     Episode_Reward/crouch_forward_lean: 0.3844
               Episode_Reward/feet_flat: -0.0707
         Episode_Reward/self_collisions: -0.0017
     Episode_Reward/neck_action_rate_l2: -0.1466
        Episode_Reward/joint_torques_l2: -0.0005
        Episode_Metrics/mean_action_acc: 0.3880
          Curriculum/action_rate_weight: -0.8000
                   Curriculum/com_range: 0.0030
              Curriculum/head_com_range: 0.0030
           Episode_Termination/time_out: 3.1250
          Episode_Termination/fell_over: 0.0000
Episode_Termination/out_of_terrain_bounds: 0.0000
          Episode_Termination/nan_state: 0.0000
          Metrics/angular_momentum_mean: 0.0037
--------------------------------------------------------------------------------
                         Iteration time: 2.95s
                           Time elapsed: 00:18:42
                                    ETA: 00:31:19

################################################################################
[1m                          Learning iteration 374/1000                           [0m 

                               Run name: dynamic-gate-4096x1000-20260901
                            Total steps: 36864000 
                       Steps per second: 33071 
                        Collection time: 2.759s 
                          Learning time: 0.213s 
                        Mean value loss: 0.1061
                    Mean surrogate loss: -0.0031
                      Mean entropy loss: -2.6307
                            Mean reward: 246.64
                    Mean episode length: 971.55
                        Mean action std: 0.20
                 Episode_Reward/upright: 1.7832
            Episode_Reward/body_ang_vel: -0.0654
        Episode_Reward/angular_momentum: -0.0000
          Episode_Reward/action_rate_l2: -1.2456
       Episode_Reward/crouch_glide_pose: 4.5068
    Episode_Reward/crouch_glide_pose_l1: -0.3335
           Episode_Reward/forward_speed: 1.7680
  Episode_Reward/forward_speed_tracking: 4.9406
            Episode_Reward/heading_hold: 0.3488
     Episode_Reward/crouch_forward_lean: 0.3575
               Episode_Reward/feet_flat: -0.0662
         Episode_Reward/self_collisions: -0.0020
     Episode_Reward/neck_action_rate_l2: -0.1373
        Episode_Reward/joint_torques_l2: -0.0005
        Episode_Metrics/mean_action_acc: 0.3862
          Curriculum/action_rate_weight: -0.8000
                   Curriculum/com_range: 0.0030
              Curriculum/head_com_range: 0.0030
           Episode_Termination/time_out: 2.7500
          Episode_Termination/fell_over: 0.2083
Episode_Termination/out_of_terrain_bounds: 0.0000
          Episode_Termination/nan_state: 0.0000
          Metrics/angular_momentum_mean: 0.0037
--------------------------------------------------------------------------------
                         Iteration time: 2.97s
                           Time elapsed: 00:18:45
                                    ETA: 00:31:16

################################################################################
[1m                          Learning iteration 375/1000                           [0m 

                               Run name: dynamic-gate-4096x1000-20260901
                            Total steps: 36962304 
                       Steps per second: 34056 
                        Collection time: 2.670s 
                          Learning time: 0.216s 
                        Mean value loss: 0.1185
                    Mean surrogate loss: -0.0027
                      Mean entropy loss: -2.6648
                            Mean reward: 242.35
                    Mean episode length: 957.37
                        Mean action std: 0.20
                 Episode_Reward/upright: 1.8502
            Episode_Reward/body_ang_vel: -0.0651
        Episode_Reward/angular_momentum: -0.0000
          Episode_Reward/action_rate_l2: -1.2861
       Episode_Reward/crouch_glide_pose: 4.6515
    Episode_Reward/crouch_glide_pose_l1: -0.3418
           Episode_Reward/forward_speed: 1.8328
  Episode_Reward/forward_speed_tracking: 5.1475
            Episode_Reward/heading_hold: 0.2625
     Episode_Reward/crouch_forward_lean: 0.3530
               Episode_Reward/feet_flat: -0.0682
         Episode_Reward/self_collisions: -0.0024
     Episode_Reward/neck_action_rate_l2: -0.1400
        Episode_Reward/joint_torques_l2: -0.0005
        Episode_Metrics/mean_action_acc: 0.3866
          Curriculum/action_rate_weight: -0.8000
                   Curriculum/com_range: 0.0030
              Curriculum/head_com_range: 0.0030
           Episode_Termination/time_out: 2.2500
          Episode_Termination/fell_over: 0.1250
Episode_Termination/out_of_terrain_bounds: 0.0000
          Episode_Termination/nan_state: 0.0000
          Metrics/angular_momentum_mean: 0.0037
--------------------------------------------------------------------------------
                         Iteration time: 2.89s
                           Time elapsed: 00:18:48
                                    ETA: 00:31:13

################################################################################
[1m                          Learning iteration 376/1000                           [0m 

                               Run name: dynamic-gate-4096x1000-20260901
                            Total steps: 37060608 
                       Steps per second: 33016 
                        Collection time: 2.765s 
                          Learning time: 0.212s 
                        Mean value loss: 0.0821
                    Mean surrogate loss: -0.0029
                      Mean entropy loss: -2.7166
                            Mean reward: 240.41
                    Mean episode length: 950.04
                        Mean action std: 0.20
                 Episode_Reward/upright: 1.8350
            Episode_Reward/body_ang_vel: -0.0663
        Episode_Reward/angular_momentum: -0.0000
          Episode_Reward/action_rate_l2: -1.2789
       Episode_Reward/crouch_glide_pose: 4.6288
    Episode_Reward/crouch_glide_pose_l1: -0.3410
           Episode_Reward/forward_speed: 1.8235
  Episode_Reward/forward_speed_tracking: 5.0877
            Episode_Reward/heading_hold: 0.3665
     Episode_Reward/crouch_forward_lean: 0.3673
               Episode_Reward/feet_flat: -0.0697
         Episode_Reward/self_collisions: -0.0033
     Episode_Reward/neck_action_rate_l2: -0.1412
        Episode_Reward/joint_torques_l2: -0.0005
        Episode_Metrics/mean_action_acc: 0.3869
          Curriculum/action_rate_weight: -0.8000
                   Curriculum/com_range: 0.0030
              Curriculum/head_com_range: 0.0030
           Episode_Termination/time_out: 3.0000
          Episode_Termination/fell_over: 0.2083
Episode_Termination/out_of_terrain_bounds: 0.0000
          Episode_Termination/nan_state: 0.0000
          Metrics/angular_momentum_mean: 0.0036
--------------------------------------------------------------------------------
                         Iteration time: 2.98s
                           Time elapsed: 00:18:51
                                    ETA: 00:31:10

################################################################################
[1m                          Learning iteration 377/1000                           [0m 

                               Run name: dynamic-gate-4096x1000-20260901
                            Total steps: 37158912 
                       Steps per second: 31983 
                        Collection time: 2.852s 
                          Learning time: 0.221s 
                        Mean value loss: 0.1310
                    Mean surrogate loss: -0.0008
                      Mean entropy loss: -2.7401
                            Mean reward: 249.85
                    Mean episode length: 983.93
                        Mean action std: 0.20
                 Episode_Reward/upright: 1.9216
            Episode_Reward/body_ang_vel: -0.0669
        Episode_Reward/angular_momentum: -0.0000
          Episode_Reward/action_rate_l2: -1.3325
       Episode_Reward/crouch_glide_pose: 4.8213
    Episode_Reward/crouch_glide_pose_l1: -0.3533
           Episode_Reward/forward_speed: 1.9012
  Episode_Reward/forward_speed_tracking: 5.3475
            Episode_Reward/heading_hold: 0.3641
     Episode_Reward/crouch_forward_lean: 0.3655
               Episode_Reward/feet_flat: -0.0702
         Episode_Reward/self_collisions: -0.0019
     Episode_Reward/neck_action_rate_l2: -0.1456
        Episode_Reward/joint_torques_l2: -0.0005
        Episode_Metrics/mean_action_acc: 0.3863
          Curriculum/action_rate_weight: -0.8000
                   Curriculum/com_range: 0.0030
              Curriculum/head_com_range: 0.0030
           Episode_Termination/time_out: 2.5417
          Episode_Termination/fell_over: 0.0000
Episode_Termination/out_of_terrain_bounds: 0.0000
          Episode_Termination/nan_state: 0.0000
          Metrics/angular_momentum_mean: 0.0036
--------------------------------------------------------------------------------
                         Iteration time: 3.07s
                           Time elapsed: 00:18:54
                                    ETA: 00:31:07

################################################################################
[1m                          Learning iteration 378/1000                           [0m 

                               Run name: dynamic-gate-4096x1000-20260901
                            Total steps: 37257216 
                       Steps per second: 32305 
                        Collection time: 2.811s 
                          Learning time: 0.232s 
                        Mean value loss: 0.1459
                    Mean surrogate loss: -0.0019
                      Mean entropy loss: -2.7423
                            Mean reward: 247.02
                    Mean episode length: 969.53
                        Mean action std: 0.20
                 Episode_Reward/upright: 1.7954
            Episode_Reward/body_ang_vel: -0.0659
        Episode_Reward/angular_momentum: -0.0000
          Episode_Reward/action_rate_l2: -1.2505
       Episode_Reward/crouch_glide_pose: 4.5069
    Episode_Reward/crouch_glide_pose_l1: -0.3334
           Episode_Reward/forward_speed: 1.7724
  Episode_Reward/forward_speed_tracking: 4.9510
            Episode_Reward/heading_hold: 0.4030
     Episode_Reward/crouch_forward_lean: 0.3516
               Episode_Reward/feet_flat: -0.0681
         Episode_Reward/self_collisions: -0.0028
     Episode_Reward/neck_action_rate_l2: -0.1374
        Episode_Reward/joint_torques_l2: -0.0005
        Episode_Metrics/mean_action_acc: 0.3871
          Curriculum/action_rate_weight: -0.8000
                   Curriculum/com_range: 0.0030
              Curriculum/head_com_range: 0.0030
           Episode_Termination/time_out: 2.5417
          Episode_Termination/fell_over: 0.2083
Episode_Termination/out_of_terrain_bounds: 0.0000
          Episode_Termination/nan_state: 0.0000
          Metrics/angular_momentum_mean: 0.0036
--------------------------------------------------------------------------------
                         Iteration time: 3.04s
                           Time elapsed: 00:18:57
                                    ETA: 00:31:04

################################################################################
[1m                          Learning iteration 379/1000                           [0m 

                               Run name: dynamic-gate-4096x1000-20260901
                            Total steps: 37355520 
                       Steps per second: 33240 
                        Collection time: 2.729s 
                          Learning time: 0.228s 
                        Mean value loss: 0.0672
                    Mean surrogate loss: -0.0013
                      Mean entropy loss: -2.7833
                            Mean reward: 241.02
                    Mean episode length: 951.59
                        Mean action std: 0.20
                 Episode_Reward/upright: 1.7679
            Episode_Reward/body_ang_vel: -0.0655
        Episode_Reward/angular_momentum: -0.0000
          Episode_Reward/action_rate_l2: -1.2318
       Episode_Reward/crouch_glide_pose: 4.4617
    Episode_Reward/crouch_glide_pose_l1: -0.3299
           Episode_Reward/forward_speed: 1.7561
  Episode_Reward/forward_speed_tracking: 4.8854
            Episode_Reward/heading_hold: 0.3092
     Episode_Reward/crouch_forward_lean: 0.3466
               Episode_Reward/feet_flat: -0.0689
         Episode_Reward/self_collisions: -0.0027
     Episode_Reward/neck_action_rate_l2: -0.1366
        Episode_Reward/joint_torques_l2: -0.0005
        Episode_Metrics/mean_action_acc: 0.3863
          Curriculum/action_rate_weight: -0.8000
                   Curriculum/com_range: 0.0030
              Curriculum/head_com_range: 0.0030
           Episode_Termination/time_out: 3.0833
          Episode_Termination/fell_over: 0.2500
Episode_Termination/out_of_terrain_bounds: 0.0000
          Episode_Termination/nan_state: 0.0000
          Metrics/angular_momentum_mean: 0.0036
--------------------------------------------------------------------------------
                         Iteration time: 2.96s
                           Time elapsed: 00:19:00
                                    ETA: 00:31:01

################################################################################
[1m                          Learning iteration 380/1000                           [0m 

                               Run name: dynamic-gate-4096x1000-20260901
                            Total steps: 37453824 
                       Steps per second: 33441 
                        Collection time: 2.728s 
                          Learning time: 0.212s 
                        Mean value loss: 0.0953
                    Mean surrogate loss: -0.0017
                      Mean entropy loss: -2.8568
                            Mean reward: 243.59
                    Mean episode length: 961.74
                        Mean action std: 0.20
                 Episode_Reward/upright: 1.8780
            Episode_Reward/body_ang_vel: -0.0673
        Episode_Reward/angular_momentum: -0.0000
          Episode_Reward/action_rate_l2: -1.3089
       Episode_Reward/crouch_glide_pose: 4.7433
    Episode_Reward/crouch_glide_pose_l1: -0.3487
           Episode_Reward/forward_speed: 1.8664
  Episode_Reward/forward_speed_tracking: 5.2035
            Episode_Reward/heading_hold: 0.3240
     Episode_Reward/crouch_forward_lean: 0.3641
               Episode_Reward/feet_flat: -0.0702
         Episode_Reward/self_collisions: -0.0017
     Episode_Reward/neck_action_rate_l2: -0.1440
        Episode_Reward/joint_torques_l2: -0.0005
        Episode_Metrics/mean_action_acc: 0.3859
          Curriculum/action_rate_weight: -0.8000
                   Curriculum/com_range: 0.0030
              Curriculum/head_com_range: 0.0030
           Episode_Termination/time_out: 2.8750
          Episode_Termination/fell_over: 0.0833
Episode_Termination/out_of_terrain_bounds: 0.0000
          Episode_Termination/nan_state: 0.0000
          Metrics/angular_momentum_mean: 0.0036
--------------------------------------------------------------------------------
                         Iteration time: 2.94s
                           Time elapsed: 00:19:03
                                    ETA: 00:30:58

################################################################################
[1m                          Learning iteration 381/1000                           [0m 

                               Run name: dynamic-gate-4096x1000-20260901
                            Total steps: 37552128 
                       Steps per second: 31232 
                        Collection time: 2.937s 
                          Learning time: 0.210s 
                        Mean value loss: 0.1142
                    Mean surrogate loss: -0.0014
                      Mean entropy loss: -2.8774
                            Mean reward: 247.98
                    Mean episode length: 971.30
                        Mean action std: 0.20
                 Episode_Reward/upright: 1.8764
            Episode_Reward/body_ang_vel: -0.0649
        Episode_Reward/angular_momentum: -0.0000
          Episode_Reward/action_rate_l2: -1.3034
       Episode_Reward/crouch_glide_pose: 4.7201
    Episode_Reward/crouch_glide_pose_l1: -0.3457
           Episode_Reward/forward_speed: 1.8566
  Episode_Reward/forward_speed_tracking: 5.2108
            Episode_Reward/heading_hold: 0.3429
     Episode_Reward/crouch_forward_lean: 0.3800
               Episode_Reward/feet_flat: -0.0679
         Episode_Reward/self_collisions: -0.0030
     Episode_Reward/neck_action_rate_l2: -0.1427
        Episode_Reward/joint_torques_l2: -0.0005
        Episode_Metrics/mean_action_acc: 0.3872
          Curriculum/action_rate_weight: -0.8000
                   Curriculum/com_range: 0.0030
              Curriculum/head_com_range: 0.0030
           Episode_Termination/time_out: 2.9167
          Episode_Termination/fell_over: 0.0833
Episode_Termination/out_of_terrain_bounds: 0.0000
          Episode_Termination/nan_state: 0.0000
          Metrics/angular_momentum_mean: 0.0036
--------------------------------------------------------------------------------
                         Iteration time: 3.15s
                           Time elapsed: 00:19:06
                                    ETA: 00:30:55

################################################################################
[1m                          Learning iteration 382/1000                           [0m 

                               Run name: dynamic-gate-4096x1000-20260901
                            Total steps: 37650432 
                       Steps per second: 34537 
                        Collection time: 2.642s 
                          Learning time: 0.204s 
                        Mean value loss: 0.1477
                    Mean surrogate loss: -0.0022
                      Mean entropy loss: -2.8849
                            Mean reward: 252.02
                    Mean episode length: 989.26
                        Mean action std: 0.20
                 Episode_Reward/upright: 1.8771
            Episode_Reward/body_ang_vel: -0.0664
        Episode_Reward/angular_momentum: -0.0000
          Episode_Reward/action_rate_l2: -1.3005
       Episode_Reward/crouch_glide_pose: 4.7422
    Episode_Reward/crouch_glide_pose_l1: -0.3475
           Episode_Reward/forward_speed: 1.8679
  Episode_Reward/forward_speed_tracking: 5.2461
            Episode_Reward/heading_hold: 0.3390
     Episode_Reward/crouch_forward_lean: 0.3727
               Episode_Reward/feet_flat: -0.0694
         Episode_Reward/self_collisions: -0.0023
     Episode_Reward/neck_action_rate_l2: -0.1449
        Episode_Reward/joint_torques_l2: -0.0005
        Episode_Metrics/mean_action_acc: 0.3855
          Curriculum/action_rate_weight: -0.8000
                   Curriculum/com_range: 0.0030
              Curriculum/head_com_range: 0.0030
           Episode_Termination/time_out: 2.2500
          Episode_Termination/fell_over: 0.1667
Episode_Termination/out_of_terrain_bounds: 0.0000
          Episode_Termination/nan_state: 0.0000
          Metrics/angular_momentum_mean: 0.0036
--------------------------------------------------------------------------------
                         Iteration time: 2.85s
                           Time elapsed: 00:19:09
                                    ETA: 00:30:52

################################################################################
[1m                          Learning iteration 383/1000                           [0m 

                               Run name: dynamic-gate-4096x1000-20260901
                            Total steps: 37748736 
                       Steps per second: 33984 
                        Collection time: 2.680s 
                          Learning time: 0.213s 
                        Mean value loss: 0.1035
                    Mean surrogate loss: -0.0023
                      Mean entropy loss: -2.8919
                            Mean reward: 248.97
                    Mean episode length: 977.73
                        Mean action std: 0.20
                 Episode_Reward/upright: 1.8783
            Episode_Reward/body_ang_vel: -0.0663
        Episode_Reward/angular_momentum: -0.0000
          Episode_Reward/action_rate_l2: -1.3001
       Episode_Reward/crouch_glide_pose: 4.7441
    Episode_Reward/crouch_glide_pose_l1: -0.3455
           Episode_Reward/forward_speed: 1.8636
  Episode_Reward/forward_speed_tracking: 5.2370
            Episode_Reward/heading_hold: 0.3958
     Episode_Reward/crouch_forward_lean: 0.3769
               Episode_Reward/feet_flat: -0.0679
         Episode_Reward/self_collisions: -0.0024
     Episode_Reward/neck_action_rate_l2: -0.1429
        Episode_Reward/joint_torques_l2: -0.0005
        Episode_Metrics/mean_action_acc: 0.3858
          Curriculum/action_rate_weight: -0.8000
                   Curriculum/com_range: 0.0030
              Curriculum/head_com_range: 0.0030
           Episode_Termination/time_out: 3.0000
          Episode_Termination/fell_over: 0.0833
Episode_Termination/out_of_terrain_bounds: 0.0000
          Episode_Termination/nan_state: 0.0000
          Metrics/angular_momentum_mean: 0.0036
--------------------------------------------------------------------------------
                         Iteration time: 2.89s
                           Time elapsed: 00:19:12
                                    ETA: 00:30:49

################################################################################
[1m                          Learning iteration 384/1000                           [0m 

                               Run name: dynamic-gate-4096x1000-20260901
                            Total steps: 37847040 
                       Steps per second: 33089 
                        Collection time: 2.749s 
                          Learning time: 0.222s 
                        Mean value loss: 0.1234
                    Mean surrogate loss: -0.0012
                      Mean entropy loss: -2.9324
                            Mean reward: 248.78
                    Mean episode length: 977.67
                        Mean action std: 0.20
                 Episode_Reward/upright: 1.8544
            Episode_Reward/body_ang_vel: -0.0650
        Episode_Reward/angular_momentum: -0.0000
          Episode_Reward/action_rate_l2: -1.2817
       Episode_Reward/crouch_glide_pose: 4.6992
    Episode_Reward/crouch_glide_pose_l1: -0.3431
           Episode_Reward/forward_speed: 1.8485
  Episode_Reward/forward_speed_tracking: 5.1878
            Episode_Reward/heading_hold: 0.3722
     Episode_Reward/crouch_forward_lean: 0.3851
               Episode_Reward/feet_flat: -0.0674
         Episode_Reward/self_collisions: -0.0022
     Episode_Reward/neck_action_rate_l2: -0.1414
        Episode_Reward/joint_torques_l2: -0.0005
        Episode_Metrics/mean_action_acc: 0.3845
          Curriculum/action_rate_weight: -0.8000
                   Curriculum/com_range: 0.0030
              Curriculum/head_com_range: 0.0030
           Episode_Termination/time_out: 3.2917
          Episode_Termination/fell_over: 0.1667
Episode_Termination/out_of_terrain_bounds: 0.0000
          Episode_Termination/nan_state: 0.0000
          Metrics/angular_momentum_mean: 0.0036
--------------------------------------------------------------------------------
                         Iteration time: 2.97s
                           Time elapsed: 00:19:15
                                    ETA: 00:30:46

################################################################################
[1m                          Learning iteration 385/1000                           [0m 

                               Run name: dynamic-gate-4096x1000-20260901
                            Total steps: 37945344 
                       Steps per second: 33460 
                        Collection time: 2.719s 
                          Learning time: 0.219s 
                        Mean value loss: 0.2184
                    Mean surrogate loss: -0.0023
                      Mean entropy loss: -2.9257
                            Mean reward: 251.22
                    Mean episode length: 985.61
                        Mean action std: 0.20
                 Episode_Reward/upright: 1.8930
            Episode_Reward/body_ang_vel: -0.0677
        Episode_Reward/angular_momentum: -0.0000
          Episode_Reward/action_rate_l2: -1.3063
       Episode_Reward/crouch_glide_pose: 4.7643
    Episode_Reward/crouch_glide_pose_l1: -0.3487
           Episode_Reward/forward_speed: 1.8755
  Episode_Reward/forward_speed_tracking: 5.2675
            Episode_Reward/heading_hold: 0.3540
     Episode_Reward/crouch_forward_lean: 0.3550
               Episode_Reward/feet_flat: -0.0711
         Episode_Reward/self_collisions: -0.0020
     Episode_Reward/neck_action_rate_l2: -0.1435
        Episode_Reward/joint_torques_l2: -0.0005
        Episode_Metrics/mean_action_acc: 0.3858
          Curriculum/action_rate_weight: -0.8000
                   Curriculum/com_range: 0.0030
              Curriculum/head_com_range: 0.0030
           Episode_Termination/time_out: 2.6250
          Episode_Termination/fell_over: 0.1250
Episode_Termination/out_of_terrain_bounds: 0.0000
          Episode_Termination/nan_state: 0.0000
          Metrics/angular_momentum_mean: 0.0036
--------------------------------------------------------------------------------
                         Iteration time: 2.94s
                           Time elapsed: 00:19:18
                                    ETA: 00:30:42

################################################################################
[1m                          Learning iteration 386/1000                           [0m 

                               Run name: dynamic-gate-4096x1000-20260901
                            Total steps: 38043648 
                       Steps per second: 32639 
                        Collection time: 2.803s 
                          Learning time: 0.209s 
                        Mean value loss: 0.2130
                    Mean surrogate loss: -0.0034
                      Mean entropy loss: -2.8800
                            Mean reward: 244.31
                    Mean episode length: 959.64
                        Mean action std: 0.20
                 Episode_Reward/upright: 1.8102
            Episode_Reward/body_ang_vel: -0.0662
        Episode_Reward/angular_momentum: -0.0000
          Episode_Reward/action_rate_l2: -1.2495
       Episode_Reward/crouch_glide_pose: 4.5719
    Episode_Reward/crouch_glide_pose_l1: -0.3361
           Episode_Reward/forward_speed: 1.7980
  Episode_Reward/forward_speed_tracking: 5.0288
            Episode_Reward/heading_hold: 0.3282
     Episode_Reward/crouch_forward_lean: 0.3673
               Episode_Reward/feet_flat: -0.0669
         Episode_Reward/self_collisions: -0.0027
     Episode_Reward/neck_action_rate_l2: -0.1384
        Episode_Reward/joint_torques_l2: -0.0005
        Episode_Metrics/mean_action_acc: 0.3849
          Curriculum/action_rate_weight: -0.8000
                   Curriculum/com_range: 0.0030
              Curriculum/head_com_range: 0.0030
           Episode_Termination/time_out: 3.2917
          Episode_Termination/fell_over: 0.2500
Episode_Termination/out_of_terrain_bounds: 0.0000
          Episode_Termination/nan_state: 0.0000
          Metrics/angular_momentum_mean: 0.0035
--------------------------------------------------------------------------------
                         Iteration time: 3.01s
                           Time elapsed: 00:19:21
                                    ETA: 00:30:39

################################################################################
[1m                          Learning iteration 387/1000                           [0m 

                               Run name: dynamic-gate-4096x1000-20260901
                            Total steps: 38141952 
                       Steps per second: 33593 
                        Collection time: 2.724s 
                          Learning time: 0.202s 
                        Mean value loss: 0.0803
                    Mean surrogate loss: -0.0022
                      Mean entropy loss: -2.8834
                            Mean reward: 246.03
                    Mean episode length: 968.55
                        Mean action std: 0.20
                 Episode_Reward/upright: 1.8821
            Episode_Reward/body_ang_vel: -0.0681
        Episode_Reward/angular_momentum: -0.0000
          Episode_Reward/action_rate_l2: -1.2941
       Episode_Reward/crouch_glide_pose: 4.7725
    Episode_Reward/crouch_glide_pose_l1: -0.3476
           Episode_Reward/forward_speed: 1.8748
  Episode_Reward/forward_speed_tracking: 5.2460
            Episode_Reward/heading_hold: 0.3261
     Episode_Reward/crouch_forward_lean: 0.3770
               Episode_Reward/feet_flat: -0.0691
         Episode_Reward/self_collisions: -0.0019
     Episode_Reward/neck_action_rate_l2: -0.1430
        Episode_Reward/joint_torques_l2: -0.0005
        Episode_Metrics/mean_action_acc: 0.3841
          Curriculum/action_rate_weight: -0.8000
                   Curriculum/com_range: 0.0030
              Curriculum/head_com_range: 0.0030
           Episode_Termination/time_out: 2.9583
          Episode_Termination/fell_over: 0.1667
Episode_Termination/out_of_terrain_bounds: 0.0000
          Episode_Termination/nan_state: 0.0000
          Metrics/angular_momentum_mean: 0.0035
--------------------------------------------------------------------------------
                         Iteration time: 2.93s
                           Time elapsed: 00:19:24
                                    ETA: 00:30:36

################################################################################
[1m                          Learning iteration 388/1000                           [0m 

                               Run name: dynamic-gate-4096x1000-20260901
                            Total steps: 38240256 
                       Steps per second: 33758 
                        Collection time: 2.719s 
                          Learning time: 0.193s 
                        Mean value loss: 0.2028
                    Mean surrogate loss: -0.0023
                      Mean entropy loss: -2.9109
                            Mean reward: 249.74
                    Mean episode length: 982.04
                        Mean action std: 0.20
                 Episode_Reward/upright: 1.8737
            Episode_Reward/body_ang_vel: -0.0653
        Episode_Reward/angular_momentum: -0.0000
          Episode_Reward/action_rate_l2: -1.2896
       Episode_Reward/crouch_glide_pose: 4.7516
    Episode_Reward/crouch_glide_pose_l1: -0.3464
           Episode_Reward/forward_speed: 1.8669
  Episode_Reward/forward_speed_tracking: 5.2269
            Episode_Reward/heading_hold: 0.3389
     Episode_Reward/crouch_forward_lean: 0.3715
               Episode_Reward/feet_flat: -0.0684
         Episode_Reward/self_collisions: -0.0018
     Episode_Reward/neck_action_rate_l2: -0.1424
        Episode_Reward/joint_torques_l2: -0.0005
        Episode_Metrics/mean_action_acc: 0.3836
          Curriculum/action_rate_weight: -0.8000
                   Curriculum/com_range: 0.0030
              Curriculum/head_com_range: 0.0030
           Episode_Termination/time_out: 3.6667
          Episode_Termination/fell_over: 0.1250
Episode_Termination/out_of_terrain_bounds: 0.0000
          Episode_Termination/nan_state: 0.0000
          Metrics/angular_momentum_mean: 0.0036
--------------------------------------------------------------------------------
                         Iteration time: 2.91s
                           Time elapsed: 00:19:27
                                    ETA: 00:30:33

################################################################################
[1m                          Learning iteration 389/1000                           [0m 

                               Run name: dynamic-gate-4096x1000-20260901
                            Total steps: 38338560 
                       Steps per second: 33283 
                        Collection time: 2.761s 
                          Learning time: 0.193s 
                        Mean value loss: 0.0920
                    Mean surrogate loss: -0.0022
                      Mean entropy loss: -2.9196
                            Mean reward: 244.30
                    Mean episode length: 958.19
                        Mean action std: 0.20
                 Episode_Reward/upright: 1.7994
            Episode_Reward/body_ang_vel: -0.0625
        Episode_Reward/angular_momentum: -0.0000
          Episode_Reward/action_rate_l2: -1.2297
       Episode_Reward/crouch_glide_pose: 4.5459
    Episode_Reward/crouch_glide_pose_l1: -0.3309
           Episode_Reward/forward_speed: 1.7836
  Episode_Reward/forward_speed_tracking: 5.0272
            Episode_Reward/heading_hold: 0.3102
     Episode_Reward/crouch_forward_lean: 0.3703
               Episode_Reward/feet_flat: -0.0640
         Episode_Reward/self_collisions: -0.0022
     Episode_Reward/neck_action_rate_l2: -0.1354
        Episode_Reward/joint_torques_l2: -0.0005
        Episode_Metrics/mean_action_acc: 0.3822
          Curriculum/action_rate_weight: -0.8000
                   Curriculum/com_range: 0.0030
              Curriculum/head_com_range: 0.0030
           Episode_Termination/time_out: 4.4583
          Episode_Termination/fell_over: 0.3333
Episode_Termination/out_of_terrain_bounds: 0.0000
          Episode_Termination/nan_state: 0.0000
          Metrics/angular_momentum_mean: 0.0036
--------------------------------------------------------------------------------
                         Iteration time: 2.95s
                           Time elapsed: 00:19:30
                                    ETA: 00:30:30

################################################################################
[1m                          Learning iteration 390/1000                           [0m 

                               Run name: dynamic-gate-4096x1000-20260901
                            Total steps: 38436864 
                       Steps per second: 33523 
                        Collection time: 2.741s 
                          Learning time: 0.192s 
                        Mean value loss: 0.1001
                    Mean surrogate loss: -0.0019
                      Mean entropy loss: -2.9789
                            Mean reward: 252.98
                    Mean episode length: 990.35
                        Mean action std: 0.20
                 Episode_Reward/upright: 1.8949
            Episode_Reward/body_ang_vel: -0.0645
        Episode_Reward/angular_momentum: -0.0000
          Episode_Reward/action_rate_l2: -1.2976
       Episode_Reward/crouch_glide_pose: 4.8018
    Episode_Reward/crouch_glide_pose_l1: -0.3486
           Episode_Reward/forward_speed: 1.8813
  Episode_Reward/forward_speed_tracking: 5.2841
            Episode_Reward/heading_hold: 0.3362
     Episode_Reward/crouch_forward_lean: 0.3844
               Episode_Reward/feet_flat: -0.0667
         Episode_Reward/self_collisions: -0.0017
     Episode_Reward/neck_action_rate_l2: -0.1429
        Episode_Reward/joint_torques_l2: -0.0005
        Episode_Metrics/mean_action_acc: 0.3829
          Curriculum/action_rate_weight: -0.8000
                   Curriculum/com_range: 0.0030
              Curriculum/head_com_range: 0.0030
           Episode_Termination/time_out: 6.7917
          Episode_Termination/fell_over: 0.0417
Episode_Termination/out_of_terrain_bounds: 0.0000
          Episode_Termination/nan_state: 0.0000
          Metrics/angular_momentum_mean: 0.0036
--------------------------------------------------------------------------------
                         Iteration time: 2.93s
                           Time elapsed: 00:19:33
                                    ETA: 00:30:27

################################################################################
[1m                          Learning iteration 391/1000                           [0m 

                               Run name: dynamic-gate-4096x1000-20260901
                            Total steps: 38535168 
                       Steps per second: 34080 
                        Collection time: 2.697s 
                          Learning time: 0.188s 
                        Mean value loss: 0.1656
                    Mean surrogate loss: -0.0021
                      Mean entropy loss: -2.9948
                            Mean reward: 255.34
                    Mean episode length: 1000.00
                        Mean action std: 0.20
                 Episode_Reward/upright: 1.8907
            Episode_Reward/body_ang_vel: -0.0650
        Episode_Reward/angular_momentum: -0.0000
          Episode_Reward/action_rate_l2: -1.2887
       Episode_Reward/crouch_glide_pose: 4.7779
    Episode_Reward/crouch_glide_pose_l1: -0.3478
           Episode_Reward/forward_speed: 1.8725
  Episode_Reward/forward_speed_tracking: 5.2607
            Episode_Reward/heading_hold: 0.3526
     Episode_Reward/crouch_forward_lean: 0.3827
               Episode_Reward/feet_flat: -0.0669
         Episode_Reward/self_collisions: -0.0022
     Episode_Reward/neck_action_rate_l2: -0.1418
        Episode_Reward/joint_torques_l2: -0.0005
        Episode_Metrics/mean_action_acc: 0.3828
          Curriculum/action_rate_weight: -0.8000
                   Curriculum/com_range: 0.0030
              Curriculum/head_com_range: 0.0030
           Episode_Termination/time_out: 7.6667
          Episode_Termination/fell_over: 0.1250
Episode_Termination/out_of_terrain_bounds: 0.0000
          Episode_Termination/nan_state: 0.0000
          Metrics/angular_momentum_mean: 0.0036
--------------------------------------------------------------------------------
                         Iteration time: 2.88s
                           Time elapsed: 00:19:36
                                    ETA: 00:30:24

################################################################################
[1m                          Learning iteration 392/1000                           [0m 

                               Run name: dynamic-gate-4096x1000-20260901
                            Total steps: 38633472 
                       Steps per second: 32945 
                        Collection time: 2.792s 
                          Learning time: 0.191s 
                        Mean value loss: 0.1815
                    Mean surrogate loss: -0.0023
                      Mean entropy loss: -2.9486
                            Mean reward: 248.09
                    Mean episode length: 971.63
                        Mean action std: 0.20
                 Episode_Reward/upright: 1.8774
            Episode_Reward/body_ang_vel: -0.0645
        Episode_Reward/angular_momentum: -0.0000
          Episode_Reward/action_rate_l2: -1.2788
       Episode_Reward/crouch_glide_pose: 4.7395
    Episode_Reward/crouch_glide_pose_l1: -0.3445
           Episode_Reward/forward_speed: 1.8577
  Episode_Reward/forward_speed_tracking: 5.2255
            Episode_Reward/heading_hold: 0.3468
     Episode_Reward/crouch_forward_lean: 0.3801
               Episode_Reward/feet_flat: -0.0667
         Episode_Reward/self_collisions: -0.0019
     Episode_Reward/neck_action_rate_l2: -0.1406
        Episode_Reward/joint_torques_l2: -0.0005
        Episode_Metrics/mean_action_acc: 0.3823
          Curriculum/action_rate_weight: -0.8000
                   Curriculum/com_range: 0.0030
              Curriculum/head_com_range: 0.0030
           Episode_Termination/time_out: 9.1250
          Episode_Termination/fell_over: 0.2083
Episode_Termination/out_of_terrain_bounds: 0.0000
          Episode_Termination/nan_state: 0.0000
          Metrics/angular_momentum_mean: 0.0036
--------------------------------------------------------------------------------
                         Iteration time: 2.98s
                           Time elapsed: 00:19:39
                                    ETA: 00:30:21

################################################################################
[1m                          Learning iteration 393/1000                           [0m 

                               Run name: dynamic-gate-4096x1000-20260901
                            Total steps: 38731776 
                       Steps per second: 33053 
                        Collection time: 2.766s 
                          Learning time: 0.208s 
                        Mean value loss: 0.1563
                    Mean surrogate loss: -0.0022
                      Mean entropy loss: -2.9209
                            Mean reward: 250.27
                    Mean episode length: 980.54
                        Mean action std: 0.20
                 Episode_Reward/upright: 1.8565
            Episode_Reward/body_ang_vel: -0.0643
        Episode_Reward/angular_momentum: -0.0000
          Episode_Reward/action_rate_l2: -1.2665
       Episode_Reward/crouch_glide_pose: 4.6904
    Episode_Reward/crouch_glide_pose_l1: -0.3408
           Episode_Reward/forward_speed: 1.8392
  Episode_Reward/forward_speed_tracking: 5.1658
            Episode_Reward/heading_hold: 0.3330
     Episode_Reward/crouch_forward_lean: 0.3738
               Episode_Reward/feet_flat: -0.0671
         Episode_Reward/self_collisions: -0.0023
     Episode_Reward/neck_action_rate_l2: -0.1401
        Episode_Reward/joint_torques_l2: -0.0005
        Episode_Metrics/mean_action_acc: 0.3822
          Curriculum/action_rate_weight: -0.8000
                   Curriculum/com_range: 0.0030
              Curriculum/head_com_range: 0.0030
           Episode_Termination/time_out: 9.9167
          Episode_Termination/fell_over: 0.3333
Episode_Termination/out_of_terrain_bounds: 0.0000
          Episode_Termination/nan_state: 0.0000
          Metrics/angular_momentum_mean: 0.0036
--------------------------------------------------------------------------------
                         Iteration time: 2.97s
                           Time elapsed: 00:19:42
                                    ETA: 00:30:18

################################################################################
[1m                          Learning iteration 394/1000                           [0m 

                               Run name: dynamic-gate-4096x1000-20260901
                            Total steps: 38830080 
                       Steps per second: 32644 
                        Collection time: 2.789s 
                          Learning time: 0.223s 
                        Mean value loss: 0.1903
                    Mean surrogate loss: -0.0024
                      Mean entropy loss: -2.9086
                            Mean reward: 250.79
                    Mean episode length: 980.70
                        Mean action std: 0.20
                 Episode_Reward/upright: 1.8737
            Episode_Reward/body_ang_vel: -0.0642
        Episode_Reward/angular_momentum: -0.0000
          Episode_Reward/action_rate_l2: -1.2735
       Episode_Reward/crouch_glide_pose: 4.7316
    Episode_Reward/crouch_glide_pose_l1: -0.3437
           Episode_Reward/forward_speed: 1.8552
  Episode_Reward/forward_speed_tracking: 5.2263
            Episode_Reward/heading_hold: 0.3521
     Episode_Reward/crouch_forward_lean: 0.3751
               Episode_Reward/feet_flat: -0.0670
         Episode_Reward/self_collisions: -0.0017
     Episode_Reward/neck_action_rate_l2: -0.1407
        Episode_Reward/joint_torques_l2: -0.0005
        Episode_Metrics/mean_action_acc: 0.3819
          Curriculum/action_rate_weight: -0.8000
                   Curriculum/com_range: 0.0030
              Curriculum/head_com_range: 0.0030
           Episode_Termination/time_out: 9.6667
          Episode_Termination/fell_over: 0.2500
Episode_Termination/out_of_terrain_bounds: 0.0000
          Episode_Termination/nan_state: 0.0000
          Metrics/angular_momentum_mean: 0.0036
--------------------------------------------------------------------------------
                         Iteration time: 3.01s
                           Time elapsed: 00:19:45
                                    ETA: 00:30:15

################################################################################
[1m                          Learning iteration 395/1000                           [0m 

                               Run name: dynamic-gate-4096x1000-20260901
                            Total steps: 38928384 
                       Steps per second: 31651 
                        Collection time: 2.885s 
                          Learning time: 0.221s 
                        Mean value loss: 0.0827
                    Mean surrogate loss: -0.0022
                      Mean entropy loss: -2.9143
                            Mean reward: 245.37
                    Mean episode length: 961.74
                        Mean action std: 0.20
                 Episode_Reward/upright: 1.8489
            Episode_Reward/body_ang_vel: -0.0635
        Episode_Reward/angular_momentum: -0.0000
          Episode_Reward/action_rate_l2: -1.2569
       Episode_Reward/crouch_glide_pose: 4.6565
    Episode_Reward/crouch_glide_pose_l1: -0.3405
           Episode_Reward/forward_speed: 1.8274
  Episode_Reward/forward_speed_tracking: 5.1396
            Episode_Reward/heading_hold: 0.3398
     Episode_Reward/crouch_forward_lean: 0.3664
               Episode_Reward/feet_flat: -0.0660
         Episode_Reward/self_collisions: -0.0023
     Episode_Reward/neck_action_rate_l2: -0.1388
        Episode_Reward/joint_torques_l2: -0.0005
        Episode_Metrics/mean_action_acc: 0.3819
          Curriculum/action_rate_weight: -0.8000
                   Curriculum/com_range: 0.0030
              Curriculum/head_com_range: 0.0030
           Episode_Termination/time_out: 8.6667
          Episode_Termination/fell_over: 0.3333
Episode_Termination/out_of_terrain_bounds: 0.0000
          Episode_Termination/nan_state: 0.0000
          Metrics/angular_momentum_mean: 0.0036
--------------------------------------------------------------------------------
                         Iteration time: 3.11s
                           Time elapsed: 00:19:48
                                    ETA: 00:30:12

################################################################################
[1m                          Learning iteration 396/1000                           [0m 

                               Run name: dynamic-gate-4096x1000-20260901
                            Total steps: 39026688 
                       Steps per second: 32382 
                        Collection time: 2.815s 
                          Learning time: 0.221s 
                        Mean value loss: 0.1827
                    Mean surrogate loss: -0.0023
                      Mean entropy loss: -2.9339
                            Mean reward: 250.60
                    Mean episode length: 981.03
                        Mean action std: 0.20
                 Episode_Reward/upright: 1.8864
            Episode_Reward/body_ang_vel: -0.0646
        Episode_Reward/angular_momentum: -0.0000
          Episode_Reward/action_rate_l2: -1.2786
       Episode_Reward/crouch_glide_pose: 4.7526
    Episode_Reward/crouch_glide_pose_l1: -0.3455
           Episode_Reward/forward_speed: 1.8649
  Episode_Reward/forward_speed_tracking: 5.2410
            Episode_Reward/heading_hold: 0.3168
     Episode_Reward/crouch_forward_lean: 0.3791
               Episode_Reward/feet_flat: -0.0672
         Episode_Reward/self_collisions: -0.0024
     Episode_Reward/neck_action_rate_l2: -0.1414
        Episode_Reward/joint_torques_l2: -0.0005
        Episode_Metrics/mean_action_acc: 0.3818
          Curriculum/action_rate_weight: -0.8000
                   Curriculum/com_range: 0.0030
              Curriculum/head_com_range: 0.0030
           Episode_Termination/time_out: 7.5833
          Episode_Termination/fell_over: 0.1667
Episode_Termination/out_of_terrain_bounds: 0.0000
          Episode_Termination/nan_state: 0.0000
          Metrics/angular_momentum_mean: 0.0035
--------------------------------------------------------------------------------
                         Iteration time: 3.04s
                           Time elapsed: 00:19:51
                                    ETA: 00:30:09

################################################################################
[1m                          Learning iteration 397/1000                           [0m 

                               Run name: dynamic-gate-4096x1000-20260901
                            Total steps: 39124992 
                       Steps per second: 31943 
                        Collection time: 2.869s 
                          Learning time: 0.208s 
                        Mean value loss: 0.1413
                    Mean surrogate loss: -0.0018
                      Mean entropy loss: -2.8817
                            Mean reward: 246.18
                    Mean episode length: 962.35
                        Mean action std: 0.20
                 Episode_Reward/upright: 1.8753
            Episode_Reward/body_ang_vel: -0.0649
        Episode_Reward/angular_momentum: -0.0000
          Episode_Reward/action_rate_l2: -1.2715
       Episode_Reward/crouch_glide_pose: 4.7296
    Episode_Reward/crouch_glide_pose_l1: -0.3446
           Episode_Reward/forward_speed: 1.8578
  Episode_Reward/forward_speed_tracking: 5.2335
            Episode_Reward/heading_hold: 0.3541
     Episode_Reward/crouch_forward_lean: 0.3753
               Episode_Reward/feet_flat: -0.0674
         Episode_Reward/self_collisions: -0.0018
     Episode_Reward/neck_action_rate_l2: -0.1406
        Episode_Reward/joint_torques_l2: -0.0005
        Episode_Metrics/mean_action_acc: 0.3819
          Curriculum/action_rate_weight: -0.8000
                   Curriculum/com_range: 0.0030
              Curriculum/head_com_range: 0.0030
           Episode_Termination/time_out: 7.5417
          Episode_Termination/fell_over: 0.2083
Episode_Termination/out_of_terrain_bounds: 0.0000
          Episode_Termination/nan_state: 0.0000
          Metrics/angular_momentum_mean: 0.0036
--------------------------------------------------------------------------------
                         Iteration time: 3.08s
                           Time elapsed: 00:19:54
                                    ETA: 00:30:06

################################################################################
[1m                          Learning iteration 398/1000                           [0m 

                               Run name: dynamic-gate-4096x1000-20260901
                            Total steps: 39223296 
                       Steps per second: 31947 
                        Collection time: 2.862s 
                          Learning time: 0.215s 
                        Mean value loss: 0.2063
                    Mean surrogate loss: -0.0015
                      Mean entropy loss: -2.8804
                            Mean reward: 251.80
                    Mean episode length: 980.88
                        Mean action std: 0.20
                 Episode_Reward/upright: 1.8829
            Episode_Reward/body_ang_vel: -0.0647
        Episode_Reward/angular_momentum: -0.0000
          Episode_Reward/action_rate_l2: -1.2724
       Episode_Reward/crouch_glide_pose: 4.7589
    Episode_Reward/crouch_glide_pose_l1: -0.3455
           Episode_Reward/forward_speed: 1.8667
  Episode_Reward/forward_speed_tracking: 5.2440
            Episode_Reward/heading_hold: 0.3780
     Episode_Reward/crouch_forward_lean: 0.3734
               Episode_Reward/feet_flat: -0.0671
         Episode_Reward/self_collisions: -0.0019
     Episode_Reward/neck_action_rate_l2: -0.1409
        Episode_Reward/joint_torques_l2: -0.0005
        Episode_Metrics/mean_action_acc: 0.3806
          Curriculum/action_rate_weight: -0.8000
                   Curriculum/com_range: 0.0030
              Curriculum/head_com_range: 0.0030
           Episode_Termination/time_out: 7.2500
          Episode_Termination/fell_over: 0.1250
Episode_Termination/out_of_terrain_bounds: 0.0000
          Episode_Termination/nan_state: 0.0000
          Metrics/angular_momentum_mean: 0.0036
--------------------------------------------------------------------------------
                         Iteration time: 3.08s
                           Time elapsed: 00:19:57
                                    ETA: 00:30:03

################################################################################
[1m                          Learning iteration 399/1000                           [0m 

                               Run name: dynamic-gate-4096x1000-20260901
                            Total steps: 39321600 
                       Steps per second: 32645 
                        Collection time: 2.814s 
                          Learning time: 0.197s 
                        Mean value loss: 0.2115
                    Mean surrogate loss: -0.0034
                      Mean entropy loss: -2.8293
                            Mean reward: 246.56
                    Mean episode length: 962.93
                        Mean action std: 0.20
                 Episode_Reward/upright: 1.8249
            Episode_Reward/body_ang_vel: -0.0636
        Episode_Reward/angular_momentum: -0.0000
          Episode_Reward/action_rate_l2: -1.2384
       Episode_Reward/crouch_glide_pose: 4.6391
    Episode_Reward/crouch_glide_pose_l1: -0.3355
           Episode_Reward/forward_speed: 1.8158
  Episode_Reward/forward_speed_tracking: 5.0982
            Episode_Reward/heading_hold: 0.3545
     Episode_Reward/crouch_forward_lean: 0.3756
               Episode_Reward/feet_flat: -0.0667
         Episode_Reward/self_collisions: -0.0019
     Episode_Reward/neck_action_rate_l2: -0.1374
        Episode_Reward/joint_torques_l2: -0.0005
        Episode_Metrics/mean_action_acc: 0.3815
          Curriculum/action_rate_weight: -0.8000
                   Curriculum/com_range: 0.0030
              Curriculum/head_com_range: 0.0030
           Episode_Termination/time_out: 5.3750
          Episode_Termination/fell_over: 0.2500
Episode_Termination/out_of_terrain_bounds: 0.0000
          Episode_Termination/nan_state: 0.0000
          Metrics/angular_momentum_mean: 0.0036
--------------------------------------------------------------------------------
                         Iteration time: 3.01s
                           Time elapsed: 00:20:00
                                    ETA: 00:30:00

################################################################################
[1m                          Learning iteration 400/1000                           [0m 

                               Run name: dynamic-gate-4096x1000-20260901
                            Total steps: 39419904 
                       Steps per second: 33526 
                        Collection time: 2.730s 
                          Learning time: 0.202s 
                        Mean value loss: 0.1038
                    Mean surrogate loss: -0.0029
                      Mean entropy loss: -2.7967
                            Mean reward: 240.44
                    Mean episode length: 940.30
                        Mean action std: 0.20
                 Episode_Reward/upright: 1.7492
            Episode_Reward/body_ang_vel: -0.0624
        Episode_Reward/angular_momentum: -0.0000
          Episode_Reward/action_rate_l2: -1.1868
       Episode_Reward/crouch_glide_pose: 4.4165
    Episode_Reward/crouch_glide_pose_l1: -0.3233
           Episode_Reward/forward_speed: 1.7309
  Episode_Reward/forward_speed_tracking: 4.8615
            Episode_Reward/heading_hold: 0.3310
     Episode_Reward/crouch_forward_lean: 0.3440
               Episode_Reward/feet_flat: -0.0647
         Episode_Reward/self_collisions: -0.0035
     Episode_Reward/neck_action_rate_l2: -0.1328
        Episode_Reward/joint_torques_l2: -0.0005
        Episode_Metrics/mean_action_acc: 0.3825
          Curriculum/action_rate_weight: -0.8000
                   Curriculum/com_range: 0.0030
              Curriculum/head_com_range: 0.0030
           Episode_Termination/time_out: 3.6667
          Episode_Termination/fell_over: 0.2917
Episode_Termination/out_of_terrain_bounds: 0.0000
          Episode_Termination/nan_state: 0.0000
          Metrics/angular_momentum_mean: 0.0036
--------------------------------------------------------------------------------
                         Iteration time: 2.93s
                           Time elapsed: 00:20:03
                                    ETA: 00:29:57

################################################################################
[1m                          Learning iteration 401/1000                           [0m 

                               Run name: dynamic-gate-4096x1000-20260901
                            Total steps: 39518208 
                       Steps per second: 33876 
                        Collection time: 2.708s 
                          Learning time: 0.194s 
                        Mean value loss: 0.2103
                    Mean surrogate loss: -0.0012
                      Mean entropy loss: -2.8054
                            Mean reward: 246.93
                    Mean episode length: 963.87
                        Mean action std: 0.20
                 Episode_Reward/upright: 1.8655
            Episode_Reward/body_ang_vel: -0.0641
        Episode_Reward/angular_momentum: -0.0000
          Episode_Reward/action_rate_l2: -1.2584
       Episode_Reward/crouch_glide_pose: 4.6957
    Episode_Reward/crouch_glide_pose_l1: -0.3411
           Episode_Reward/forward_speed: 1.8402
  Episode_Reward/forward_speed_tracking: 5.1881
            Episode_Reward/heading_hold: 0.3453
     Episode_Reward/crouch_forward_lean: 0.3696
               Episode_Reward/feet_flat: -0.0672
         Episode_Reward/self_collisions: -0.0030
     Episode_Reward/neck_action_rate_l2: -0.1389
        Episode_Reward/joint_torques_l2: -0.0005
        Episode_Metrics/mean_action_acc: 0.3811
          Curriculum/action_rate_weight: -0.8000
                   Curriculum/com_range: 0.0030
              Curriculum/head_com_range: 0.0030
           Episode_Termination/time_out: 3.8750
          Episode_Termination/fell_over: 0.2083
Episode_Termination/out_of_terrain_bounds: 0.0000
          Episode_Termination/nan_state: 0.0000
          Metrics/angular_momentum_mean: 0.0035
--------------------------------------------------------------------------------
                         Iteration time: 2.90s
                           Time elapsed: 00:20:06
                                    ETA: 00:29:54

################################################################################
[1m                          Learning iteration 402/1000                           [0m 

                               Run name: dynamic-gate-4096x1000-20260901
                            Total steps: 39616512 
                       Steps per second: 33627 
                        Collection time: 2.720s 
                          Learning time: 0.204s 
                        Mean value loss: 0.1315
                    Mean surrogate loss: -0.0014
                      Mean entropy loss: -2.7565
                            Mean reward: 251.08
                    Mean episode length: 980.24
                        Mean action std: 0.20
                 Episode_Reward/upright: 1.8749
            Episode_Reward/body_ang_vel: -0.0658
        Episode_Reward/angular_momentum: -0.0000
          Episode_Reward/action_rate_l2: -1.2644
       Episode_Reward/crouch_glide_pose: 4.7243
    Episode_Reward/crouch_glide_pose_l1: -0.3425
           Episode_Reward/forward_speed: 1.8528
  Episode_Reward/forward_speed_tracking: 5.2001
            Episode_Reward/heading_hold: 0.3589
     Episode_Reward/crouch_forward_lean: 0.3599
               Episode_Reward/feet_flat: -0.0679
         Episode_Reward/self_collisions: -0.0027
     Episode_Reward/neck_action_rate_l2: -0.1400
        Episode_Reward/joint_torques_l2: -0.0005
        Episode_Metrics/mean_action_acc: 0.3804
          Curriculum/action_rate_weight: -0.8000
                   Curriculum/com_range: 0.0030
              Curriculum/head_com_range: 0.0030
           Episode_Termination/time_out: 3.4583
          Episode_Termination/fell_over: 0.1250
Episode_Termination/out_of_terrain_bounds: 0.0000
          Episode_Termination/nan_state: 0.0000
          Metrics/angular_momentum_mean: 0.0035
--------------------------------------------------------------------------------
                         Iteration time: 2.92s
                           Time elapsed: 00:20:09
                                    ETA: 00:29:51

################################################################################
[1m                          Learning iteration 403/1000                           [0m 

                               Run name: dynamic-gate-4096x1000-20260901
                            Total steps: 39714816 
                       Steps per second: 34036 
                        Collection time: 2.700s 
                          Learning time: 0.189s 
                        Mean value loss: 0.1991
                    Mean surrogate loss: -0.0033
                      Mean entropy loss: -2.7481
                            Mean reward: 247.60
                    Mean episode length: 967.56
                        Mean action std: 0.20
                 Episode_Reward/upright: 1.8076
            Episode_Reward/body_ang_vel: -0.0615
        Episode_Reward/angular_momentum: -0.0000
          Episode_Reward/action_rate_l2: -1.2156
       Episode_Reward/crouch_glide_pose: 4.5496
    Episode_Reward/crouch_glide_pose_l1: -0.3320
           Episode_Reward/forward_speed: 1.7829
  Episode_Reward/forward_speed_tracking: 5.0087
            Episode_Reward/heading_hold: 0.3499
     Episode_Reward/crouch_forward_lean: 0.3545
               Episode_Reward/feet_flat: -0.0660
         Episode_Reward/self_collisions: -0.0032
     Episode_Reward/neck_action_rate_l2: -0.1345
        Episode_Reward/joint_torques_l2: -0.0005
        Episode_Metrics/mean_action_acc: 0.3810
          Curriculum/action_rate_weight: -0.8000
                   Curriculum/com_range: 0.0030
              Curriculum/head_com_range: 0.0030
           Episode_Termination/time_out: 3.2083
          Episode_Termination/fell_over: 0.1667
Episode_Termination/out_of_terrain_bounds: 0.0000
          Episode_Termination/nan_state: 0.0000
          Metrics/angular_momentum_mean: 0.0036
--------------------------------------------------------------------------------
                         Iteration time: 2.89s
                           Time elapsed: 00:20:12
                                    ETA: 00:29:48

################################################################################
[1m                          Learning iteration 404/1000                           [0m 

                               Run name: dynamic-gate-4096x1000-20260901
                            Total steps: 39813120 
                       Steps per second: 32979 
                        Collection time: 2.770s 
                          Learning time: 0.211s 
                        Mean value loss: 0.1354
                    Mean surrogate loss: -0.0024
                      Mean entropy loss: -2.7317
                            Mean reward: 242.87
                    Mean episode length: 950.86
                        Mean action std: 0.20
                 Episode_Reward/upright: 1.7569
            Episode_Reward/body_ang_vel: -0.0620
        Episode_Reward/angular_momentum: -0.0000
          Episode_Reward/action_rate_l2: -1.1865
       Episode_Reward/crouch_glide_pose: 4.4555
    Episode_Reward/crouch_glide_pose_l1: -0.3246
           Episode_Reward/forward_speed: 1.7465
  Episode_Reward/forward_speed_tracking: 4.8944
            Episode_Reward/heading_hold: 0.3599
     Episode_Reward/crouch_forward_lean: 0.3534
               Episode_Reward/feet_flat: -0.0645
         Episode_Reward/self_collisions: -0.0032
     Episode_Reward/neck_action_rate_l2: -0.1318
        Episode_Reward/joint_torques_l2: -0.0005
        Episode_Metrics/mean_action_acc: 0.3805
          Curriculum/action_rate_weight: -0.8000
                   Curriculum/com_range: 0.0030
              Curriculum/head_com_range: 0.0030
           Episode_Termination/time_out: 2.8333
          Episode_Termination/fell_over: 0.2917
Episode_Termination/out_of_terrain_bounds: 0.0000
          Episode_Termination/nan_state: 0.0000
          Metrics/angular_momentum_mean: 0.0035
--------------------------------------------------------------------------------
                         Iteration time: 2.98s
                           Time elapsed: 00:20:15
                                    ETA: 00:29:45

################################################################################
[1m                          Learning iteration 405/1000                           [0m 

                               Run name: dynamic-gate-4096x1000-20260901
                            Total steps: 39911424 
                       Steps per second: 33082 
                        Collection time: 2.771s 
                          Learning time: 0.200s 
                        Mean value loss: 0.1534
                    Mean surrogate loss: -0.0019
                      Mean entropy loss: -2.7240
                            Mean reward: 245.44
                    Mean episode length: 960.20
                        Mean action std: 0.20
                 Episode_Reward/upright: 1.8343
            Episode_Reward/body_ang_vel: -0.0647
        Episode_Reward/angular_momentum: -0.0000
          Episode_Reward/action_rate_l2: -1.2419
       Episode_Reward/crouch_glide_pose: 4.6527
    Episode_Reward/crouch_glide_pose_l1: -0.3373
           Episode_Reward/forward_speed: 1.8247
  Episode_Reward/forward_speed_tracking: 5.1046
            Episode_Reward/heading_hold: 0.3671
     Episode_Reward/crouch_forward_lean: 0.3657
               Episode_Reward/feet_flat: -0.0686
         Episode_Reward/self_collisions: -0.0025
     Episode_Reward/neck_action_rate_l2: -0.1380
        Episode_Reward/joint_torques_l2: -0.0005
        Episode_Metrics/mean_action_acc: 0.3811
          Curriculum/action_rate_weight: -0.8000
                   Curriculum/com_range: 0.0030
              Curriculum/head_com_range: 0.0030
           Episode_Termination/time_out: 2.9167
          Episode_Termination/fell_over: 0.1667
Episode_Termination/out_of_terrain_bounds: 0.0000
          Episode_Termination/nan_state: 0.0000
          Metrics/angular_momentum_mean: 0.0035
--------------------------------------------------------------------------------
                         Iteration time: 2.97s
                           Time elapsed: 00:20:18
                                    ETA: 00:29:42

################################################################################
[1m                          Learning iteration 406/1000                           [0m 

                               Run name: dynamic-gate-4096x1000-20260901
                            Total steps: 40009728 
                       Steps per second: 33670 
                        Collection time: 2.723s 
                          Learning time: 0.197s 
                        Mean value loss: 0.1781
                    Mean surrogate loss: -0.0028
                      Mean entropy loss: -2.7002
                            Mean reward: 245.96
                    Mean episode length: 965.17
                        Mean action std: 0.20
                 Episode_Reward/upright: 1.8622
            Episode_Reward/body_ang_vel: -0.0649
        Episode_Reward/angular_momentum: -0.0000
          Episode_Reward/action_rate_l2: -1.2524
       Episode_Reward/crouch_glide_pose: 4.7157
    Episode_Reward/crouch_glide_pose_l1: -0.3422
           Episode_Reward/forward_speed: 1.8479
  Episode_Reward/forward_speed_tracking: 5.1923
            Episode_Reward/heading_hold: 0.2732
     Episode_Reward/crouch_forward_lean: 0.3740
               Episode_Reward/feet_flat: -0.0673
         Episode_Reward/self_collisions: -0.0026
     Episode_Reward/neck_action_rate_l2: -0.1390
        Episode_Reward/joint_torques_l2: -0.0005
        Episode_Metrics/mean_action_acc: 0.3798
          Curriculum/action_rate_weight: -0.8000
                   Curriculum/com_range: 0.0030
              Curriculum/head_com_range: 0.0030
           Episode_Termination/time_out: 2.7917
          Episode_Termination/fell_over: 0.1667
Episode_Termination/out_of_terrain_bounds: 0.0000
          Episode_Termination/nan_state: 0.0000
          Metrics/angular_momentum_mean: 0.0035
--------------------------------------------------------------------------------
                         Iteration time: 2.92s
                           Time elapsed: 00:20:21
                                    ETA: 00:29:39

################################################################################
[1m                          Learning iteration 407/1000                           [0m 

                               Run name: dynamic-gate-4096x1000-20260901
                            Total steps: 40108032 
                       Steps per second: 35271 
                        Collection time: 2.596s 
                          Learning time: 0.191s 
                        Mean value loss: 0.1324
                    Mean surrogate loss: -0.0025
                      Mean entropy loss: -2.6975
                            Mean reward: 238.88
                    Mean episode length: 932.72
                        Mean action std: 0.20
                 Episode_Reward/upright: 1.7524
            Episode_Reward/body_ang_vel: -0.0617
        Episode_Reward/angular_momentum: -0.0000
          Episode_Reward/action_rate_l2: -1.1804
       Episode_Reward/crouch_glide_pose: 4.4654
    Episode_Reward/crouch_glide_pose_l1: -0.3220
           Episode_Reward/forward_speed: 1.7496
  Episode_Reward/forward_speed_tracking: 4.9173
            Episode_Reward/heading_hold: 0.3630
     Episode_Reward/crouch_forward_lean: 0.3645
               Episode_Reward/feet_flat: -0.0648
         Episode_Reward/self_collisions: -0.0028
     Episode_Reward/neck_action_rate_l2: -0.1308
        Episode_Reward/joint_torques_l2: -0.0005
        Episode_Metrics/mean_action_acc: 0.3793
          Curriculum/action_rate_weight: -0.8000
                   Curriculum/com_range: 0.0030
              Curriculum/head_com_range: 0.0030
           Episode_Termination/time_out: 2.3750
          Episode_Termination/fell_over: 0.2500
Episode_Termination/out_of_terrain_bounds: 0.0000
          Episode_Termination/nan_state: 0.0000
          Metrics/angular_momentum_mean: 0.0035
--------------------------------------------------------------------------------
                         Iteration time: 2.79s
                           Time elapsed: 00:20:23
                                    ETA: 00:29:35

################################################################################
[1m                          Learning iteration 408/1000                           [0m 

                               Run name: dynamic-gate-4096x1000-20260901
                            Total steps: 40206336 
                       Steps per second: 33244 
                        Collection time: 2.739s 
                          Learning time: 0.218s 
                        Mean value loss: 0.1723
                    Mean surrogate loss: -0.0022
                      Mean entropy loss: -2.6965
                            Mean reward: 234.37
                    Mean episode length: 910.70
                        Mean action std: 0.20
                 Episode_Reward/upright: 1.7132
            Episode_Reward/body_ang_vel: -0.0606
        Episode_Reward/angular_momentum: -0.0000
          Episode_Reward/action_rate_l2: -1.1511
       Episode_Reward/crouch_glide_pose: 4.3114
    Episode_Reward/crouch_glide_pose_l1: -0.3147
           Episode_Reward/forward_speed: 1.6898
  Episode_Reward/forward_speed_tracking: 4.7353
            Episode_Reward/heading_hold: 0.3862
     Episode_Reward/crouch_forward_lean: 0.3312
               Episode_Reward/feet_flat: -0.0667
         Episode_Reward/self_collisions: -0.0034
     Episode_Reward/neck_action_rate_l2: -0.1278
        Episode_Reward/joint_torques_l2: -0.0005
        Episode_Metrics/mean_action_acc: 0.3799
          Curriculum/action_rate_weight: -0.8000
                   Curriculum/com_range: 0.0030
              Curriculum/head_com_range: 0.0030
           Episode_Termination/time_out: 2.3333
          Episode_Termination/fell_over: 0.2500
Episode_Termination/out_of_terrain_bounds: 0.0000
          Episode_Termination/nan_state: 0.0000
          Metrics/angular_momentum_mean: 0.0035
--------------------------------------------------------------------------------
                         Iteration time: 2.96s
                           Time elapsed: 00:20:26
                                    ETA: 00:29:32

################################################################################
[1m                          Learning iteration 409/1000                           [0m 

                               Run name: dynamic-gate-4096x1000-20260901
                            Total steps: 40304640 
                       Steps per second: 33950 
                        Collection time: 2.703s 
                          Learning time: 0.193s 
                        Mean value loss: 0.0537
                    Mean surrogate loss: -0.0037
                      Mean entropy loss: -2.7621
                            Mean reward: 241.18
                    Mean episode length: 939.38
                        Mean action std: 0.20
                 Episode_Reward/upright: 1.7688
            Episode_Reward/body_ang_vel: -0.0626
        Episode_Reward/angular_momentum: -0.0000
          Episode_Reward/action_rate_l2: -1.1897
       Episode_Reward/crouch_glide_pose: 4.4691
    Episode_Reward/crouch_glide_pose_l1: -0.3245
           Episode_Reward/forward_speed: 1.7476
  Episode_Reward/forward_speed_tracking: 4.9110
            Episode_Reward/heading_hold: 0.3436
     Episode_Reward/crouch_forward_lean: 0.3400
               Episode_Reward/feet_flat: -0.0656
         Episode_Reward/self_collisions: -0.0040
     Episode_Reward/neck_action_rate_l2: -0.1320
        Episode_Reward/joint_torques_l2: -0.0005
        Episode_Metrics/mean_action_acc: 0.3805
          Curriculum/action_rate_weight: -0.8000
                   Curriculum/com_range: 0.0030
              Curriculum/head_com_range: 0.0030
           Episode_Termination/time_out: 2.2917
          Episode_Termination/fell_over: 0.2917
Episode_Termination/out_of_terrain_bounds: 0.0000
          Episode_Termination/nan_state: 0.0000
          Metrics/angular_momentum_mean: 0.0035
--------------------------------------------------------------------------------
                         Iteration time: 2.90s
                           Time elapsed: 00:20:29
                                    ETA: 00:29:29

################################################################################
[1m                          Learning iteration 410/1000                           [0m 

                               Run name: dynamic-gate-4096x1000-20260901
                            Total steps: 40402944 
                       Steps per second: 34285 
                        Collection time: 2.652s 
                          Learning time: 0.215s 
                        Mean value loss: 0.0872
                    Mean surrogate loss: -0.0015
                      Mean entropy loss: -2.8348
                            Mean reward: 247.49
                    Mean episode length: 965.98
                        Mean action std: 0.20
                 Episode_Reward/upright: 1.9054
            Episode_Reward/body_ang_vel: -0.0643
        Episode_Reward/angular_momentum: -0.0000
          Episode_Reward/action_rate_l2: -1.2754
       Episode_Reward/crouch_glide_pose: 4.8145
    Episode_Reward/crouch_glide_pose_l1: -0.3458
           Episode_Reward/forward_speed: 1.8898
  Episode_Reward/forward_speed_tracking: 5.3203
            Episode_Reward/heading_hold: 0.3223
     Episode_Reward/crouch_forward_lean: 0.3764
               Episode_Reward/feet_flat: -0.0680
         Episode_Reward/self_collisions: -0.0023
     Episode_Reward/neck_action_rate_l2: -0.1426
        Episode_Reward/joint_torques_l2: -0.0005
        Episode_Metrics/mean_action_acc: 0.3794
          Curriculum/action_rate_weight: -0.8000
                   Curriculum/com_range: 0.0030
              Curriculum/head_com_range: 0.0030
           Episode_Termination/time_out: 2.6667
          Episode_Termination/fell_over: 0.0417
Episode_Termination/out_of_terrain_bounds: 0.0000
          Episode_Termination/nan_state: 0.0000
          Metrics/angular_momentum_mean: 0.0035
--------------------------------------------------------------------------------
                         Iteration time: 2.87s
                           Time elapsed: 00:20:32
                                    ETA: 00:29:26

################################################################################
[1m                          Learning iteration 411/1000                           [0m 

                               Run name: dynamic-gate-4096x1000-20260901
                            Total steps: 40501248 
                       Steps per second: 32528 
                        Collection time: 2.830s 
                          Learning time: 0.192s 
                        Mean value loss: 0.0797
                    Mean surrogate loss: -0.0030
                      Mean entropy loss: -2.8961
                            Mean reward: 251.73
                    Mean episode length: 978.32
                        Mean action std: 0.20
                 Episode_Reward/upright: 1.8779
            Episode_Reward/body_ang_vel: -0.0639
        Episode_Reward/angular_momentum: -0.0000
          Episode_Reward/action_rate_l2: -1.2571
       Episode_Reward/crouch_glide_pose: 4.7524
    Episode_Reward/crouch_glide_pose_l1: -0.3417
           Episode_Reward/forward_speed: 1.8637
  Episode_Reward/forward_speed_tracking: 5.2445
            Episode_Reward/heading_hold: 0.3746
     Episode_Reward/crouch_forward_lean: 0.3729
               Episode_Reward/feet_flat: -0.0679
         Episode_Reward/self_collisions: -0.0032
     Episode_Reward/neck_action_rate_l2: -0.1392
        Episode_Reward/joint_torques_l2: -0.0005
        Episode_Metrics/mean_action_acc: 0.3792
          Curriculum/action_rate_weight: -0.8000
                   Curriculum/com_range: 0.0030
              Curriculum/head_com_range: 0.0030
           Episode_Termination/time_out: 2.8333
          Episode_Termination/fell_over: 0.0833
Episode_Termination/out_of_terrain_bounds: 0.0000
          Episode_Termination/nan_state: 0.0000
          Metrics/angular_momentum_mean: 0.0035
--------------------------------------------------------------------------------
                         Iteration time: 3.02s
                           Time elapsed: 00:20:35
                                    ETA: 00:29:23

################################################################################
[1m                          Learning iteration 412/1000                           [0m 

                               Run name: dynamic-gate-4096x1000-20260901
                            Total steps: 40599552 
                       Steps per second: 32243 
                        Collection time: 2.817s 
                          Learning time: 0.232s 
                        Mean value loss: 0.2257
                    Mean surrogate loss: -0.0031
                      Mean entropy loss: -2.9185
                            Mean reward: 248.17
                    Mean episode length: 969.24
                        Mean action std: 0.20
                 Episode_Reward/upright: 1.8623
            Episode_Reward/body_ang_vel: -0.0631
        Episode_Reward/angular_momentum: -0.0000
          Episode_Reward/action_rate_l2: -1.2464
       Episode_Reward/crouch_glide_pose: 4.7042
    Episode_Reward/crouch_glide_pose_l1: -0.3399
           Episode_Reward/forward_speed: 1.8437
  Episode_Reward/forward_speed_tracking: 5.1821
            Episode_Reward/heading_hold: 0.3410
     Episode_Reward/crouch_forward_lean: 0.3665
               Episode_Reward/feet_flat: -0.0679
         Episode_Reward/self_collisions: -0.0026
     Episode_Reward/neck_action_rate_l2: -0.1376
        Episode_Reward/joint_torques_l2: -0.0005
        Episode_Metrics/mean_action_acc: 0.3788
          Curriculum/action_rate_weight: -0.8000
                   Curriculum/com_range: 0.0030
              Curriculum/head_com_range: 0.0030
           Episode_Termination/time_out: 3.0833
          Episode_Termination/fell_over: 0.1250
Episode_Termination/out_of_terrain_bounds: 0.0000
          Episode_Termination/nan_state: 0.0000
          Metrics/angular_momentum_mean: 0.0035
--------------------------------------------------------------------------------
                         Iteration time: 3.05s
                           Time elapsed: 00:20:38
                                    ETA: 00:29:20

################################################################################
[1m                          Learning iteration 413/1000                           [0m 

                               Run name: dynamic-gate-4096x1000-20260901
                            Total steps: 40697856 
                       Steps per second: 34286 
                        Collection time: 2.675s 
                          Learning time: 0.192s 
                        Mean value loss: 0.1512
                    Mean surrogate loss: -0.0027
                      Mean entropy loss: -2.8758
                            Mean reward: 243.49
                    Mean episode length: 949.86
                        Mean action std: 0.20
                 Episode_Reward/upright: 1.7817
            Episode_Reward/body_ang_vel: -0.0611
        Episode_Reward/angular_momentum: -0.0000
          Episode_Reward/action_rate_l2: -1.1951
       Episode_Reward/crouch_glide_pose: 4.5018
    Episode_Reward/crouch_glide_pose_l1: -0.3275
           Episode_Reward/forward_speed: 1.7651
  Episode_Reward/forward_speed_tracking: 4.9543
            Episode_Reward/heading_hold: 0.3412
     Episode_Reward/crouch_forward_lean: 0.3623
               Episode_Reward/feet_flat: -0.0651
         Episode_Reward/self_collisions: -0.0036
     Episode_Reward/neck_action_rate_l2: -0.1322
        Episode_Reward/joint_torques_l2: -0.0005
        Episode_Metrics/mean_action_acc: 0.3793
          Curriculum/action_rate_weight: -0.8000
                   Curriculum/com_range: 0.0030
              Curriculum/head_com_range: 0.0030
           Episode_Termination/time_out: 2.5417
          Episode_Termination/fell_over: 0.2917
Episode_Termination/out_of_terrain_bounds: 0.0000
          Episode_Termination/nan_state: 0.0000
          Metrics/angular_momentum_mean: 0.0035
--------------------------------------------------------------------------------
                         Iteration time: 2.87s
                           Time elapsed: 00:20:41
                                    ETA: 00:29:17

################################################################################
[1m                          Learning iteration 414/1000                           [0m 

                               Run name: dynamic-gate-4096x1000-20260901
                            Total steps: 40796160 
                       Steps per second: 32908 
                        Collection time: 2.790s 
                          Learning time: 0.197s 
                        Mean value loss: 0.1109
                    Mean surrogate loss: -0.0015
                      Mean entropy loss: -2.8866
                            Mean reward: 243.64
                    Mean episode length: 949.98
                        Mean action std: 0.20
                 Episode_Reward/upright: 1.7713
            Episode_Reward/body_ang_vel: -0.0618
        Episode_Reward/angular_momentum: -0.0000
          Episode_Reward/action_rate_l2: -1.1911
       Episode_Reward/crouch_glide_pose: 4.5119
    Episode_Reward/crouch_glide_pose_l1: -0.3249
           Episode_Reward/forward_speed: 1.7648
  Episode_Reward/forward_speed_tracking: 4.9350
            Episode_Reward/heading_hold: 0.3319
     Episode_Reward/crouch_forward_lean: 0.3639
               Episode_Reward/feet_flat: -0.0649
         Episode_Reward/self_collisions: -0.0022
     Episode_Reward/neck_action_rate_l2: -0.1324
        Episode_Reward/joint_torques_l2: -0.0005
        Episode_Metrics/mean_action_acc: 0.3801
          Curriculum/action_rate_weight: -0.8000
                   Curriculum/com_range: 0.0030
              Curriculum/head_com_range: 0.0030
           Episode_Termination/time_out: 3.2083
          Episode_Termination/fell_over: 0.1667
Episode_Termination/out_of_terrain_bounds: 0.0000
          Episode_Termination/nan_state: 0.0000
          Metrics/angular_momentum_mean: 0.0035
--------------------------------------------------------------------------------
                         Iteration time: 2.99s
                           Time elapsed: 00:20:44
                                    ETA: 00:29:14

################################################################################
[1m                          Learning iteration 415/1000                           [0m 

                               Run name: dynamic-gate-4096x1000-20260901
                            Total steps: 40894464 
                       Steps per second: 32504 
                        Collection time: 2.814s 
                          Learning time: 0.211s 
                        Mean value loss: 0.1695
                    Mean surrogate loss: -0.0021
                      Mean entropy loss: -2.9018
                            Mean reward: 242.27
                    Mean episode length: 943.88
                        Mean action std: 0.20
                 Episode_Reward/upright: 1.8399
            Episode_Reward/body_ang_vel: -0.0617
        Episode_Reward/angular_momentum: -0.0000
          Episode_Reward/action_rate_l2: -1.2251
       Episode_Reward/crouch_glide_pose: 4.6527
    Episode_Reward/crouch_glide_pose_l1: -0.3353
           Episode_Reward/forward_speed: 1.8195
  Episode_Reward/forward_speed_tracking: 5.1221
            Episode_Reward/heading_hold: 0.3566
     Episode_Reward/crouch_forward_lean: 0.3720
               Episode_Reward/feet_flat: -0.0659
         Episode_Reward/self_collisions: -0.0024
     Episode_Reward/neck_action_rate_l2: -0.1367
        Episode_Reward/joint_torques_l2: -0.0005
        Episode_Metrics/mean_action_acc: 0.3783
          Curriculum/action_rate_weight: -0.8000
                   Curriculum/com_range: 0.0030
              Curriculum/head_com_range: 0.0030
           Episode_Termination/time_out: 3.2500
          Episode_Termination/fell_over: 0.2500
Episode_Termination/out_of_terrain_bounds: 0.0000
          Episode_Termination/nan_state: 0.0000
          Metrics/angular_momentum_mean: 0.0035
--------------------------------------------------------------------------------
                         Iteration time: 3.02s
                           Time elapsed: 00:20:47
                                    ETA: 00:29:11

################################################################################
[1m                          Learning iteration 416/1000                           [0m 

                               Run name: dynamic-gate-4096x1000-20260901
                            Total steps: 40992768 
                       Steps per second: 32813 
                        Collection time: 2.774s 
                          Learning time: 0.222s 
                        Mean value loss: 0.2319
                    Mean surrogate loss: -0.0032
                      Mean entropy loss: -2.8821
                            Mean reward: 246.08
                    Mean episode length: 958.94
                        Mean action std: 0.20
                 Episode_Reward/upright: 1.8616
            Episode_Reward/body_ang_vel: -0.0624
        Episode_Reward/angular_momentum: -0.0000
          Episode_Reward/action_rate_l2: -1.2472
       Episode_Reward/crouch_glide_pose: 4.7226
    Episode_Reward/crouch_glide_pose_l1: -0.3410
           Episode_Reward/forward_speed: 1.8526
  Episode_Reward/forward_speed_tracking: 5.2312
            Episode_Reward/heading_hold: 0.3707
     Episode_Reward/crouch_forward_lean: 0.3769
               Episode_Reward/feet_flat: -0.0669
         Episode_Reward/self_collisions: -0.0029
     Episode_Reward/neck_action_rate_l2: -0.1393
        Episode_Reward/joint_torques_l2: -0.0005
        Episode_Metrics/mean_action_acc: 0.3789
          Curriculum/action_rate_weight: -0.8000
                   Curriculum/com_range: 0.0030
              Curriculum/head_com_range: 0.0030
           Episode_Termination/time_out: 2.7083
          Episode_Termination/fell_over: 0.1250
Episode_Termination/out_of_terrain_bounds: 0.0000
          Episode_Termination/nan_state: 0.0000
          Metrics/angular_momentum_mean: 0.0035
--------------------------------------------------------------------------------
                         Iteration time: 3.00s
                           Time elapsed: 00:20:50
                                    ETA: 00:29:08

################################################################################
[1m                          Learning iteration 417/1000                           [0m 

                               Run name: dynamic-gate-4096x1000-20260901
                            Total steps: 41091072 
                       Steps per second: 32310 
                        Collection time: 2.839s 
                          Learning time: 0.203s 
                        Mean value loss: 0.1710
                    Mean surrogate loss: -0.0034
                      Mean entropy loss: -2.8579
                            Mean reward: 234.98
                    Mean episode length: 924.80
                        Mean action std: 0.20
                 Episode_Reward/upright: 1.7258
            Episode_Reward/body_ang_vel: -0.0599
        Episode_Reward/angular_momentum: -0.0000
          Episode_Reward/action_rate_l2: -1.1696
       Episode_Reward/crouch_glide_pose: 4.4165
    Episode_Reward/crouch_glide_pose_l1: -0.3478
           Episode_Reward/forward_speed: 1.7169
  Episode_Reward/forward_speed_tracking: 4.8131
            Episode_Reward/heading_hold: 0.3896
     Episode_Reward/crouch_forward_lean: 0.3430
               Episode_Reward/feet_flat: -0.0901
         Episode_Reward/self_collisions: -0.0114
     Episode_Reward/neck_action_rate_l2: -0.1302
        Episode_Reward/joint_torques_l2: -0.0005
        Episode_Metrics/mean_action_acc: 0.3774
          Curriculum/action_rate_weight: -0.8000
                   Curriculum/com_range: 0.0030
              Curriculum/head_com_range: 0.0030
           Episode_Termination/time_out: 2.2917
          Episode_Termination/fell_over: 0.3750
Episode_Termination/out_of_terrain_bounds: 0.0000
          Episode_Termination/nan_state: 0.0000
          Metrics/angular_momentum_mean: 0.0035
--------------------------------------------------------------------------------
                         Iteration time: 3.04s
                           Time elapsed: 00:20:53
                                    ETA: 00:29:05

################################################################################
[1m                          Learning iteration 418/1000                           [0m 

                               Run name: dynamic-gate-4096x1000-20260901
                            Total steps: 41189376 
                       Steps per second: 33359 
                        Collection time: 2.750s 
                          Learning time: 0.197s 
                        Mean value loss: 0.1928
                    Mean surrogate loss: -0.0034
                      Mean entropy loss: -2.8622
                            Mean reward: 239.53
                    Mean episode length: 934.17
                        Mean action std: 0.20
                 Episode_Reward/upright: 1.8522
            Episode_Reward/body_ang_vel: -0.0624
        Episode_Reward/angular_momentum: -0.0000
          Episode_Reward/action_rate_l2: -1.2352
       Episode_Reward/crouch_glide_pose: 4.6836
    Episode_Reward/crouch_glide_pose_l1: -0.3379
           Episode_Reward/forward_speed: 1.8338
  Episode_Reward/forward_speed_tracking: 5.1462
            Episode_Reward/heading_hold: 0.3543
     Episode_Reward/crouch_forward_lean: 0.3685
               Episode_Reward/feet_flat: -0.0671
         Episode_Reward/self_collisions: -0.0030
     Episode_Reward/neck_action_rate_l2: -0.1366
        Episode_Reward/joint_torques_l2: -0.0005
        Episode_Metrics/mean_action_acc: 0.3784
          Curriculum/action_rate_weight: -0.8000
                   Curriculum/com_range: 0.0030
              Curriculum/head_com_range: 0.0030
           Episode_Termination/time_out: 3.5000
          Episode_Termination/fell_over: 0.1667
Episode_Termination/out_of_terrain_bounds: 0.0000
          Episode_Termination/nan_state: 0.0000
          Metrics/angular_momentum_mean: 0.0036
--------------------------------------------------------------------------------
                         Iteration time: 2.95s
                           Time elapsed: 00:20:56
                                    ETA: 00:29:02

################################################################################
[1m                          Learning iteration 419/1000                           [0m 

                               Run name: dynamic-gate-4096x1000-20260901
                            Total steps: 41287680 
                       Steps per second: 33257 
                        Collection time: 2.756s 
                          Learning time: 0.199s 
                        Mean value loss: 0.0995
                    Mean surrogate loss: -0.0028
                      Mean entropy loss: -2.8770
                            Mean reward: 239.98
                    Mean episode length: 934.76
                        Mean action std: 0.20
                 Episode_Reward/upright: 1.8003
            Episode_Reward/body_ang_vel: -0.0628
        Episode_Reward/angular_momentum: -0.0000
          Episode_Reward/action_rate_l2: -1.2033
       Episode_Reward/crouch_glide_pose: 4.5701
    Episode_Reward/crouch_glide_pose_l1: -0.3288
           Episode_Reward/forward_speed: 1.7884
  Episode_Reward/forward_speed_tracking: 5.0295
            Episode_Reward/heading_hold: 0.3801
     Episode_Reward/crouch_forward_lean: 0.3518
               Episode_Reward/feet_flat: -0.0668
         Episode_Reward/self_collisions: -0.0026
     Episode_Reward/neck_action_rate_l2: -0.1342
        Episode_Reward/joint_torques_l2: -0.0005
        Episode_Metrics/mean_action_acc: 0.3788
          Curriculum/action_rate_weight: -0.8000
                   Curriculum/com_range: 0.0030
              Curriculum/head_com_range: 0.0030
           Episode_Termination/time_out: 2.2500
          Episode_Termination/fell_over: 0.2500
Episode_Termination/out_of_terrain_bounds: 0.0000
          Episode_Termination/nan_state: 0.0000
          Metrics/angular_momentum_mean: 0.0036
--------------------------------------------------------------------------------
                         Iteration time: 2.96s
                           Time elapsed: 00:20:59
                                    ETA: 00:28:59

################################################################################
[1m                          Learning iteration 420/1000                           [0m 

                               Run name: dynamic-gate-4096x1000-20260901
                            Total steps: 41385984 
                       Steps per second: 32916 
                        Collection time: 2.774s 
                          Learning time: 0.213s 
                        Mean value loss: 0.1350
                    Mean surrogate loss: -0.0024
                      Mean entropy loss: -2.9158
                            Mean reward: 239.95
                    Mean episode length: 935.88
                        Mean action std: 0.20
                 Episode_Reward/upright: 1.7345
            Episode_Reward/body_ang_vel: -0.0606
        Episode_Reward/angular_momentum: -0.0000
          Episode_Reward/action_rate_l2: -1.1591
       Episode_Reward/crouch_glide_pose: 4.3943
    Episode_Reward/crouch_glide_pose_l1: -0.3174
           Episode_Reward/forward_speed: 1.7201
  Episode_Reward/forward_speed_tracking: 4.8176
            Episode_Reward/heading_hold: 0.3146
     Episode_Reward/crouch_forward_lean: 0.3440
               Episode_Reward/feet_flat: -0.0648
         Episode_Reward/self_collisions: -0.0028
     Episode_Reward/neck_action_rate_l2: -0.1288
        Episode_Reward/joint_torques_l2: -0.0005
        Episode_Metrics/mean_action_acc: 0.3812
          Curriculum/action_rate_weight: -0.8000
                   Curriculum/com_range: 0.0030
              Curriculum/head_com_range: 0.0030
           Episode_Termination/time_out: 2.2500
          Episode_Termination/fell_over: 0.2083
Episode_Termination/out_of_terrain_bounds: 0.0000
          Episode_Termination/nan_state: 0.0000
          Metrics/angular_momentum_mean: 0.0036
--------------------------------------------------------------------------------
                         Iteration time: 2.99s
                           Time elapsed: 00:21:02
                                    ETA: 00:28:56

################################################################################
[1m                          Learning iteration 421/1000                           [0m 

                               Run name: dynamic-gate-4096x1000-20260901
                            Total steps: 41484288 
                       Steps per second: 31710 
                        Collection time: 2.881s 
                          Learning time: 0.219s 
                        Mean value loss: 0.1954
                    Mean surrogate loss: -0.0025
                      Mean entropy loss: -2.8968
                            Mean reward: 248.06
                    Mean episode length: 965.39
                        Mean action std: 0.20
                 Episode_Reward/upright: 1.8759
            Episode_Reward/body_ang_vel: -0.0641
        Episode_Reward/angular_momentum: -0.0000
          Episode_Reward/action_rate_l2: -1.2533
       Episode_Reward/crouch_glide_pose: 4.7664
    Episode_Reward/crouch_glide_pose_l1: -0.3420
           Episode_Reward/forward_speed: 1.8628
  Episode_Reward/forward_speed_tracking: 5.2283
            Episode_Reward/heading_hold: 0.3796
     Episode_Reward/crouch_forward_lean: 0.3661
               Episode_Reward/feet_flat: -0.0686
         Episode_Reward/self_collisions: -0.0029
     Episode_Reward/neck_action_rate_l2: -0.1389
        Episode_Reward/joint_torques_l2: -0.0005
        Episode_Metrics/mean_action_acc: 0.3788
          Curriculum/action_rate_weight: -0.8000
                   Curriculum/com_range: 0.0030
              Curriculum/head_com_range: 0.0030
           Episode_Termination/time_out: 3.2500
          Episode_Termination/fell_over: 0.1667
Episode_Termination/out_of_terrain_bounds: 0.0000
          Episode_Termination/nan_state: 0.0000
          Metrics/angular_momentum_mean: 0.0036
--------------------------------------------------------------------------------
                         Iteration time: 3.10s
                           Time elapsed: 00:21:05
                                    ETA: 00:28:53

################################################################################
[1m                          Learning iteration 422/1000                           [0m 

                               Run name: dynamic-gate-4096x1000-20260901
                            Total steps: 41582592 
                       Steps per second: 32007 
                        Collection time: 2.841s 
                          Learning time: 0.230s 
                        Mean value loss: 0.1294
                    Mean surrogate loss: -0.0030
                      Mean entropy loss: -2.8827
                            Mean reward: 242.93
                    Mean episode length: 946.61
                        Mean action std: 0.20
                 Episode_Reward/upright: 1.7414
            Episode_Reward/body_ang_vel: -0.0594
        Episode_Reward/angular_momentum: -0.0000
          Episode_Reward/action_rate_l2: -1.1610
       Episode_Reward/crouch_glide_pose: 4.4302
    Episode_Reward/crouch_glide_pose_l1: -0.3179
           Episode_Reward/forward_speed: 1.7255
  Episode_Reward/forward_speed_tracking: 4.8400
            Episode_Reward/heading_hold: 0.3361
     Episode_Reward/crouch_forward_lean: 0.3524
               Episode_Reward/feet_flat: -0.0624
         Episode_Reward/self_collisions: -0.0043
     Episode_Reward/neck_action_rate_l2: -0.1288
        Episode_Reward/joint_torques_l2: -0.0005
        Episode_Metrics/mean_action_acc: 0.3801
          Curriculum/action_rate_weight: -0.8000
                   Curriculum/com_range: 0.0030
              Curriculum/head_com_range: 0.0030
           Episode_Termination/time_out: 3.0417
          Episode_Termination/fell_over: 0.2083
Episode_Termination/out_of_terrain_bounds: 0.0000
          Episode_Termination/nan_state: 0.0000
          Metrics/angular_momentum_mean: 0.0036
--------------------------------------------------------------------------------
                         Iteration time: 3.07s
                           Time elapsed: 00:21:08
                                    ETA: 00:28:50

################################################################################
[1m                          Learning iteration 423/1000                           [0m 

                               Run name: dynamic-gate-4096x1000-20260901
                            Total steps: 41680896 
                       Steps per second: 31722 
                        Collection time: 2.882s 
                          Learning time: 0.216s 
                        Mean value loss: 0.1811
                    Mean surrogate loss: -0.0029
                      Mean entropy loss: -2.8924
                            Mean reward: 244.39
                    Mean episode length: 950.15
                        Mean action std: 0.20
                 Episode_Reward/upright: 1.8783
            Episode_Reward/body_ang_vel: -0.0626
        Episode_Reward/angular_momentum: -0.0000
          Episode_Reward/action_rate_l2: -1.2518
       Episode_Reward/crouch_glide_pose: 4.7772
    Episode_Reward/crouch_glide_pose_l1: -0.3395
           Episode_Reward/forward_speed: 1.8670
  Episode_Reward/forward_speed_tracking: 5.2585
            Episode_Reward/heading_hold: 0.3363
     Episode_Reward/crouch_forward_lean: 0.3887
               Episode_Reward/feet_flat: -0.0678
         Episode_Reward/self_collisions: -0.0022
     Episode_Reward/neck_action_rate_l2: -0.1389
        Episode_Reward/joint_torques_l2: -0.0005
        Episode_Metrics/mean_action_acc: 0.3781
          Curriculum/action_rate_weight: -0.8000
                   Curriculum/com_range: 0.0030
              Curriculum/head_com_range: 0.0030
           Episode_Termination/time_out: 2.6667
          Episode_Termination/fell_over: 0.0833
Episode_Termination/out_of_terrain_bounds: 0.0000
          Episode_Termination/nan_state: 0.0000
          Metrics/angular_momentum_mean: 0.0036
--------------------------------------------------------------------------------
                         Iteration time: 3.10s
                           Time elapsed: 00:21:11
                                    ETA: 00:28:47

################################################################################
[1m                          Learning iteration 424/1000                           [0m 

                               Run name: dynamic-gate-4096x1000-20260901
                            Total steps: 41779200 
                       Steps per second: 33003 
                        Collection time: 2.770s 
                          Learning time: 0.209s 
                        Mean value loss: 0.1259
                    Mean surrogate loss: -0.0019
                      Mean entropy loss: -2.8613
                            Mean reward: 239.44
                    Mean episode length: 930.73
                        Mean action std: 0.20
                 Episode_Reward/upright: 1.7332
            Episode_Reward/body_ang_vel: -0.0580
        Episode_Reward/angular_momentum: -0.0000
          Episode_Reward/action_rate_l2: -1.1549
       Episode_Reward/crouch_glide_pose: 4.4031
    Episode_Reward/crouch_glide_pose_l1: -0.3159
           Episode_Reward/forward_speed: 1.7177
  Episode_Reward/forward_speed_tracking: 4.8345
            Episode_Reward/heading_hold: 0.3976
     Episode_Reward/crouch_forward_lean: 0.3468
               Episode_Reward/feet_flat: -0.0633
         Episode_Reward/self_collisions: -0.0031
     Episode_Reward/neck_action_rate_l2: -0.1283
        Episode_Reward/joint_torques_l2: -0.0005
        Episode_Metrics/mean_action_acc: 0.3804
          Curriculum/action_rate_weight: -0.8000
                   Curriculum/com_range: 0.0030
              Curriculum/head_com_range: 0.0030
           Episode_Termination/time_out: 2.7500
          Episode_Termination/fell_over: 0.2917
Episode_Termination/out_of_terrain_bounds: 0.0000
          Episode_Termination/nan_state: 0.0000
          Metrics/angular_momentum_mean: 0.0036
--------------------------------------------------------------------------------
                         Iteration time: 2.98s
                           Time elapsed: 00:21:14
                                    ETA: 00:28:44

################################################################################
[1m                          Learning iteration 425/1000                           [0m 

                               Run name: dynamic-gate-4096x1000-20260901
                            Total steps: 41877504 
                       Steps per second: 32214 
                        Collection time: 2.818s 
                          Learning time: 0.234s 
                        Mean value loss: 0.0852
                    Mean surrogate loss: -0.0027
                      Mean entropy loss: -2.8994
                            Mean reward: 244.39
                    Mean episode length: 948.69
                        Mean action std: 0.20
                 Episode_Reward/upright: 1.8191
            Episode_Reward/body_ang_vel: -0.0621
        Episode_Reward/angular_momentum: -0.0000
          Episode_Reward/action_rate_l2: -1.2151
       Episode_Reward/crouch_glide_pose: 4.6429
    Episode_Reward/crouch_glide_pose_l1: -0.3325
           Episode_Reward/forward_speed: 1.8129
  Episode_Reward/forward_speed_tracking: 5.0992
            Episode_Reward/heading_hold: 0.3609
     Episode_Reward/crouch_forward_lean: 0.3688
               Episode_Reward/feet_flat: -0.0659
         Episode_Reward/self_collisions: -0.0033
     Episode_Reward/neck_action_rate_l2: -0.1347
        Episode_Reward/joint_torques_l2: -0.0005
        Episode_Metrics/mean_action_acc: 0.3780
          Curriculum/action_rate_weight: -0.8000
                   Curriculum/com_range: 0.0030
              Curriculum/head_com_range: 0.0030
           Episode_Termination/time_out: 2.8750
          Episode_Termination/fell_over: 0.2083
Episode_Termination/out_of_terrain_bounds: 0.0000
          Episode_Termination/nan_state: 0.0000
          Metrics/angular_momentum_mean: 0.0036
--------------------------------------------------------------------------------
                         Iteration time: 3.05s
                           Time elapsed: 00:21:17
                                    ETA: 00:28:41

################################################################################
[1m                          Learning iteration 426/1000                           [0m 

                               Run name: dynamic-gate-4096x1000-20260901
                            Total steps: 41975808 
                       Steps per second: 32713 
                        Collection time: 2.790s 
                          Learning time: 0.215s 
                        Mean value loss: 0.1769
                    Mean surrogate loss: -0.0013
                      Mean entropy loss: -2.9241
                            Mean reward: 248.70
                    Mean episode length: 963.63
                        Mean action std: 0.20
                 Episode_Reward/upright: 1.8183
            Episode_Reward/body_ang_vel: -0.0600
        Episode_Reward/angular_momentum: -0.0000
          Episode_Reward/action_rate_l2: -1.2112
       Episode_Reward/crouch_glide_pose: 4.6234
    Episode_Reward/crouch_glide_pose_l1: -0.3313
           Episode_Reward/forward_speed: 1.8061
  Episode_Reward/forward_speed_tracking: 5.0779
            Episode_Reward/heading_hold: 0.3722
     Episode_Reward/crouch_forward_lean: 0.3718
               Episode_Reward/feet_flat: -0.0647
         Episode_Reward/self_collisions: -0.0030
     Episode_Reward/neck_action_rate_l2: -0.1349
        Episode_Reward/joint_torques_l2: -0.0005
        Episode_Metrics/mean_action_acc: 0.3760
          Curriculum/action_rate_weight: -0.8000
                   Curriculum/com_range: 0.0030
              Curriculum/head_com_range: 0.0030
           Episode_Termination/time_out: 3.4167
          Episode_Termination/fell_over: 0.1250
Episode_Termination/out_of_terrain_bounds: 0.0000
          Episode_Termination/nan_state: 0.0000
          Metrics/angular_momentum_mean: 0.0036
--------------------------------------------------------------------------------
                         Iteration time: 3.01s
                           Time elapsed: 00:21:20
                                    ETA: 00:28:38

################################################################################
[1m                          Learning iteration 427/1000                           [0m 

                               Run name: dynamic-gate-4096x1000-20260901
                            Total steps: 42074112 
                       Steps per second: 33250 
                        Collection time: 2.766s 
                          Learning time: 0.190s 
                        Mean value loss: 0.2301
                    Mean surrogate loss: -0.0034
                      Mean entropy loss: -2.8900
                            Mean reward: 246.23
                    Mean episode length: 959.77
                        Mean action std: 0.20
                 Episode_Reward/upright: 1.8561
            Episode_Reward/body_ang_vel: -0.0627
        Episode_Reward/angular_momentum: -0.0000
          Episode_Reward/action_rate_l2: -1.2372
       Episode_Reward/crouch_glide_pose: 4.7057
    Episode_Reward/crouch_glide_pose_l1: -0.3375
           Episode_Reward/forward_speed: 1.8427
  Episode_Reward/forward_speed_tracking: 5.1561
            Episode_Reward/heading_hold: 0.3595
     Episode_Reward/crouch_forward_lean: 0.3640
               Episode_Reward/feet_flat: -0.0686
         Episode_Reward/self_collisions: -0.0024
     Episode_Reward/neck_action_rate_l2: -0.1381
        Episode_Reward/joint_torques_l2: -0.0005
        Episode_Metrics/mean_action_acc: 0.3780
          Curriculum/action_rate_weight: -0.8000
                   Curriculum/com_range: 0.0030
              Curriculum/head_com_range: 0.0030
           Episode_Termination/time_out: 2.7083
          Episode_Termination/fell_over: 0.1667
Episode_Termination/out_of_terrain_bounds: 0.0000
          Episode_Termination/nan_state: 0.0000
          Metrics/angular_momentum_mean: 0.0036
--------------------------------------------------------------------------------
                         Iteration time: 2.96s
                           Time elapsed: 00:21:23
                                    ETA: 00:28:35

################################################################################
[1m                          Learning iteration 428/1000                           [0m 

                               Run name: dynamic-gate-4096x1000-20260901
                            Total steps: 42172416 
                       Steps per second: 33575 
                        Collection time: 2.734s 
                          Learning time: 0.194s 
                        Mean value loss: 0.1584
                    Mean surrogate loss: -0.0032
                      Mean entropy loss: -2.8498
                            Mean reward: 242.89
                    Mean episode length: 942.07
                        Mean action std: 0.20
                 Episode_Reward/upright: 1.7578
            Episode_Reward/body_ang_vel: -0.0624
        Episode_Reward/angular_momentum: -0.0000
          Episode_Reward/action_rate_l2: -1.1673
       Episode_Reward/crouch_glide_pose: 4.4701
    Episode_Reward/crouch_glide_pose_l1: -0.3216
           Episode_Reward/forward_speed: 1.7450
  Episode_Reward/forward_speed_tracking: 4.8901
            Episode_Reward/heading_hold: 0.3612
     Episode_Reward/crouch_forward_lean: 0.3540
               Episode_Reward/feet_flat: -0.0649
         Episode_Reward/self_collisions: -0.0022
     Episode_Reward/neck_action_rate_l2: -0.1305
        Episode_Reward/joint_torques_l2: -0.0005
        Episode_Metrics/mean_action_acc: 0.3777
          Curriculum/action_rate_weight: -0.8000
                   Curriculum/com_range: 0.0030
              Curriculum/head_com_range: 0.0030
           Episode_Termination/time_out: 3.2917
          Episode_Termination/fell_over: 0.2917
Episode_Termination/out_of_terrain_bounds: 0.0000
          Episode_Termination/nan_state: 0.0000
          Metrics/angular_momentum_mean: 0.0036
--------------------------------------------------------------------------------
                         Iteration time: 2.93s
                           Time elapsed: 00:21:26
                                    ETA: 00:28:32

################################################################################
[1m                          Learning iteration 429/1000                           [0m 

                               Run name: dynamic-gate-4096x1000-20260901
                            Total steps: 42270720 
                       Steps per second: 31508 
                        Collection time: 2.876s 
                          Learning time: 0.244s 
                        Mean value loss: 0.0529
                    Mean surrogate loss: -0.0030
                      Mean entropy loss: -2.9027
                            Mean reward: 241.45
                    Mean episode length: 939.16
                        Mean action std: 0.20
                 Episode_Reward/upright: 1.8838
            Episode_Reward/body_ang_vel: -0.0623
        Episode_Reward/angular_momentum: -0.0000
          Episode_Reward/action_rate_l2: -1.2513
       Episode_Reward/crouch_glide_pose: 4.7926
    Episode_Reward/crouch_glide_pose_l1: -0.3408
           Episode_Reward/forward_speed: 1.8677
  Episode_Reward/forward_speed_tracking: 5.2541
            Episode_Reward/heading_hold: 0.3912
     Episode_Reward/crouch_forward_lean: 0.3805
               Episode_Reward/feet_flat: -0.0654
         Episode_Reward/self_collisions: -0.0024
     Episode_Reward/neck_action_rate_l2: -0.1390
        Episode_Reward/joint_torques_l2: -0.0005
        Episode_Metrics/mean_action_acc: 0.3773
          Curriculum/action_rate_weight: -0.8000
                   Curriculum/com_range: 0.0030
              Curriculum/head_com_range: 0.0030
           Episode_Termination/time_out: 3.0417
          Episode_Termination/fell_over: 0.1250
Episode_Termination/out_of_terrain_bounds: 0.0000
          Episode_Termination/nan_state: 0.0000
          Metrics/angular_momentum_mean: 0.0036
--------------------------------------------------------------------------------
                         Iteration time: 3.12s
                           Time elapsed: 00:21:29
                                    ETA: 00:28:29

################################################################################
[1m                          Learning iteration 430/1000                           [0m 

                               Run name: dynamic-gate-4096x1000-20260901
                            Total steps: 42369024 
                       Steps per second: 29831 
                        Collection time: 3.107s 
                          Learning time: 0.189s 
                        Mean value loss: 0.1562
                    Mean surrogate loss: -0.0018
                      Mean entropy loss: -2.9521
                            Mean reward: 251.40
                    Mean episode length: 974.19
                        Mean action std: 0.20
                 Episode_Reward/upright: 1.8481
            Episode_Reward/body_ang_vel: -0.0621
        Episode_Reward/angular_momentum: -0.0000
          Episode_Reward/action_rate_l2: -1.2302
       Episode_Reward/crouch_glide_pose: 4.7123
    Episode_Reward/crouch_glide_pose_l1: -0.3366
           Episode_Reward/forward_speed: 1.8375
  Episode_Reward/forward_speed_tracking: 5.1573
            Episode_Reward/heading_hold: 0.4023
     Episode_Reward/crouch_forward_lean: 0.3722
               Episode_Reward/feet_flat: -0.0653
         Episode_Reward/self_collisions: -0.0028
     Episode_Reward/neck_action_rate_l2: -0.1365
        Episode_Reward/joint_torques_l2: -0.0005
        Episode_Metrics/mean_action_acc: 0.3775
          Curriculum/action_rate_weight: -0.8000
                   Curriculum/com_range: 0.0030
              Curriculum/head_com_range: 0.0030
           Episode_Termination/time_out: 3.8333
          Episode_Termination/fell_over: 0.1250
Episode_Termination/out_of_terrain_bounds: 0.0000
          Episode_Termination/nan_state: 0.0000
          Metrics/angular_momentum_mean: 0.0036
--------------------------------------------------------------------------------
                         Iteration time: 3.30s
                           Time elapsed: 00:21:32
                                    ETA: 00:28:26

################################################################################
[1m                          Learning iteration 431/1000                           [0m 

                               Run name: dynamic-gate-4096x1000-20260901
                            Total steps: 42467328 
                       Steps per second: 31156 
                        Collection time: 2.937s 
                          Learning time: 0.218s 
                        Mean value loss: 0.2263
                    Mean surrogate loss: -0.0024
                      Mean entropy loss: -2.9185
                            Mean reward: 255.05
                    Mean episode length: 985.97
                        Mean action std: 0.20
                 Episode_Reward/upright: 1.8620
            Episode_Reward/body_ang_vel: -0.0626
        Episode_Reward/angular_momentum: -0.0000
          Episode_Reward/action_rate_l2: -1.2376
       Episode_Reward/crouch_glide_pose: 4.7368
    Episode_Reward/crouch_glide_pose_l1: -0.3367
           Episode_Reward/forward_speed: 1.8469
  Episode_Reward/forward_speed_tracking: 5.2057
            Episode_Reward/heading_hold: 0.4003
     Episode_Reward/crouch_forward_lean: 0.3839
               Episode_Reward/feet_flat: -0.0648
         Episode_Reward/self_collisions: -0.0023
     Episode_Reward/neck_action_rate_l2: -0.1374
        Episode_Reward/joint_torques_l2: -0.0005
        Episode_Metrics/mean_action_acc: 0.3780
          Curriculum/action_rate_weight: -0.8000
                   Curriculum/com_range: 0.0030
              Curriculum/head_com_range: 0.0030
           Episode_Termination/time_out: 5.5417
          Episode_Termination/fell_over: 0.2500
Episode_Termination/out_of_terrain_bounds: 0.0000
          Episode_Termination/nan_state: 0.0000
          Metrics/angular_momentum_mean: 0.0036
--------------------------------------------------------------------------------
                         Iteration time: 3.16s
                           Time elapsed: 00:21:36
                                    ETA: 00:28:24

################################################################################
[1m                          Learning iteration 432/1000                           [0m 

                               Run name: dynamic-gate-4096x1000-20260901
                            Total steps: 42565632 
                       Steps per second: 31513 
                        Collection time: 2.869s 
                          Learning time: 0.251s 
                        Mean value loss: 0.1619
                    Mean surrogate loss: -0.0028
                      Mean entropy loss: -2.8593
                            Mean reward: 248.55
                    Mean episode length: 961.68
                        Mean action std: 0.20
                 Episode_Reward/upright: 1.8564
            Episode_Reward/body_ang_vel: -0.0622
        Episode_Reward/angular_momentum: -0.0000
          Episode_Reward/action_rate_l2: -1.2330
       Episode_Reward/crouch_glide_pose: 4.7327
    Episode_Reward/crouch_glide_pose_l1: -0.3365
           Episode_Reward/forward_speed: 1.8424
  Episode_Reward/forward_speed_tracking: 5.1801
            Episode_Reward/heading_hold: 0.3912
     Episode_Reward/crouch_forward_lean: 0.3759
               Episode_Reward/feet_flat: -0.0648
         Episode_Reward/self_collisions: -0.0031
     Episode_Reward/neck_action_rate_l2: -0.1370
        Episode_Reward/joint_torques_l2: -0.0005
        Episode_Metrics/mean_action_acc: 0.3768
          Curriculum/action_rate_weight: -0.8000
                   Curriculum/com_range: 0.0030
              Curriculum/head_com_range: 0.0030
           Episode_Termination/time_out: 6.8333
          Episode_Termination/fell_over: 0.2917
Episode_Termination/out_of_terrain_bounds: 0.0000
          Episode_Termination/nan_state: 0.0000
          Metrics/angular_momentum_mean: 0.0036
--------------------------------------------------------------------------------
                         Iteration time: 3.12s
                           Time elapsed: 00:21:39
                                    ETA: 00:28:21

################################################################################
[1m                          Learning iteration 433/1000                           [0m 

                               Run name: dynamic-gate-4096x1000-20260901
                            Total steps: 42663936 
                       Steps per second: 31884 
                        Collection time: 2.867s 
                          Learning time: 0.217s 
                        Mean value loss: 0.2469
                    Mean surrogate loss: -0.0028
                      Mean entropy loss: -2.8102
                            Mean reward: 251.53
                    Mean episode length: 971.19
                        Mean action std: 0.20
                 Episode_Reward/upright: 1.8772
            Episode_Reward/body_ang_vel: -0.0619
        Episode_Reward/angular_momentum: -0.0000
          Episode_Reward/action_rate_l2: -1.2417
       Episode_Reward/crouch_glide_pose: 4.7665
    Episode_Reward/crouch_glide_pose_l1: -0.3390
           Episode_Reward/forward_speed: 1.8567
  Episode_Reward/forward_speed_tracking: 5.2385
            Episode_Reward/heading_hold: 0.3724
     Episode_Reward/crouch_forward_lean: 0.3851
               Episode_Reward/feet_flat: -0.0635
         Episode_Reward/self_collisions: -0.0030
     Episode_Reward/neck_action_rate_l2: -0.1373
        Episode_Reward/joint_torques_l2: -0.0005
        Episode_Metrics/mean_action_acc: 0.3769
          Curriculum/action_rate_weight: -0.8000
                   Curriculum/com_range: 0.0030
              Curriculum/head_com_range: 0.0030
           Episode_Termination/time_out: 8.1250
          Episode_Termination/fell_over: 0.2500
Episode_Termination/out_of_terrain_bounds: 0.0000
          Episode_Termination/nan_state: 0.0000
          Metrics/angular_momentum_mean: 0.0036
--------------------------------------------------------------------------------
                         Iteration time: 3.08s
                           Time elapsed: 00:21:42
                                    ETA: 00:28:18

################################################################################
[1m                          Learning iteration 434/1000                           [0m 

                               Run name: dynamic-gate-4096x1000-20260901
                            Total steps: 42762240 
                       Steps per second: 32097 
                        Collection time: 2.869s 
                          Learning time: 0.194s 
                        Mean value loss: 0.2381
                    Mean surrogate loss: -0.0030
                      Mean entropy loss: -2.7370
                            Mean reward: 242.55
                    Mean episode length: 942.66
                        Mean action std: 0.20
                 Episode_Reward/upright: 1.8485
            Episode_Reward/body_ang_vel: -0.0610
        Episode_Reward/angular_momentum: -0.0000
          Episode_Reward/action_rate_l2: -1.2225
       Episode_Reward/crouch_glide_pose: 4.6826
    Episode_Reward/crouch_glide_pose_l1: -0.3332
           Episode_Reward/forward_speed: 1.8238
  Episode_Reward/forward_speed_tracking: 5.1484
            Episode_Reward/heading_hold: 0.3748
     Episode_Reward/crouch_forward_lean: 0.3672
               Episode_Reward/feet_flat: -0.0637
         Episode_Reward/self_collisions: -0.0032
     Episode_Reward/neck_action_rate_l2: -0.1347
        Episode_Reward/joint_torques_l2: -0.0005
        Episode_Metrics/mean_action_acc: 0.3772
          Curriculum/action_rate_weight: -0.8000
                   Curriculum/com_range: 0.0030
              Curriculum/head_com_range: 0.0030
           Episode_Termination/time_out: 9.1250
          Episode_Termination/fell_over: 0.4167
Episode_Termination/out_of_terrain_bounds: 0.0000
          Episode_Termination/nan_state: 0.0000
          Metrics/angular_momentum_mean: 0.0037
--------------------------------------------------------------------------------
                         Iteration time: 3.06s
                           Time elapsed: 00:21:45
                                    ETA: 00:28:15

################################################################################
[1m                          Learning iteration 435/1000                           [0m 

                               Run name: dynamic-gate-4096x1000-20260901
                            Total steps: 42860544 
                       Steps per second: 32289 
                        Collection time: 2.817s 
                          Learning time: 0.228s 
                        Mean value loss: 0.4187
                    Mean surrogate loss: -0.0029
                      Mean entropy loss: -2.6740
                            Mean reward: 247.75
                    Mean episode length: 960.61
                        Mean action std: 0.20
                 Episode_Reward/upright: 1.8452
            Episode_Reward/body_ang_vel: -0.0622
        Episode_Reward/angular_momentum: -0.0000
          Episode_Reward/action_rate_l2: -1.2244
       Episode_Reward/crouch_glide_pose: 4.6941
    Episode_Reward/crouch_glide_pose_l1: -0.3335
           Episode_Reward/forward_speed: 1.8281
  Episode_Reward/forward_speed_tracking: 5.1458
            Episode_Reward/heading_hold: 0.3657
     Episode_Reward/crouch_forward_lean: 0.3739
               Episode_Reward/feet_flat: -0.0643
         Episode_Reward/self_collisions: -0.0031
     Episode_Reward/neck_action_rate_l2: -0.1361
        Episode_Reward/joint_torques_l2: -0.0005
        Episode_Metrics/mean_action_acc: 0.3774
          Curriculum/action_rate_weight: -0.8000
                   Curriculum/com_range: 0.0030
              Curriculum/head_com_range: 0.0030
           Episode_Termination/time_out: 8.8750
          Episode_Termination/fell_over: 0.4583
Episode_Termination/out_of_terrain_bounds: 0.0000
          Episode_Termination/nan_state: 0.0000
          Metrics/angular_momentum_mean: 0.0037
--------------------------------------------------------------------------------
                         Iteration time: 3.04s
                           Time elapsed: 00:21:48
                                    ETA: 00:28:12

################################################################################
[1m                          Learning iteration 436/1000                           [0m 

                               Run name: dynamic-gate-4096x1000-20260901
                            Total steps: 42958848 
                       Steps per second: 30911 
                        Collection time: 2.964s 
                          Learning time: 0.216s 
                        Mean value loss: 0.3129
                    Mean surrogate loss: -0.0034
                      Mean entropy loss: -2.6019
                            Mean reward: 246.26
                    Mean episode length: 951.75
                        Mean action std: 0.20
                 Episode_Reward/upright: 1.8321
            Episode_Reward/body_ang_vel: -0.0614
        Episode_Reward/angular_momentum: -0.0000
          Episode_Reward/action_rate_l2: -1.2127
       Episode_Reward/crouch_glide_pose: 4.6515
    Episode_Reward/crouch_glide_pose_l1: -0.3308
           Episode_Reward/forward_speed: 1.8111
  Episode_Reward/forward_speed_tracking: 5.1051
            Episode_Reward/heading_hold: 0.4028
     Episode_Reward/crouch_forward_lean: 0.3650
               Episode_Reward/feet_flat: -0.0638
         Episode_Reward/self_collisions: -0.0032
     Episode_Reward/neck_action_rate_l2: -0.1347
        Episode_Reward/joint_torques_l2: -0.0005
        Episode_Metrics/mean_action_acc: 0.3782
          Curriculum/action_rate_weight: -0.8000
                   Curriculum/com_range: 0.0030
              Curriculum/head_com_range: 0.0030
           Episode_Termination/time_out: 9.7500
          Episode_Termination/fell_over: 0.5833
Episode_Termination/out_of_terrain_bounds: 0.0000
          Episode_Termination/nan_state: 0.0000
          Metrics/angular_momentum_mean: 0.0037
--------------------------------------------------------------------------------
                         Iteration time: 3.18s
                           Time elapsed: 00:21:51
                                    ETA: 00:28:09

################################################################################
[1m                          Learning iteration 437/1000                           [0m 

                               Run name: dynamic-gate-4096x1000-20260901
                            Total steps: 43057152 
                       Steps per second: 32208 
                        Collection time: 2.833s 
                          Learning time: 0.219s 
                        Mean value loss: 0.3228
                    Mean surrogate loss: -0.0038
                      Mean entropy loss: -2.5392
                            Mean reward: 242.06
                    Mean episode length: 933.14
                        Mean action std: 0.20
                 Episode_Reward/upright: 1.7740
            Episode_Reward/body_ang_vel: -0.0596
        Episode_Reward/angular_momentum: -0.0000
          Episode_Reward/action_rate_l2: -1.1743
       Episode_Reward/crouch_glide_pose: 4.4869
    Episode_Reward/crouch_glide_pose_l1: -0.3223
           Episode_Reward/forward_speed: 1.7483
  Episode_Reward/forward_speed_tracking: 4.9198
            Episode_Reward/heading_hold: 0.4062
     Episode_Reward/crouch_forward_lean: 0.3494
               Episode_Reward/feet_flat: -0.0621
         Episode_Reward/self_collisions: -0.0038
     Episode_Reward/neck_action_rate_l2: -0.1303
        Episode_Reward/joint_torques_l2: -0.0005
        Episode_Metrics/mean_action_acc: 0.3781
          Curriculum/action_rate_weight: -0.8000
                   Curriculum/com_range: 0.0030
              Curriculum/head_com_range: 0.0030
           Episode_Termination/time_out: 8.2917
          Episode_Termination/fell_over: 0.5833
Episode_Termination/out_of_terrain_bounds: 0.0000
          Episode_Termination/nan_state: 0.0000
          Metrics/angular_momentum_mean: 0.0037
--------------------------------------------------------------------------------
                         Iteration time: 3.05s
                           Time elapsed: 00:21:54
                                    ETA: 00:28:06

################################################################################
[1m                          Learning iteration 438/1000                           [0m 

                               Run name: dynamic-gate-4096x1000-20260901
                            Total steps: 43155456 
                       Steps per second: 33531 
                        Collection time: 2.730s 
                          Learning time: 0.201s 
                        Mean value loss: 0.1654
                    Mean surrogate loss: -0.0027
                      Mean entropy loss: -2.4935
                            Mean reward: 250.51
                    Mean episode length: 971.14
                        Mean action std: 0.20
                 Episode_Reward/upright: 1.8071
            Episode_Reward/body_ang_vel: -0.0611
        Episode_Reward/angular_momentum: -0.0000
          Episode_Reward/action_rate_l2: -1.1972
       Episode_Reward/crouch_glide_pose: 4.5748
    Episode_Reward/crouch_glide_pose_l1: -0.3263
           Episode_Reward/forward_speed: 1.7823
  Episode_Reward/forward_speed_tracking: 5.0207
            Episode_Reward/heading_hold: 0.3862
     Episode_Reward/crouch_forward_lean: 0.3630
               Episode_Reward/feet_flat: -0.0631
         Episode_Reward/self_collisions: -0.0028
     Episode_Reward/neck_action_rate_l2: -0.1332
        Episode_Reward/joint_torques_l2: -0.0005
        Episode_Metrics/mean_action_acc: 0.3787
          Curriculum/action_rate_weight: -0.8000
                   Curriculum/com_range: 0.0030
              Curriculum/head_com_range: 0.0030
           Episode_Termination/time_out: 7.7500
          Episode_Termination/fell_over: 0.5000
Episode_Termination/out_of_terrain_bounds: 0.0000
          Episode_Termination/nan_state: 0.0000
          Metrics/angular_momentum_mean: 0.0037
--------------------------------------------------------------------------------
                         Iteration time: 2.93s
                           Time elapsed: 00:21:57
                                    ETA: 00:28:03

################################################################################
[1m                          Learning iteration 439/1000                           [0m 

                               Run name: dynamic-gate-4096x1000-20260901
                            Total steps: 43253760 
                       Steps per second: 34304 
                        Collection time: 2.673s 
                          Learning time: 0.193s 
                        Mean value loss: 0.2882
                    Mean surrogate loss: -0.0031
                      Mean entropy loss: -2.4934
                            Mean reward: 251.16
                    Mean episode length: 971.25
                        Mean action std: 0.20
                 Episode_Reward/upright: 1.8632
            Episode_Reward/body_ang_vel: -0.0625
        Episode_Reward/angular_momentum: -0.0000
          Episode_Reward/action_rate_l2: -1.2353
       Episode_Reward/crouch_glide_pose: 4.7210
    Episode_Reward/crouch_glide_pose_l1: -0.3367
           Episode_Reward/forward_speed: 1.8417
  Episode_Reward/forward_speed_tracking: 5.1879
            Episode_Reward/heading_hold: 0.4091
     Episode_Reward/crouch_forward_lean: 0.3720
               Episode_Reward/feet_flat: -0.0651
         Episode_Reward/self_collisions: -0.0032
     Episode_Reward/neck_action_rate_l2: -0.1380
        Episode_Reward/joint_torques_l2: -0.0005
        Episode_Metrics/mean_action_acc: 0.3787
          Curriculum/action_rate_weight: -0.8000
                   Curriculum/com_range: 0.0030
              Curriculum/head_com_range: 0.0030
           Episode_Termination/time_out: 6.7500
          Episode_Termination/fell_over: 0.2500
Episode_Termination/out_of_terrain_bounds: 0.0000
          Episode_Termination/nan_state: 0.0000
          Metrics/angular_momentum_mean: 0.0037
--------------------------------------------------------------------------------
                         Iteration time: 2.87s
                           Time elapsed: 00:22:00
                                    ETA: 00:28:00

################################################################################
[1m                          Learning iteration 440/1000                           [0m 

                               Run name: dynamic-gate-4096x1000-20260901
                            Total steps: 43352064 
                       Steps per second: 29723 
                        Collection time: 3.098s 
                          Learning time: 0.209s 
                        Mean value loss: 0.1380
                    Mean surrogate loss: -0.0026
                      Mean entropy loss: -2.4720
                            Mean reward: 243.42
                    Mean episode length: 942.05
                        Mean action std: 0.20
                 Episode_Reward/upright: 1.8443
            Episode_Reward/body_ang_vel: -0.0617
        Episode_Reward/angular_momentum: -0.0000
          Episode_Reward/action_rate_l2: -1.2226
       Episode_Reward/crouch_glide_pose: 4.6830
    Episode_Reward/crouch_glide_pose_l1: -0.3323
           Episode_Reward/forward_speed: 1.8222
  Episode_Reward/forward_speed_tracking: 5.1328
            Episode_Reward/heading_hold: 0.4114
     Episode_Reward/crouch_forward_lean: 0.3685
               Episode_Reward/feet_flat: -0.0638
         Episode_Reward/self_collisions: -0.0029
     Episode_Reward/neck_action_rate_l2: -0.1364
        Episode_Reward/joint_torques_l2: -0.0005
        Episode_Metrics/mean_action_acc: 0.3782
          Curriculum/action_rate_weight: -0.8000
                   Curriculum/com_range: 0.0030
              Curriculum/head_com_range: 0.0030
           Episode_Termination/time_out: 7.2500
          Episode_Termination/fell_over: 0.4167
Episode_Termination/out_of_terrain_bounds: 0.0000
          Episode_Termination/nan_state: 0.0000
          Metrics/angular_momentum_mean: 0.0037
--------------------------------------------------------------------------------
                         Iteration time: 3.31s
                           Time elapsed: 00:22:03
                                    ETA: 00:27:58

################################################################################
[1m                          Learning iteration 441/1000                           [0m 

                               Run name: dynamic-gate-4096x1000-20260901
                            Total steps: 43450368 
                       Steps per second: 32851 
                        Collection time: 2.754s 
                          Learning time: 0.238s 
                        Mean value loss: 0.2574
                    Mean surrogate loss: -0.0026
                      Mean entropy loss: -2.4540
                            Mean reward: 238.60
                    Mean episode length: 923.49
                        Mean action std: 0.20
                 Episode_Reward/upright: 1.8184
            Episode_Reward/body_ang_vel: -0.0619
        Episode_Reward/angular_momentum: -0.0000
          Episode_Reward/action_rate_l2: -1.2100
       Episode_Reward/crouch_glide_pose: 4.6340
    Episode_Reward/crouch_glide_pose_l1: -0.3291
           Episode_Reward/forward_speed: 1.8033
  Episode_Reward/forward_speed_tracking: 5.0657
            Episode_Reward/heading_hold: 0.3792
     Episode_Reward/crouch_forward_lean: 0.3701
               Episode_Reward/feet_flat: -0.0638
         Episode_Reward/self_collisions: -0.0028
     Episode_Reward/neck_action_rate_l2: -0.1353
        Episode_Reward/joint_torques_l2: -0.0005
        Episode_Metrics/mean_action_acc: 0.3792
          Curriculum/action_rate_weight: -0.8000
                   Curriculum/com_range: 0.0030
              Curriculum/head_com_range: 0.0030
           Episode_Termination/time_out: 4.3750
          Episode_Termination/fell_over: 0.3333
Episode_Termination/out_of_terrain_bounds: 0.0000
          Episode_Termination/nan_state: 0.0000
          Metrics/angular_momentum_mean: 0.0036
--------------------------------------------------------------------------------
                         Iteration time: 2.99s
                           Time elapsed: 00:22:06
                                    ETA: 00:27:54

################################################################################
[1m                          Learning iteration 442/1000                           [0m 

                               Run name: dynamic-gate-4096x1000-20260901
                            Total steps: 43548672 
                       Steps per second: 33073 
                        Collection time: 2.779s 
                          Learning time: 0.193s 
                        Mean value loss: 0.2511
                    Mean surrogate loss: -0.0030
                      Mean entropy loss: -2.3968
                            Mean reward: 237.64
                    Mean episode length: 922.48
                        Mean action std: 0.20
                 Episode_Reward/upright: 1.7767
            Episode_Reward/body_ang_vel: -0.0626
        Episode_Reward/angular_momentum: -0.0000
          Episode_Reward/action_rate_l2: -1.1811
       Episode_Reward/crouch_glide_pose: 4.5014
    Episode_Reward/crouch_glide_pose_l1: -0.3219
           Episode_Reward/forward_speed: 1.7546
  Episode_Reward/forward_speed_tracking: 4.9283
            Episode_Reward/heading_hold: 0.3606
     Episode_Reward/crouch_forward_lean: 0.3468
               Episode_Reward/feet_flat: -0.0644
         Episode_Reward/self_collisions: -0.0042
     Episode_Reward/neck_action_rate_l2: -0.1329
        Episode_Reward/joint_torques_l2: -0.0005
        Episode_Metrics/mean_action_acc: 0.3801
          Curriculum/action_rate_weight: -0.8000
                   Curriculum/com_range: 0.0030
              Curriculum/head_com_range: 0.0030
           Episode_Termination/time_out: 4.1667
          Episode_Termination/fell_over: 0.4167
Episode_Termination/out_of_terrain_bounds: 0.0000
          Episode_Termination/nan_state: 0.0000
          Metrics/angular_momentum_mean: 0.0037
--------------------------------------------------------------------------------
                         Iteration time: 2.97s
                           Time elapsed: 00:22:09
                                    ETA: 00:27:51

